

-- add a guest user
    insert into tbl_user_info (user_id, user_name, password, phone, email, gender, is_allowed, kind, create_time, update_time)
    values('de3565b1-a7c2-42b9-b281-3f032af29ff7', 'guest',
    '59756fda85ebddee6024d5cc0e6edcde3226693257a9c1eb662c56426b8a4f232b3d56c321adbd91', '13800000000', '13800000000@lnjoying.com', 1, true, 0, now(), now())
    ON CONFLICT(user_id) do nothing;

-- add a admin user
    insert into tbl_user_info (user_id, user_name, password, phone, email, gender, is_allowed, kind, status, create_time, update_time)
    values('39937079-99fe-4cd8-881f-04ca8c4fe09d', 'admin',
    '7428f090a330a8e6978e5e975eef49a78e468bdd509aa599ca00afd61a7fc4420c9a530f3fa27e1c', '13800000001', '13800000001@lnjoying.com', 1, true, 0, 1, now(), now())
    ON CONFLICT(user_id) do nothing;


INSERT INTO "public"."tbl_iam_role" ("role_id", "platform", "role", "project_id", "description", "role_type", "bp_id", "user_id", "create_time", "update_time") VALUES (102, 'ALL', 'TENANT_ADMIN', NULL, '组织管理员', 1, NULL, NULL, '2023-03-10 11:39:54.9445+08', '2023-03-10 11:39:54.9445+08');
INSERT INTO "public"."tbl_iam_role" ("role_id", "platform", "role", "project_id", "description", "role_type", "bp_id", "user_id", "create_time", "update_time") VALUES (103, 'ALL', 'ADMIN', NULL, '系统管理员', 1, NULL, NULL, '2023-03-10 11:39:54.9445+08', '2023-03-10 11:39:54.9445+08');
INSERT INTO "public"."tbl_iam_role" ("role_id", "platform", "role", "project_id", "description", "role_type", "bp_id", "user_id", "create_time", "update_time") VALUES (101, 'ALL', 'TENANT', NULL, 'iam用户', 1, NULL, NULL, '2023-03-10 11:39:54.9445+08', '2023-03-10 11:39:54.9445+08');
INSERT INTO "public"."tbl_iam_role" ("role_id", "platform", "role", "project_id", "description", "role_type", "bp_id", "user_id", "create_time", "update_time") VALUES (119, NULL, 'CONTAINER_MANAGER', NULL, '边缘容器管理者角色，可以操作边缘的节点并部署容器和应用。', 2, NULL, NULL, '2023-05-22 10:47:12.095+08', '2023-05-22 10:48:15.406+08');
INSERT INTO "public"."tbl_iam_role" ("role_id", "platform", "role", "project_id", "description", "role_type", "bp_id", "user_id", "create_time", "update_time") VALUES (121, NULL, 'CLUSTER_MANAGER', NULL, '集群管理者角色，可以管理k8s、k3s集群，并在集群上部署helm应用。', 2, NULL, NULL, '2023-05-22 10:52:31.884+08', '2023-05-22 10:52:31.884+08');
INSERT INTO "public"."tbl_iam_role" ("role_id", "platform", "role", "project_id", "description", "role_type", "bp_id", "user_id", "create_time", "update_time") VALUES (120, NULL, 'MUlTI_CLOUD_MANAGER', NULL, '多云管理者角色，可以管理多个边缘云。', 2, NULL, NULL, '2023-05-22 10:50:08.929+08', '2023-05-22 10:52:40.984+08');


INSERT INTO "public"."tbl_iam_policy" ("id", "name", "description", "display_name", "policy_type", "is_autogen", "default_version", "attachment_count", "is_attachable", "tags", "arn", "create_time", "update_time", "bp_id", "user_id", "is_base") VALUES ('c50acd3fdec84edca9a68a7375d41afc', 'CisReadOnlyAccess', '容器服务只读权限', '容器服务只读权限', 1, 'f', 'v2', 22, 't', NULL, NULL, '2023-04-14 20:25:07.774+08', '2023-04-18 15:37:21.38+08', NULL, '39937079-99fe-4cd8-881f-04ca8c4fe09d', 'f');
INSERT INTO "public"."tbl_iam_policy" ("id", "name", "description", "display_name", "policy_type", "is_autogen", "default_version", "attachment_count", "is_attachable", "tags", "arn", "create_time", "update_time", "bp_id", "user_id", "is_base") VALUES ('9aaaf279c3714949828d66ef5548907e', 'EcrmReadOnlyAccess', '节点服务只读权限', '节点服务只读权限', 1, 'f', 'v1', 6, 't', NULL, NULL, '2023-04-14 20:39:21.639+08', '2023-04-14 20:39:21.639+08', NULL, '39937079-99fe-4cd8-881f-04ca8c4fe09d', 'f');
INSERT INTO "public"."tbl_iam_policy" ("id", "name", "description", "display_name", "policy_type", "is_autogen", "default_version", "attachment_count", "is_attachable", "tags", "arn", "create_time", "update_time", "bp_id", "user_id", "is_base") VALUES ('06c37abf2e6e4d4c9d3130d7ea7d8ae3', 'IamFullAccess', 'iam模块的任意操作', 'iam系统所有操作', 1, 'f', 'v6', 16, 't', NULL, NULL, '2023-04-06 15:14:00.927+08', '2023-04-18 15:39:57.584+08', NULL, '39937079-99fe-4cd8-881f-04ca8c4fe09d', 'f');
INSERT INTO "public"."tbl_iam_policy" ("id", "name", "description", "display_name", "policy_type", "is_autogen", "default_version", "attachment_count", "is_attachable", "tags", "arn", "create_time", "update_time", "bp_id", "user_id", "is_base") VALUES ('70275c078b5e401292dcfd4f7fec80e6', 'SysFullAccess', '系统配置服务所有权限', '系统配置服务所有权限', 1, 'f', 'v1', 10, 't', NULL, NULL, '2023-04-14 20:29:37.212+08', '2023-04-14 20:30:00.286+08', NULL, '39937079-99fe-4cd8-881f-04ca8c4fe09d', 'f');
INSERT INTO "public"."tbl_iam_policy" ("id", "name", "description", "display_name", "policy_type", "is_autogen", "default_version", "attachment_count", "is_attachable", "tags", "arn", "create_time", "update_time", "bp_id", "user_id", "is_base") VALUES ('4daba9fdf6104b38b373952410b09965', 'StatReadOnlyAccess', '统计服务只读权限', '统计服务只读权限', 1, 'f', 'v1', 44, 't', NULL, NULL, '2023-04-14 20:42:11.871+08', '2023-04-14 20:42:11.871+08', NULL, '39937079-99fe-4cd8-881f-04ca8c4fe09d', 'f');
INSERT INTO "public"."tbl_iam_policy" ("id", "name", "description", "display_name", "policy_type", "is_autogen", "default_version", "attachment_count", "is_attachable", "tags", "arn", "create_time", "update_time", "bp_id", "user_id", "is_base") VALUES ('d7750459223042cdbd08fcc2072327ba', 'ClsFullAccess', '集群服务所有权限', '集群服务所有权限', 1, 'f', 'v1', 63, 't', NULL, NULL, '2023-04-14 20:50:11.925+08', '2023-04-14 20:50:11.925+08', NULL, '39937079-99fe-4cd8-881f-04ca8c4fe09d', 'f');
INSERT INTO "public"."tbl_iam_policy" ("id", "name", "description", "display_name", "policy_type", "is_autogen", "default_version", "attachment_count", "is_attachable", "tags", "arn", "create_time", "update_time", "bp_id", "user_id", "is_base") VALUES ('e825d8969dab4040acd51dfb3461f230', 'StatFullAccess', '统计服务所有权限', '统计服务所有权限', 1, 'f', 'v1', 32, 't', NULL, NULL, '2023-04-14 20:41:07.94+08', '2023-04-14 20:41:07.94+08', NULL, '39937079-99fe-4cd8-881f-04ca8c4fe09d', 'f');
INSERT INTO "public"."tbl_iam_policy" ("id", "name", "description", "display_name", "policy_type", "is_autogen", "default_version", "attachment_count", "is_attachable", "tags", "arn", "create_time", "update_time", "bp_id", "user_id", "is_base") VALUES ('5ffda5882b2946bea5b069f7265213fa', 'iam-base-policy', 'base policies for system', NULL, 1, 't', 'v1', 0, 'f', NULL, NULL, '2023-04-23 21:02:41.803+08', '2023-04-23 21:02:41.803+08', NULL, NULL, 't');
INSERT INTO "public"."tbl_iam_policy" ("id", "name", "description", "display_name", "policy_type", "is_autogen", "default_version", "attachment_count", "is_attachable", "tags", "arn", "create_time", "update_time", "bp_id", "user_id", "is_base") VALUES ('0e198a1430754d5087adfe97de647e41', 'ClsReadOnlyAccess', '集群服务只读权限', '集群服务只读权限', 1, 'f', 'v1', 60, 't', NULL, NULL, '2023-04-14 20:52:20.596+08', '2023-04-14 20:52:20.596+08', NULL, '39937079-99fe-4cd8-881f-04ca8c4fe09d', 'f');
INSERT INTO "public"."tbl_iam_policy" ("id", "name", "description", "display_name", "policy_type", "is_autogen", "default_version", "attachment_count", "is_attachable", "tags", "arn", "create_time", "update_time", "bp_id", "user_id", "is_base") VALUES ('a9db49b87a6442a28db589085f2bab9b', 'CmpBpUserAccess', '多云服务组织用户权限', '多云服务组织用户权限', 1, 'f', 'v1', 21, 't', NULL, NULL, '2023-04-24 10:12:21.763+08', '2023-04-24 10:12:21.763+08', NULL, '39937079-99fe-4cd8-881f-04ca8c4fe09d', 'f');
INSERT INTO "public"."tbl_iam_policy" ("id", "name", "description", "display_name", "policy_type", "is_autogen", "default_version", "attachment_count", "is_attachable", "tags", "arn", "create_time", "update_time", "bp_id", "user_id", "is_base") VALUES ('148f07e18e9b44deab83e5be42084f3e', 'ImsReadOnlyAccess', '仅只读权限', '镜像服务只读权限', 1, 'f', 'v1', 0, 'f', NULL, NULL, '2023-04-12 21:04:48.003+08', '2023-04-13 09:45:50.447+08', NULL, '39937079-99fe-4cd8-881f-04ca8c4fe09d', 'f');
INSERT INTO "public"."tbl_iam_policy" ("id", "name", "description", "display_name", "policy_type", "is_autogen", "default_version", "attachment_count", "is_attachable", "tags", "arn", "create_time", "update_time", "bp_id", "user_id", "is_base") VALUES ('7c796131973b418a92c098d18337c8a8', 'ImsFullAccess', '镜像服务所有权限', '镜像服务所有权限', 1, 'f', 'v2', 16, 't', NULL, NULL, '2023-04-12 21:12:39.227+08', '2023-04-18 15:38:44.328+08', NULL, '39937079-99fe-4cd8-881f-04ca8c4fe09d', 'f');
INSERT INTO "public"."tbl_iam_policy" ("id", "name", "description", "display_name", "policy_type", "is_autogen", "default_version", "attachment_count", "is_attachable", "tags", "arn", "create_time", "update_time", "bp_id", "user_id", "is_base") VALUES ('3ca23a2c57574e2eb2ed7803261f0cc8', 'CmpReadOnlyAccess', '多云服务只读权限', '多云服务只读权限', 1, 'f', 'v1', 19, 't', NULL, NULL, '2023-04-24 10:10:16.894+08', '2023-04-24 10:12:47.374+08', NULL, '39937079-99fe-4cd8-881f-04ca8c4fe09d', 'f');
INSERT INTO "public"."tbl_iam_policy" ("id", "name", "description", "display_name", "policy_type", "is_autogen", "default_version", "attachment_count", "is_attachable", "tags", "arn", "create_time", "update_time", "bp_id", "user_id", "is_base") VALUES ('ff1a20a3efad4a518ea4d3515088ead8', 'EcrmFullAccess', '节点服务所有权限', '节点服务所有权限', 1, 'f', 'v1', 7, 't', NULL, NULL, '2023-04-14 20:37:17.218+08', '2023-04-14 20:37:33.903+08', NULL, '39937079-99fe-4cd8-881f-04ca8c4fe09d', 'f');
INSERT INTO "public"."tbl_iam_policy" ("id", "name", "description", "display_name", "policy_type", "is_autogen", "default_version", "attachment_count", "is_attachable", "tags", "arn", "create_time", "update_time", "bp_id", "user_id", "is_base") VALUES ('c4d6f09bb6d34846acdf6131fc52e7b4', 'AosReadOnlyAccess', '应用服务只读权限', '应用服务只读权限', 1, 'f', 'v1', 6, 't', NULL, NULL, '2023-04-14 20:28:20.853+08', '2023-04-14 20:28:20.853+08', NULL, '39937079-99fe-4cd8-881f-04ca8c4fe09d', 'f');
INSERT INTO "public"."tbl_iam_policy" ("id", "name", "description", "display_name", "policy_type", "is_autogen", "default_version", "attachment_count", "is_attachable", "tags", "arn", "create_time", "update_time", "bp_id", "user_id", "is_base") VALUES ('35a9aedef6684bc3bf7addb89529a574', 'IamReadOnlyAccess', '只支持iam模块的读操作', 'iam所有只读权限', 1, 'f', 'v1', 2, 't', NULL, NULL, '2023-04-06 15:56:18.232+08', '2023-04-14 20:56:13.796+08', NULL, '39937079-99fe-4cd8-881f-04ca8c4fe09d', 'f');
INSERT INTO "public"."tbl_iam_policy" ("id", "name", "description", "display_name", "policy_type", "is_autogen", "default_version", "attachment_count", "is_attachable", "tags", "arn", "create_time", "update_time", "bp_id", "user_id", "is_base") VALUES ('541204d7fdd0458ebc698a3aa7934be7', 'ImsOnlyAdminAccess', '只允许管理员使用的权限，需要配置到组织用户。', '镜像服务组织用户禁用权限(边界)', 1, 'f', 'v3', 3, 't', NULL, NULL, '2023-04-13 10:26:44.347+08', '2023-04-21 19:44:35.431+08', NULL, '39937079-99fe-4cd8-881f-04ca8c4fe09d', 'f');
INSERT INTO "public"."tbl_iam_policy" ("id", "name", "description", "display_name", "policy_type", "is_autogen", "default_version", "attachment_count", "is_attachable", "tags", "arn", "create_time", "update_time", "bp_id", "user_id", "is_base") VALUES ('96c75c0f569143e19b0310a893f2c404', 'ImsRegistryAllAccess', '镜像库管理，只有系统管理员可以管理镜像库。', '镜像库管理策略', 1, 'f', 'v4', 1, 't', NULL, NULL, '2023-04-12 20:45:36.794+08', '2023-04-21 19:47:32.889+08', NULL, '39937079-99fe-4cd8-881f-04ca8c4fe09d', 'f');
INSERT INTO "public"."tbl_iam_policy" ("id", "name", "description", "display_name", "policy_type", "is_autogen", "default_version", "attachment_count", "is_attachable", "tags", "arn", "create_time", "update_time", "bp_id", "user_id", "is_base") VALUES ('4ab45b4573ce4b96b582fb049400e0a8', 'AosFullAccess', '应用服务所有权限', '应用服务所有权限', 1, 'f', 'v1', 10, 't', NULL, NULL, '2023-04-14 20:26:44.529+08', '2023-04-14 20:26:44.529+08', NULL, '39937079-99fe-4cd8-881f-04ca8c4fe09d', 'f');
INSERT INTO "public"."tbl_iam_policy" ("id", "name", "description", "display_name", "policy_type", "is_autogen", "default_version", "attachment_count", "is_attachable", "tags", "arn", "create_time", "update_time", "bp_id", "user_id", "is_base") VALUES ('d1bb7fe1312f46cfa5a1c9185f8a6d37', 'IamFullAccess', '容器服务所有权限', '容器服务所有权限', 1, 'f', 'v2', 20, 't', NULL, NULL, '2023-04-14 20:17:57.682+08', '2023-04-18 15:38:01.857+08', NULL, '39937079-99fe-4cd8-881f-04ca8c4fe09d', 'f');
INSERT INTO "public"."tbl_iam_policy" ("id", "name", "description", "display_name", "policy_type", "is_autogen", "default_version", "attachment_count", "is_attachable", "tags","arn", "create_time", "update_time", "bp_id", "user_id", "is_base") VALUES ('81ce3af5bfb5429cb917dfe344900b27', 'SysReadOnlyAccess', '系统配置服务只读权限', '系统配置服务只读权限', 1, 'f', 'v1', 10, 't', NULL, NULL, '2023-04-14 20:35:05.818+08', '2023-04-14 20:35:05.818+08', NULL, '39937079-99fe-4cd8-881f-04ca8c4fe09d', 'f');
INSERT INTO "public"."tbl_iam_policy" ("id", "name", "description", "display_name", "policy_type", "is_autogen", "default_version", "attachment_count", "is_attachable", "tags", "arn", "create_time", "update_time", "bp_id", "user_id", "is_base") VALUES ('8a8e9d9bfa0b4ae5ace09c7f2123826a', 'IAM_BASE_ACCESS', 'IAM用户基本权限', 'IAM用户基本权限', 1, 'f', 'v1', 1, 't', NULL, NULL, '2023-05-22 20:44:19.977+08', '2023-05-22 20:44:19.977+08', NULL, '39937079-99fe-4cd8-881f-04ca8c4fe09d', 'f');
INSERT INTO "public"."tbl_iam_policy" ("id", "name", "description", "display_name", "policy_type", "is_autogen", "default_version", "attachment_count", "is_attachable", "tags", "arn", "create_time", "update_time", "bp_id", "user_id", "is_base") VALUES ('04efa7dc98bb41debc0a442265851aa7', 's-iLE6M.', '只允许添加项目', '只允许添加项目', 1, 'f', 'v1', 1, 't', NULL, NULL, '2023-05-22 19:32:49.266+08', '2023-05-22 20:05:59.795+08', NULL, '39937079-99fe-4cd8-881f-04ca8c4fe09d', 'f');
INSERT INTO "public"."tbl_iam_policy" ("id", "name", "description", "display_name", "policy_type", "is_autogen", "default_version", "attachment_count", "is_attachable", "tags", "arn", "create_time", "update_time", "bp_id", "user_id", "is_base") VALUES ('a8fcb2a0022147e6bebd6fd404c4e290', 'c-_EVhCr', '边界策略，bp之间隔离', '边界策略之bp隔离', 1, 'f', 'v1', 4, 't', NULL, NULL, '2023-05-17 20:37:36.849+08', '2023-05-22 15:17:39.105+08', NULL, '39937079-99fe-4cd8-881f-04ca8c4fe09d', 'f');
INSERT INTO "public"."tbl_iam_policy" ("id", "name", "description", "display_name", "policy_type", "is_autogen", "default_version", "attachment_count", "is_attachable", "tags", "arn", "create_time", "update_time", "bp_id", "user_id", "is_base") VALUES ('91b8979cdedf4dd691bfe1311af09ed6', 's-kjF_K6', 'IAM用户和组织', 'IAM用户和组织列表', 1, 'f', 'v1', 1, 't', NULL, NULL, '2023-05-26 16:49:07.638+08', '2023-05-26 16:49:17.58+08', NULL, '39937079-99fe-4cd8-881f-04ca8c4fe09d', 'f');
INSERT INTO "public"."tbl_iam_policy" ("id", "name", "description", "display_name", "policy_type", "is_autogen", "default_version", "attachment_count", "is_attachable", "tags", "arn", "create_time", "update_time", "bp_id", "user_id", "is_base") VALUES ('bdca21ea834a41cc84c830ab17df025c', 's-TgkFFK', '计费服务所有权限', '计费服务所有权限', 1, 'f', 'v1', 1, 't', NULL, NULL, '2023-07-06 20:53:30.362+08', '2023-07-06 20:53:30.362+08', NULL, '39937079-99fe-4cd8-881f-04ca8c4fe09d', 'f');
INSERT INTO "public"."tbl_iam_policy" ("id", "name", "description", "display_name", "policy_type", "is_autogen", "default_version", "attachment_count", "is_attachable", "tags", "arn", "create_time", "update_time", "bp_id", "user_id", "is_base") VALUES ('1ab58464a62545e3a1fc5bb034bb1342', 's-2U_Wv4', '计费服务只读权限', '计费服务只读权限', 1, 'f', 'v1', 0, 'f', NULL, NULL, '2023-08-23 15:55:47.316+08', '2023-08-23 15:55:47.316+08', NULL, '39937079-99fe-4cd8-881f-04ca8c4fe09d', 'f');
INSERT INTO "public"."tbl_iam_policy" ("id", "name", "description", "display_name", "policy_type", "is_autogen", "default_version", "attachment_count", "is_attachable", "tags", "arn", "create_time", "update_time", "bp_id", "user_id", "is_base") VALUES ('db4f61e3f12a456d942f12a9056f6647', 's-LfzUP6', '计费服务组织用户权限', '计费服务组织用户权限', 1, 'f', 'v2', 1, 't', NULL, NULL, '2023-09-19 19:11:08.086+08', '2023-09-19 19:18:10.565+08', NULL, '39937079-99fe-4cd8-881f-04ca8c4fe09d', 'f');
INSERT INTO "public"."tbl_iam_policy" ("id", "name", "description", "display_name", "policy_type", "is_autogen", "default_version", "attachment_count", "is_attachable", "tags", "arn", "create_time", "update_time", "bp_id", "user_id", "is_base") VALUES ('ac66fb2f414b4925b9ba56ee1672ffc1', 's-CH8Xzk', '运维监控服务所有权限', '运维监控服务所有权限', 1, 'f', 'v1', 1, 't', NULL, NULL, '2023-11-03 20:48:47.663+08', '2023-11-03 20:48:47.663+08', NULL, '39937079-99fe-4cd8-881f-04ca8c4fe09d', 'f');
INSERT INTO "public"."tbl_iam_policy" ("id", "name", "description", "display_name", "policy_type", "is_autogen", "default_version", "attachment_count", "is_attachable", "tags", "arn", "create_time", "update_time", "bp_id", "user_id", "is_base") VALUES ('6a1aa8f873e144a5bf098e89682000ce', 's-q6fINT', '运维监控只读权限', '运维监控只读权限', 1, 'f', 'v1', 0, 'f', NULL, NULL, '2023-11-17 17:34:07.797+08', '2023-11-17 17:34:07.797+08', NULL, '39937079-99fe-4cd8-881f-04ca8c4fe09d', 'f');
INSERT INTO "public"."tbl_iam_policy" ("id", "name", "description", "display_name", "policy_type", "is_autogen", "default_version", "attachment_count", "is_attachable", "tags", "arn", "create_time", "update_time", "bp_id", "user_id", "is_base") VALUES ('dfc134e8a5374fc3a9c29ceba5353206', 'ServicemanagerReadOnlyAccess', '服务管理只读权限', '服务管理只读权限', 1, 'f', 'v1', 0, 'f', NULL, NULL, '2024-01-22 15:35:41.613+08', '2024-01-22 15:35:41.613+08', NULL, '39937079-99fe-4cd8-881f-04ca8c4fe09d', 'f');
INSERT INTO "public"."tbl_iam_policy" ("id", "name", "description", "display_name", "policy_type", "is_autogen", "default_version", "attachment_count", "is_attachable", "tags", "arn", "create_time", "update_time", "bp_id", "user_id", "is_base") VALUES ('aa449b09dcd14cecbec61f466dc1f1f4', 'ServicemanagerBpUserAccess', '服务管理组织用户权限', '服务管理组织用户权限', 1, 'f', 'v1', 1, 't', NULL, NULL, '2024-01-22 15:03:43.628+08', '2024-01-22 16:12:33.396+08', NULL, '39937079-99fe-4cd8-881f-04ca8c4fe09d', 'f');


INSERT INTO "public"."tbl_iam_attachment" ("project_id", "project_name", "principal_id", "principal_type", "target_id", "target_type", "description", "id", "attach_time", "bp_id", "user_id") VALUES (NULL, NULL, '102', 3, '06c37abf2e6e4d4c9d3130d7ea7d8ae3', 1, NULL, '54536c3c783d4d398d8a1f0bf6052390', '2023-04-24 20:54:16.948433+08', NULL, NULL);
INSERT INTO "public"."tbl_iam_attachment" ("project_id", "project_name", "principal_id", "principal_type", "target_id", "target_type", "description", "id", "attach_time", "bp_id", "user_id") VALUES (NULL, NULL, '102', 3, 'a9db49b87a6442a28db589085f2bab9b', 1, NULL, '8c20e88931924a288a11682c0f15798a', '2023-04-24 20:54:44.687342+08', NULL, NULL);
INSERT INTO "public"."tbl_iam_attachment" ("project_id", "project_name", "principal_id", "principal_type", "target_id", "target_type", "description", "id", "attach_time", "bp_id", "user_id") VALUES (NULL, NULL, '102', 3, 'd1bb7fe1312f46cfa5a1c9185f8a6d37', 1, NULL, '09bae5a3e3fb43cc968097023081a917', '2023-04-20 14:32:08.659887+08', NULL, NULL);
INSERT INTO "public"."tbl_iam_attachment" ("project_id", "project_name", "principal_id", "principal_type", "target_id", "target_type", "description", "id", "attach_time", "bp_id", "user_id") VALUES (NULL, NULL, '102', 3, '4ab45b4573ce4b96b582fb049400e0a8', 1, NULL, '08b741757ee84265910225200e19c4aa', '2023-04-20 14:32:08.690589+08', NULL, NULL);
INSERT INTO "public"."tbl_iam_attachment" ("project_id", "project_name", "principal_id", "principal_type", "target_id", "target_type", "description", "id", "attach_time", "bp_id", "user_id") VALUES (NULL, NULL, '102', 3, 'e825d8969dab4040acd51dfb3461f230', 1, NULL, 'b1333e6aee464795b90ac8cddadcddc9', '2023-04-20 14:32:08.701263+08', NULL, NULL);
INSERT INTO "public"."tbl_iam_attachment" ("project_id", "project_name", "principal_id", "principal_type", "target_id", "target_type", "description", "id", "attach_time", "bp_id", "user_id") VALUES (NULL, NULL, '102', 3, '7c796131973b418a92c098d18337c8a8', 1, NULL, 'c0733f299ff849268d5ee3c84d28bc42', '2023-04-20 14:32:08.701345+08', NULL, NULL);
INSERT INTO "public"."tbl_iam_attachment" ("project_id", "project_name", "principal_id", "principal_type", "target_id", "target_type", "description", "id", "attach_time", "bp_id", "user_id") VALUES (NULL, NULL, '102', 3, '70275c078b5e401292dcfd4f7fec80e6', 1, NULL, '567e28b30d8d44628f5ee2c134704c9d', '2023-04-20 14:32:08.701393+08', NULL, NULL);
INSERT INTO "public"."tbl_iam_attachment" ("project_id", "project_name", "principal_id", "principal_type", "target_id", "target_type", "description", "id", "attach_time", "bp_id", "user_id") VALUES (NULL, NULL, '102', 3, 'ff1a20a3efad4a518ea4d3515088ead8', 1, NULL, '6a7e3219d47f4068848e6844b4be5159', '2023-04-20 14:32:08.701496+08', NULL, NULL);
INSERT INTO "public"."tbl_iam_attachment" ("project_id", "project_name", "principal_id", "principal_type", "target_id", "target_type", "description", "id", "attach_time", "bp_id", "user_id") VALUES (NULL, NULL, '102', 3, 'd7750459223042cdbd08fcc2072327ba', 1, NULL, 'fcd0d2fa97dc4afbaf3bf61f5dcfb0ea', '2023-04-20 14:32:08.70256+08', NULL, NULL);
INSERT INTO "public"."tbl_iam_attachment" ("project_id", "project_name", "principal_id", "principal_type", "target_id", "target_type", "description", "id", "attach_time", "bp_id", "user_id") VALUES (NULL, NULL, '102', 3, 'a8fcb2a0022147e6bebd6fd404c4e290', 1, NULL, 'fb453dd9fa644963804563e6215a3f98', '2023-05-23 10:02:18.414623+08', NULL, NULL);
INSERT INTO "public"."tbl_iam_attachment" ("project_id", "project_name", "principal_id", "principal_type", "target_id", "target_type", "description", "id", "attach_time", "bp_id", "user_id") VALUES (NULL, NULL, '101', 3, 'a8fcb2a0022147e6bebd6fd404c4e290', 1, NULL, '98df36a95a0c46159a39da7ba29f2626', '2023-05-23 10:03:55.206767+08', NULL, NULL);
INSERT INTO "public"."tbl_iam_attachment" ("project_id", "project_name", "principal_id", "principal_type", "target_id", "target_type", "description", "id", "attach_time", "bp_id", "user_id") VALUES (NULL, NULL, '101', 3, '8a8e9d9bfa0b4ae5ace09c7f2123826a', 1, NULL, '26f13fe530ab48c1bab1980f54880507', '2023-05-22 20:44:39.217622+08', NULL, NULL);
INSERT INTO "public"."tbl_iam_attachment" ("project_id", "project_name", "principal_id", "principal_type", "target_id", "target_type", "description", "id", "attach_time", "bp_id", "user_id") VALUES (NULL, NULL, '119', 3, '4ab45b4573ce4b96b582fb049400e0a8', 1, NULL, '70f20453caa144b1ad8ac9512cf39d0e', '2023-05-22 10:47:12.302048+08', NULL, NULL);
INSERT INTO "public"."tbl_iam_attachment" ("project_id", "project_name", "principal_id", "principal_type", "target_id", "target_type", "description", "id", "attach_time", "bp_id", "user_id") VALUES (NULL, NULL, '119', 3, 'e825d8969dab4040acd51dfb3461f230', 1, NULL, '8bb6db267f784affbd81dd31e0639bdb', '2023-05-22 10:47:12.336005+08', NULL, NULL);
INSERT INTO "public"."tbl_iam_attachment" ("project_id", "project_name", "principal_id", "principal_type", "target_id", "target_type", "description", "id", "attach_time", "bp_id", "user_id") VALUES (NULL, NULL, '119', 3, 'ff1a20a3efad4a518ea4d3515088ead8', 1, NULL, 'e75d7589620443419dc2d752d20a67be', '2023-05-22 10:47:12.343273+08', NULL, NULL);
INSERT INTO "public"."tbl_iam_attachment" ("project_id", "project_name", "principal_id", "principal_type", "target_id", "target_type", "description", "id", "attach_time", "bp_id", "user_id") VALUES (NULL, NULL, '119', 3, '7c796131973b418a92c098d18337c8a8', 1, NULL, 'd33cdc6edd954e0eb032511a7e6333c4', '2023-05-22 10:47:12.343515+08', NULL, NULL);
INSERT INTO "public"."tbl_iam_attachment" ("project_id", "project_name", "principal_id", "principal_type", "target_id", "target_type", "description", "id", "attach_time", "bp_id", "user_id") VALUES (NULL, NULL, '119', 3, 'd1bb7fe1312f46cfa5a1c9185f8a6d37', 1, NULL, 'afd73c7c119043bf8555aeaf7c2fa634', '2023-05-22 10:47:12.344131+08', NULL, NULL);
INSERT INTO "public"."tbl_iam_attachment" ("project_id", "project_name", "principal_id", "principal_type", "target_id", "target_type", "description", "id", "attach_time", "bp_id", "user_id") VALUES (NULL, NULL, '119', 3, '70275c078b5e401292dcfd4f7fec80e6', 1, NULL, 'fe964bc7ec75434fb8662f067369032d', '2023-05-22 10:47:12.344262+08', NULL, NULL);
INSERT INTO "public"."tbl_iam_attachment" ("project_id", "project_name", "principal_id", "principal_type", "target_id", "target_type", "description", "id", "attach_time", "bp_id", "user_id") VALUES (NULL, NULL, '120', 3, '4daba9fdf6104b38b373952410b09965', 1, NULL, 'd93be08b0fc544ec8afc82e8cc1c3ddb', '2023-05-22 10:50:09.042667+08', NULL, NULL);
INSERT INTO "public"."tbl_iam_attachment" ("project_id", "project_name", "principal_id", "principal_type", "target_id", "target_type", "description", "id", "attach_time", "bp_id", "user_id") VALUES (NULL, NULL, '120', 3, 'a9db49b87a6442a28db589085f2bab9b', 1, NULL, '237aadc560ed4996b1034bbf9e35a7fa', '2023-05-22 10:50:09.062871+08', NULL, NULL);
INSERT INTO "public"."tbl_iam_attachment" ("project_id", "project_name", "principal_id", "principal_type", "target_id", "target_type", "description", "id", "attach_time", "bp_id", "user_id") VALUES (NULL, NULL, '120', 3, 'ff1a20a3efad4a518ea4d3515088ead8', 1, NULL, '983dd3d0345949ee8ba4c1755d6eded0', '2023-05-22 10:50:09.063756+08', NULL, NULL);
INSERT INTO "public"."tbl_iam_attachment" ("project_id", "project_name", "principal_id", "principal_type", "target_id", "target_type", "description", "id", "attach_time", "bp_id", "user_id") VALUES (NULL, NULL, '121', 3, 'e825d8969dab4040acd51dfb3461f230', 1, NULL, '164d9a3d66564062a09e6a26ba3ff78c', '2023-05-22 10:52:32.032292+08', NULL, NULL);
INSERT INTO "public"."tbl_iam_attachment" ("project_id", "project_name", "principal_id", "principal_type", "target_id", "target_type", "description", "id", "attach_time", "bp_id", "user_id") VALUES (NULL, NULL, '121', 3, '7c796131973b418a92c098d18337c8a8', 1, NULL, '7461295b73e94daeb95c51c1ed32fb50', '2023-05-22 10:52:32.064336+08', NULL, NULL);
INSERT INTO "public"."tbl_iam_attachment" ("project_id", "project_name", "principal_id", "principal_type", "target_id", "target_type", "description", "id", "attach_time", "bp_id", "user_id") VALUES (NULL, NULL, '121', 3, 'd7750459223042cdbd08fcc2072327ba', 1, NULL, '90219a9e05b541d1b59cad52148435bf', '2023-05-22 10:52:32.069357+08', NULL, NULL);
INSERT INTO "public"."tbl_iam_attachment" ("project_id", "project_name", "principal_id", "principal_type", "target_id", "target_type", "description", "id", "attach_time", "bp_id", "user_id") VALUES (NULL, NULL, '121', 3, 'ff1a20a3efad4a518ea4d3515088ead8', 1, NULL, 'da1e2c78c11f4e25b7aeb0ac9c9dee93', '2023-05-22 10:52:32.069607+08', NULL, NULL);
INSERT INTO "public"."tbl_iam_attachment" ("project_id", "project_name", "principal_id", "principal_type", "target_id", "target_type", "description", "id", "attach_time", "bp_id", "user_id") VALUES (NULL, NULL, '121', 3, '91b8979cdedf4dd691bfe1311af09ed6', 1, NULL, '188d6ae6e7794080a2a017dfa5acfb38', '2023-05-26 16:50:03.351011+08', NULL, NULL);
INSERT INTO "public"."tbl_iam_attachment" ("project_id", "project_name", "principal_id", "principal_type", "target_id", "target_type", "description", "id", "attach_time", "bp_id", "user_id") VALUES (NULL, NULL, '120', 3, '91b8979cdedf4dd691bfe1311af09ed6', 1, NULL, '0b624abec34944ad885f8052f867da68', '2023-05-26 16:57:00.138155+08', NULL, NULL);
INSERT INTO "public"."tbl_iam_attachment" ("project_id", "project_name", "principal_id", "principal_type", "target_id", "target_type", "description", "id", "attach_time", "bp_id", "user_id") VALUES (NULL, NULL, '119', 3, '91b8979cdedf4dd691bfe1311af09ed6', 1, NULL, '15e41b93ae2a447ab4cfb0773ff7327d', '2023-05-26 16:57:10.427925+08', NULL, NULL);
INSERT INTO "public"."tbl_iam_attachment" ("project_id", "project_name", "principal_id", "principal_type", "target_id", "target_type", "description", "id", "attach_time", "bp_id", "user_id") VALUES (NULL, NULL, '102', 3, 'db4f61e3f12a456d942f12a9056f6647', 1, NULL, 'fe5512c3ada54826b9723b3f57c13edc', '2023-09-19 19:14:20.652204+08', NULL, null);
INSERT INTO "public"."tbl_iam_attachment" ("project_id", "project_name", "principal_id", "principal_type", "target_id", "target_type", "description", "id", "attach_time", "bp_id", "user_id") VALUES (NULL, NULL, '102', 3, 'ac66fb2f414b4925b9ba56ee1672ffc1', 1, NULL, '34ba3d5f57e34ed284fe22afc7ed6fe7', '2023-11-03 20:50:14.987358+08', NULL, null);
INSERT INTO "public"."tbl_iam_attachment" ("project_id", "project_name", "principal_id", "principal_type", "target_id", "target_type", "description", "id", "attach_time", "bp_id", "user_id") VALUES (NULL, NULL, '102', 3, 'aa449b09dcd14cecbec61f466dc1f1f4', 1, NULL, 'c87824035ab94c8690e149c6a5f7cb3d', '2024-01-22 16:06:44.010796+08', NULL, null);


INSERT INTO "public"."tbl_iam_policy_version" ("policy_id", "version_id", "document", "create_time", "update_time", "description") VALUES ('c50acd3fdec84edca9a68a7375d41afc', 'v2', '{"version":"","type":"rego","statement":[{"package":"","rule":"cGFja2FnZSBsbmpveWluZy5nZW5lcmF0ZWQuY29uZGl0aW9uc2V0LnJ1bGVzCgppbXBvcnQgZnV0dXJlLmtleXdvcmRzLmluCmltcG9ydCBkYXRhLmxuam95aW5nLmdlbmVyYXRlZC5hYmFjLnV0aWxzLmF0dHJpYnV0ZXMKaW1wb3J0IGRhdGEubG5qb3lpbmcuZ2VuZXJhdGVkLmNvbmRpdGlvbnNldAoKCnJ1bGVfX2Npc19yZWFkb25seV9hY2Nlc3NbYWN0aW9uXSB7CgkKCXNvbWUgYWN0aW9uIGluIGNvbmRpdGlvbnNldC5hY3Rpb25zZXRfY2lzX3JlYWRvbmx5X2FjdGlvbnMKIAp9"},{"package":"","rule":"cGFja2FnZSBsbmpveWluZy5nZW5lcmF0ZWQuY29uZGl0aW9uc2V0CgoKaW1wb3J0IGZ1dHVyZS5rZXl3b3Jkcy5pbgppbXBvcnQgZGF0YS5sbmpveWluZy5nZW5lcmF0ZWQuYWJhYy51dGlscy5hdHRyaWJ1dGVzCmltcG9ydCBkYXRhLmxuam95aW5nLmdlbmVyYXRlZC5hYmFjLnV0aWxzLl9tYXRjaGVzX2FjdGlvbnMKCgphY3Rpb25zZXRfY2lzX3JlYWRvbmx5X2FjdGlvbnMgW2FjdGlvbnNdewoKICAgICBhY3Rpb25zIDo9IFsiY2lzOmdldENvbnRhaW5lckRlcGxveUluZm8iLAogICAgICAgICAgICAgICJjaXM6Z2V0Q29udGFpbmVySW5zdE9wZXJMb2dzIiwKICAgICAgICAgICAgICAiY2lzOmdldENvbnRhaW5lcnNCeUNmZyIsCiAgICAgICAgICAgICAgImNpczpnZXRDb250YWluZXJJbnN0SW5mbyIsCiAgICAgICAgICAgICAgImNpczpnZXRDb250YWluZXJJbnN0UnVuTG9ncyIsCiAgICAgICAgICAgICAgImNpczpnZXRDb250YWluZXJJbnN0U3RhdHMiLAogICAgICAgICAgICAgICJjaXM6Z2V0Q29udGFpbmVySW5zdEluZm9zIiwKICAgICAgICAgICAgICAiY2lzOmdldENvbnRhaW5lckRlcGxveUluZm9zIiwKICAgICAgICAgICAgICAiY2lzOmdldENvbnRhaW5lckRlcGxveUluc3RhbmNlc0luZm8iXQogICAgX21hdGNoZXNfYWN0aW9ucyhpbnB1dC5hY3Rpb24sIGFjdGlvbnMpCn0="}]}', '2023-04-14 20:25:07.776+08', '2023-04-18 15:37:21.386+08', '容器服务只读权限');
INSERT INTO "public"."tbl_iam_policy_version" ("policy_id", "version_id", "document", "create_time", "update_time", "description") VALUES ('96c75c0f569143e19b0310a893f2c404', 'v2', '{"version":"","type":"rego","statement":[{"package":"","rule":"cGFja2FnZSBsbmpveWluZy5nZW5lcmF0ZWQuY29uZGl0aW9uc2V0LnJ1bGVzCgppbXBvcnQgZnV0dXJlLmtleXdvcmRzLmluCmltcG9ydCBkYXRhLmxuam95aW5nLgppbXBvcnQgZGF0YS5sbmpveWluZy5nZW5lcmF0ZWQuYWJhYy51dGlscy5hdHRyaWJ1dGVzCmltcG9ydCBkYXRhLmxuam95aW5nLmdlbmVyYXRlZC5jb25kaXRpb25zZXQKCgpydWxlX19pbXNfcmVnaXN0cnlfYWNjZXNzW2FjdGlvbl0gewoJCglzb21lIGFjdGlvbiBpbiBjb25kaXRpb25zZXQuYWN0aW9uc2V0X2ltc19yZWdpc3RyeV9hY3Rpb25zCiAJCn0="},{"package":"","rule":"cGFja2FnZSBsbmpveWluZy5nZW5lcmF0ZWQuY29uZGl0aW9uc2V0CgoKaW1wb3J0IGZ1dHVyZS5rZXl3b3Jkcy5pbgppbXBvcnQgZGF0YS5sbmpveWluZy5nZW5lcmF0ZWQuYWJhYy51dGlscy5hdHRyaWJ1dGVzCmltcG9ydCBkYXRhLmxuam95aW5nLmdlbmVyYXRlZC5hYmFjLnV0aWxzLl9tYXRjaGVzX2FjdGlvbnMKCgphY3Rpb25zZXRfaW1zX3JlZ2lzdHJ5X2FjdGlvbnMgW2FjdGlvbnNdewoKICAgICBhY3Rpb25zIDo9IFsiaW1zOmdldFJlZ2lzdHJ5TGlzdCIiLAogICAgICAgICAgICAgICAgImltczpnZXRSZWdpc3RyeSIsCiAgICAgICAgICAgICAgICAiaW1zOnVwZGF0ZVJlZ2lzdHJ5IiwKICAgICAgICAgICAgICAgICJpbXM6YWRkUmVnaXN0cnkiLAogICAgICAgICAgICAgICAgImltczpkZWxldGVSZWdpc3RyeSIsCiAgICAgICAgICAgICAgICAiaW1zOmFjdGlvbiIsCiAgICAgICAgICAgICAgICAiaW1zOmNoYW5nZVBhc3N3b3JkIiwKICAgICAgICAgICAgICAgICJpbXM6ZGVsZXRlUHJlRG93bmxvYWRzSm9icyIsCiAgICAgICAgICAgICAgICAiaW1zOmdldEFsbFJlZ2lzdHJ5Tm9kZXMiLAogICAgICAgICAgICAgICAgImltczpwcmVEb3dubG9hZCIsCiAgICAgICAgICAgICAgICAiaW1zOnByZURvd25sb2FkcyIsCiAgICAgICAgICAgICAgICAiaW1zOmRlbGV0ZVByZURvd25sb2FkcyJdCiAgICBfbWF0Y2hlc19hY3Rpb25zKGlucHV0LmFjdGlvbiwgYWN0aW9ucykKfQ=="}]}', '2023-04-12 20:45:36.804+08', '2023-04-18 15:39:14.279+08', '镜像库管理，只有系统管理员可以管理镜像库。');
INSERT INTO "public"."tbl_iam_policy_version" ("policy_id", "version_id", "document", "create_time", "update_time", "description") VALUES ('541204d7fdd0458ebc698a3aa7934be7', 'v3', '{"version":"","type":"rego","statement":[{"package":"","rule":"cGFja2FnZSBsbmpveWluZy5nZW5lcmF0ZWQuY29uZGl0aW9uc2V0LnJ1bGVzCgppbXBvcnQgZnV0dXJlLmtleXdvcmRzLmluCmltcG9ydCBkYXRhLmxuam95aW5nLmdlbmVyYXRlZC5hYmFjLnV0aWxzLmF0dHJpYnV0ZXMKaW1wb3J0IGRhdGEubG5qb3lpbmcuZ2VuZXJhdGVkLmNvbmRpdGlvbnNldAoKCnJ1bGVfX2ltc19kZW55X2JwW2FjdGlvbl0gewoJY29uZGl0aW9uc2V0LnJlc291cmNlc2V0X2FkbWluX2tpbmQKCXNvbWUgYWN0aW9uIGluIGNvbmRpdGlvbnNldC5hY3Rpb25zZXRfaW1zX2FsbF9hY3Rpb25zCiAKfQ=="}]}', '2023-04-13 10:26:44.35+08', '2023-04-21 19:44:35.442+08', '只允许管理员使用的权限，需要配置到组织用户。');
INSERT INTO "public"."tbl_iam_policy_version" ("policy_id", "version_id", "document", "create_time", "update_time", "description") VALUES ('96c75c0f569143e19b0310a893f2c404', 'v3', '{"version":"","type":"rego","statement":[{"package":"","rule":"cGFja2FnZSBsbmpveWluZy5nZW5lcmF0ZWQuY29uZGl0aW9uc2V0LnJ1bGVzCgppbXBvcnQgZnV0dXJlLmtleXdvcmRzLmluCmltcG9ydCBkYXRhLmxuam95aW5nLgppbXBvcnQgZGF0YS5sbmpveWluZy5nZW5lcmF0ZWQuYWJhYy51dGlscy5hdHRyaWJ1dGVzCmltcG9ydCBkYXRhLmxuam95aW5nLmdlbmVyYXRlZC5jb25kaXRpb25zZXQKCgpydWxlX19pbXNfcmVnaXN0cnlfYWNjZXNzW2FjdGlvbl0gewoJCglzb21lIGFjdGlvbiBpbiBjb25kaXRpb25zZXQuYWN0aW9uc2V0X2ltc19yZWdpc3RyeV9hY3Rpb25zCiAJCn0="},{"package":"","rule":"cGFja2FnZSBsbmpveWluZy5nZW5lcmF0ZWQuY29uZGl0aW9uc2V0CgoKaW1wb3J0IGZ1dHVyZS5rZXl3b3Jkcy5pbgppbXBvcnQgZGF0YS5sbmpveWluZy5nZW5lcmF0ZWQuYWJhYy51dGlscy5hdHRyaWJ1dGVzCmltcG9ydCBkYXRhLmxuam95aW5nLmdlbmVyYXRlZC5hYmFjLnV0aWxzLl9tYXRjaGVzX2FjdGlvbnMKCgphY3Rpb25zZXRfaW1zX3JlZ2lzdHJ5X2FjdGlvbnMgW2FjdGlvbnNdewoKICAgICBhY3Rpb25zIDo9IFsiaW1zOmdldFJlZ2lzdHJ5TGlzdCIsCiAgICAgICAgICAgICAgICAiaW1zOmdldFJlZ2lzdHJ5IiwKICAgICAgICAgICAgICAgICJpbXM6dXBkYXRlUmVnaXN0cnkiLAogICAgICAgICAgICAgICAgImltczphZGRSZWdpc3RyeSIsCiAgICAgICAgICAgICAgICAiaW1zOmRlbGV0ZVJlZ2lzdHJ5IiwKICAgICAgICAgICAgICAgICJpbXM6YWN0aW9uIiwKICAgICAgICAgICAgICAgICJpbXM6Y2hhbmdlUGFzc3dvcmQiLAogICAgICAgICAgICAgICAgImltczpkZWxldGVQcmVEb3dubG9hZHNKb2JzIiwKICAgICAgICAgICAgICAgICJpbXM6Z2V0QWxsUmVnaXN0cnlOb2RlcyIsCiAgICAgICAgICAgICAgICAiaW1zOnByZURvd25sb2FkIiwKICAgICAgICAgICAgICAgICJpbXM6cHJlRG93bmxvYWRzIiwKICAgICAgICAgICAgICAgICJpbXM6ZGVsZXRlUHJlRG93bmxvYWRzIl0KICAgIF9tYXRjaGVzX2FjdGlvbnMoaW5wdXQuYWN0aW9uLCBhY3Rpb25zKQp9"}]}', '2023-04-12 20:45:36.804+08', '2023-04-21 19:47:32.894+08', '镜像库管理，只有系统管理员可以管理镜像库。');
INSERT INTO "public"."tbl_iam_policy_version" ("policy_id", "version_id", "document", "create_time", "update_time", "description") VALUES ('3ca23a2c57574e2eb2ed7803261f0cc8', 'v1', '{"version":"","type":"rego","statement":[{"package":"","rule":"cGFja2FnZSBsbmpveWluZy5nZW5lcmF0ZWQuY29uZGl0aW9uc2V0LnJ1bGVzCgppbXBvcnQgZnV0dXJlLmtleXdvcmRzLmluCmltcG9ydCBkYXRhLmxuam95aW5nLmdlbmVyYXRlZC5hYmFjLnV0aWxzLmF0dHJpYnV0ZXMKaW1wb3J0IGRhdGEubG5qb3lpbmcuZ2VuZXJhdGVkLmNvbmRpdGlvbnNldAoKCnJ1bGVfX2NtcF9yZWFkb25seV9hY2Nlc3NbYWN0aW9uXSB7CgkKCXNvbWUgYWN0aW9uIGluIGNvbmRpdGlvbnNldC5hY3Rpb25zZXRfY21wX3JlYWRvbmx5X2FjdGlvbnMKIAp9"},{"package":"","rule":"cGFja2FnZSBsbmpveWluZy5nZW5lcmF0ZWQuY29uZGl0aW9uc2V0CgoKaW1wb3J0IGZ1dHVyZS5rZXl3b3Jkcy5pbgppbXBvcnQgZGF0YS5sbmpveWluZy5nZW5lcmF0ZWQuYWJhYy51dGlscy5hdHRyaWJ1dGVzCmltcG9ydCBkYXRhLmxuam95aW5nLmdlbmVyYXRlZC5hYmFjLnV0aWxzLl9tYXRjaGVzX2FjdGlvbnMKCgphY3Rpb25zZXRfY21wX3JlYWRvbmx5X2FjdGlvbnMgW2FjdGlvbnNdewoKICAgICBhY3Rpb25zIDo9IFsiY21wOmdldFZtSW5zdGFuY2VEZXRhaWxJbmZvIiwKImNtcDpnZXRWbmNJbmZvIiwKImNtcDpnZXRJbnN0YW5jZXMiLAoiY21wOmdldEluc3RhbmNlSWRGcm9tQWdlbnQiLAoiY21wOmdldEFkbWluVG9wb2xvZ3kiLAoiY21wOmdldE5ldFN0YXRzIiwKImNtcDpnZXRWcGNzIiwKImNtcDpnZXRWcGMiLAoiY21wOmdldFZwY0NvdW50IiwKImNtcDpnZXRVc2VyU3RvcmFnZVN0YXRzIiwKImNtcDpnZXRDcHVTdGF0cyIsCiJjbXA6Z2V0Vm1TdGF0cyIsCiJjbXA6Z2V0Vm1Db3VudCIsCiJjbXA6Z2V0U3RvcmFnZVN0YXRzIiwKImNtcDpnZXRNZW1TdGF0cyIsCiJjbXA6Z2V0UmVzb3VyY2VTdGF0cyIsCiJjbXA6Z2V0TGltaXRzIiwKImNtcDpnZXRTZWN1cml0eUdyb3VwUnVsZXMiLAoiY21wOmdldFNlY3VyaXR5R3JvdXBSdWxlRGV0YWlscyIsCiJjbXA6Z2V0U3RvcmFnZVBvb2xzIiwKImNtcDpnZXRTdG9yYWdlUG9vbCIsCiJjbXA6Z2V0Rmxhdm9ycyhvc2ZsYXZvcikiLAoiY21wOmdldEZsYXZvcnNXaXRoRGV0YWlscyIsCiJjbXA6Z2V0Rmxhdm9yKG9zZmxhdm9yKSIsCiJjbXA6Z2V0U2VjdXJpdHlHcm91cFJ1bGVzKG9zZXh0c2VjdXJpdHlncm91cHJ1bGUpIiwKImNtcDpnZXRLZXlwYWlycyIsCiJjbXA6Z2V0Vm9sdW1lVHlwZXNXaXRoRGV0YWlscyIsCiJjbXA6Z2V0U2VydmVyT3NJbnRlcmZhY2VzIiwKImNtcDpnZXRTZXJ2ZXJEZXRhaWxzIiwKImNtcDpnZXRTZXJ2ZXJWb2x1bWVBdHRhY2htZW50cyIsCiJjbXA6Z2V0U2VydmVyc0RldGFpbGVkIiwKImNtcDpnZXRTdWJuZXRzKG9zZXh0c3VibmV0KSIsCiJjbXA6Z2V0U25hcHNob3REZXRhaWxzKG9zdm9sdW1lc25hcHNob3QpIiwKImNtcDpnZXRTbmFwc2hvdE1ldGFkYXRhIiwKImNtcDpnZXRTbmFwc2hvdHNXaXRoRGV0YWlscyhvc3ZvbHVtZXNuYXBzaG90KSIsCiJjbXA6Z2V0U25hcHNob3RzIiwKImNtcDpnZXROZXR3b3Jrcyhvc2V4dG5ldHdvcmspIiwKImNtcDpnZXRBdmFpbGFibGVOb2RlcyIsCiJjbXA6Z2V0RGV2aWNlcyIsCiJjbXA6Z2V0QXZhaWxhYmxlRGV2aWNlcyIsCiJjbXA6Z2V0U25hcHNob3REZXRhaWxzIiwKImNtcDpnZXRTbmFwc2hvdHNXaXRoRGV0YWlscyIsCiJjbXA6Z2V0U2dzIiwKImNtcDpnZXRTZWN1cml0eUdyb3VwRGV0YWlsSW5mbyIsCiJjbXA6Z2V0QmFyZW1ldGFsQXZhaWxhYmxlRGV2aWNlIiwKImNtcDpnZXRCYXJlbWV0YWxEZXZpY2UiLAoiY21wOmdldEJhcmVtZXRhbERldmljZUNvbmZpZ3MiLAoiY21wOmdldEJhcmVtZXRhbERldmljZXMiLAoiY21wOmdldEltYWdlcyhvc2ltYWdlKSIsCiJjbXA6Z2V0SW1hZ2Uob3NpbWFnZSkiLAoiY21wOmdldFBvcnRzKG9zZXh0cG9ydCkiLAoiY21wOmdldFBvcnREZXRhaWxzKG9zZXh0cG9ydCkiLAoiY21wOmdldEJhY2t1cHNXaXRoRGV0YWlscyIsCiJjbXA6Z2V0QmFja3VwRGV0YWlscyIsCiJjbXA6Z2V0Rmxhdm9ycyIsCiJjbXA6Z2V0TWF4Rmxhdm9ySW5mbyIsCiJjbXA6Z2V0R3B1Rmxhdm9ycyIsCiJjbXA6Z2V0Rmxhdm9yIiwKImNtcDpnZXRSZWN5Y2xlVm9sdW1lcyIsCiJjbXA6Z2V0Vm9sdW1lIiwKImNtcDpnZXRWb2x1bWVzIiwKImNtcDpnZXRJbWFnZSIsCiJjbXA6Z2V0SW1hZ2VzKGltYWdlKSIsCiJjbXA6Z2V0RmxvYXRpbmdJUHMob3NleHRmbG9hdGluZ2lwKSIsCiJjbXA6Z2V0RmxvYXRpbmdJUERldGFpbHMob3NleHRmbG9hdGluZ2lwKSIsCiJjbXA6Z2V0U2VydmVyVm9sdW1lQXR0YWNobWVudHMob3NzZXJ2ZXIpIiwKImNtcDpnZXRTZXJ2ZXJzIiwKImNtcDpnZXRTZXJ2ZXJEZXRhaWxzKG9zc2VydmVyKSIsCiJjbXA6Z2V0U2VydmVyc0RldGFpbGVkKG9zc2VydmVyKSIsCiJjbXA6Z2V0UmVzb3VyY2VBbGxvY2F0aW9uIiwKImNtcDpnZXRIeXBlcnZpc29yTm9kZXMiLAoiY21wOmdldEh5cGVydmlzb3JOb2RlIiwKImNtcDpnZXROZXR3b3JrRGV0YWlscyIsCiJjbXA6Z2V0TmV0d29ya3MiLAoiY21wOmdldFBvcnRzIiwKImNtcDpnZXRQb3J0RGV0YWlscyIsCiJjbXA6Z2V0Um91dGVycyIsCiJjbXA6Z2V0Um91dGVyRGV0YWlscyIsCiJjbXA6Z2V0U2VjdXJpdHlHcm91cHMob3NleHRzZWN1cml0eWdyb3VwKSIsCiJjbXA6Z2V0SW1hZ2VzIiwKImNtcDpnZXRTZWdtZW50cyIsCiJjbXA6Z2V0QmFja3Vwc1dpdGhEZXRhaWxzKG9zdm9sdW1lYmFja3VwKSIsCiJjbXA6Z2V0QmFja3VwcyIsCiJjbXA6Z2V0QmFja3VwRGV0YWlscyhvc3ZvbHVtZWJhY2t1cCkiLAoiY21wOmdldFZvbHVtZVR5cGVzV2l0aERldGFpbHMob3NleHRlbnNpb252b2x1bWV0eXBlKSIsCiJjbXA6Z2V0U3VibmV0cyhvc3N1Ym5ldCkiLAoiY21wOmdldFN1Ym5ldERldGFpbHMiLAoiY21wOmdldFZtR3JvdXBEZXRhaWxJbmZvIiwKImNtcDpnZXRHcm91cHMiLAoiY21wOmdldFBvcnRGb3J3YXJkaW5ncyIsCiJjbXA6Z2V0UG9ydEZvcndhcmRpbmciLAoiY21wOmdldEZsb2F0aW5nSVBEZXRhaWxzIiwKImNtcDpnZXRGbG9hdGluZ0lQcyIsCiJjbXA6Z2V0Vm9sdW1lRGV0YWlscyhvc2V4dHZvbHVtZSkiLAoiY21wOmdldFZvbHVtZXNXaXRoRGV0YWlscyhvc2V4dHZvbHVtZSkiLAoiY21wOmdldFZvbHVtZURldGFpbHMiLAoiY21wOmdldFZvbHVtZXMob3N2b2x1bWUpIiwKImNtcDpnZXRWb2x1bWVzV2l0aERldGFpbHMiLAoiY21wOmdldENsb3Vkc0Jhc2ljSW5mbyIsCiJjbXA6Z2V0Q2xvdWRzIiwKImNtcDpnZXRWb2x1bWVTbmFwcyIsCiJjbXA6Z2V0Vm9sdW1lU25hcCIsCiJjbXA6Z2V0Um91dGVyRGV0YWlscyhvc3JvdXRlcikiLAoiY21wOmdldFJvdXRlcnMob3Nyb3V0ZXIpIiwKImNtcDpnZXRTbmFwcyIsCiJjbXA6Z2V0Vm1TbmFwRGV0YWlsSW5mbyIsCiJjbXA6Z2V0RWlwcyIsCiJjbXA6Z2V0RWlwIiwKImNtcDpnZXRQcm90b2NvbFBvcnRzIiwKImNtcDpnZXRQb3J0TWFwcyIsCiJjbXA6Z2V0UG9ydE1hcCIsCiJjbXA6Z2V0S2V5cGFpckRldGFpbHMiLAoiY21wOmdldEtleXBhaXJzKG9za2V5cGFpcikiLAoiY21wOmdldEZsYXZvcnNXaXRoRGV0YWlscyhvc2V4dGZsYXZvcikiLAoiY21wOmdldEVpcFBvb2xzIiwKImNtcDpnZXRFaXBQb29sIiwKImNtcDpnZXRTZWN1cml0eUdyb3VwcyIsCiJjbXA6Z2V0U2VjdXJpdHlHcm91cERldGFpbHMiLAoiY21wOmdldFN1Ym5ldHMiLAoiY21wOmdldFN1Ym5ldENvdW50IiwKImNtcDpnZXRTdWJuZXQiLAoiY21wOmdldFZpcHMiXQogICAgX21hdGNoZXNfYWN0aW9ucyhpbnB1dC5hY3Rpb24sIGFjdGlvbnMpCn0="}]}', '2023-04-24 10:10:16.899+08', '2024-01-22 16:41:02.547+08', '多云服务只读权限');
INSERT INTO "public"."tbl_iam_policy_version" ("policy_id", "version_id", "document", "create_time", "update_time", "description") VALUES ('d1bb7fe1312f46cfa5a1c9185f8a6d37', 'v2', '{"version":"","type":"rego","statement":[{"package":"","rule":"cGFja2FnZSBsbmpveWluZy5nZW5lcmF0ZWQuY29uZGl0aW9uc2V0LnJ1bGVzCgppbXBvcnQgZnV0dXJlLmtleXdvcmRzLmluCmltcG9ydCBkYXRhLmxuam95aW5nLmdlbmVyYXRlZC5hYmFjLnV0aWxzLmF0dHJpYnV0ZXMKaW1wb3J0IGRhdGEubG5qb3lpbmcuZ2VuZXJhdGVkLmNvbmRpdGlvbnNldAoKCnJ1bGVfX2Npc19hbGxbYWN0aW9uXSB7CgkKCXNvbWUgYWN0aW9uIGluIGNvbmRpdGlvbnNldC5hY3Rpb25zZXRfY2lzX2FsbF9hY3Rpb25zCiAKfQ=="},{"package":"","rule":"cGFja2FnZSBsbmpveWluZy5nZW5lcmF0ZWQuY29uZGl0aW9uc2V0CgoKaW1wb3J0IGZ1dHVyZS5rZXl3b3Jkcy5pbgppbXBvcnQgZGF0YS5sbmpveWluZy5nZW5lcmF0ZWQuYWJhYy51dGlscy5hdHRyaWJ1dGVzCmltcG9ydCBkYXRhLmxuam95aW5nLmdlbmVyYXRlZC5hYmFjLnV0aWxzLl9tYXRjaGVzX2FjdGlvbnMKCmFjdGlvbnNldF9jaXNfYWxsX2FjdGlvbnNbYWN0aW9uc117CgogICAgIGFjdGlvbnMgOj0gWyJjaXM6KiJdCiAgICBfbWF0Y2hlc19hY3Rpb25zKGlucHV0LmFjdGlvbiwgYWN0aW9ucykKfQ=="}]}', '2023-04-14 20:17:57.688+08', '2023-04-18 15:38:01.863+08', '容器服务所有权限');
INSERT INTO "public"."tbl_iam_policy_version" ("policy_id", "version_id", "document", "create_time", "update_time", "description") VALUES ('7c796131973b418a92c098d18337c8a8', 'v2', '{"version":"","type":"rego","statement":[{"package":"","rule":"cGFja2FnZSBsbmpveWluZy5nZW5lcmF0ZWQuY29uZGl0aW9uc2V0LnJ1bGVzCgppbXBvcnQgZnV0dXJlLmtleXdvcmRzLmluCgppbXBvcnQgZGF0YS5sbmpveWluZy5nZW5lcmF0ZWQuYWJhYy51dGlscy5hdHRyaWJ1dGVzCmltcG9ydCBkYXRhLmxuam95aW5nLmdlbmVyYXRlZC5jb25kaXRpb25zZXQKCgpydWxlX19pbXNfYWxsW2FjdGlvbl0gewoJCglzb21lIGFjdGlvbiBpbiBjb25kaXRpb25zZXQuYWN0aW9uc2V0X2ltc19hbGxfYWN0aW9ucwogCn0="},{"package":"","rule":"cGFja2FnZSBsbmpveWluZy5nZW5lcmF0ZWQuY29uZGl0aW9uc2V0CgoKaW1wb3J0IGZ1dHVyZS5rZXl3b3Jkcy5pbgppbXBvcnQgZGF0YS5sbmpveWluZy5nZW5lcmF0ZWQuYWJhYy51dGlscy5hdHRyaWJ1dGVzCmltcG9ydCBkYXRhLmxuam95aW5nLmdlbmVyYXRlZC5hYmFjLnV0aWxzLl9tYXRjaGVzX2FjdGlvbnMKCgphY3Rpb25zZXRfaW1zX2FsbF9hY3Rpb25zW2FjdGlvbnNdewoKICAgICBhY3Rpb25zIDo9IFsiaW1zOioiXQogICAgX21hdGNoZXNfYWN0aW9ucyhpbnB1dC5hY3Rpb24sIGFjdGlvbnMpCn0="}]}', '2023-04-12 21:12:39.234+08', '2023-04-18 15:38:44.333+08', '镜像服务所有权限');
INSERT INTO "public"."tbl_iam_policy_version" ("policy_id", "version_id", "document", "create_time", "update_time", "description") VALUES ('06c37abf2e6e4d4c9d3130d7ea7d8ae3', 'v6', '{"statement":[{"package":"","rule":"cGFja2FnZSBsbmpveWluZy5nZW5lcmF0ZWQuY29uZGl0aW9uc2V0LnJ1bGVzCgppbXBvcnQgZnV0dXJlLmtleXdvcmRzLmluCmltcG9ydCBkYXRhLmxuam95aW5nLmdlbmVyYXRlZC5hYmFjLnV0aWxzLmF0dHJpYnV0ZXMKaW1wb3J0IGRhdGEubG5qb3lpbmcuZ2VuZXJhdGVkLmNvbmRpdGlvbnNldAoKCnJ1bGVfX2lhbV9hbGxbYWN0aW9uXSB7CgkKCXNvbWUgYWN0aW9uIGluIGNvbmRpdGlvbnNldC5hY3Rpb25zZXRfaWFtX2FsbF9hY3Rpb25zCiAKfQ=="},{"package":"","rule":"cGFja2FnZSBsbmpveWluZy5nZW5lcmF0ZWQuY29uZGl0aW9uc2V0CgoKaW1wb3J0IGZ1dHVyZS5rZXl3b3Jkcy5pbgppbXBvcnQgZGF0YS5sbmpveWluZy5nZW5lcmF0ZWQuYWJhYy51dGlscy5hdHRyaWJ1dGVzCmltcG9ydCBkYXRhLmxuam95aW5nLmdlbmVyYXRlZC5hYmFjLnV0aWxzLl9tYXRjaGVzX2FjdGlvbnMKCgphY3Rpb25zZXRfaWFtX2FsbF9hY3Rpb25zW2FjdGlvbnNdewoKICAgICBhY3Rpb25zIDo9IFsiaWFtOioiXQogICAgX21hdGNoZXNfYWN0aW9ucyhpbnB1dC5hY3Rpb24sIGFjdGlvbnMpCn0="}],"version":"","type":"rego"}', '2023-04-06 15:14:00.934+08', '2023-04-18 15:39:57.591+08', 'iam模块的任意操作');
INSERT INTO "public"."tbl_iam_policy_version" ("policy_id", "version_id", "document", "create_time", "update_time", "description") VALUES ('541204d7fdd0458ebc698a3aa7934be7', 'v2', '{"version":"","type":"rego","statement":[{"package":"","rule":"cGFja2FnZSBsbmpveWluZy5nZW5lcmF0ZWQuY29uZGl0aW9uc2V0LnJ1bGVzCgppbXBvcnQgZnV0dXJlLmtleXdvcmRzLmluCmltcG9ydCBkYXRhLmxuam95aW5nLmdlbmVyYXRlZC5hYmFjLnV0aWxzLmF0dHJpYnV0ZXMKaW1wb3J0IGRhdGEubG5qb3lpbmcuZ2VuZXJhdGVkLmNvbmRpdGlvbnNldAppbXBvcnQgZGF0YS5sbmpveWluZy5yYmFjLgoKcnVsZV9faW1zX2RlbnlfYnBbYWN0aW9uXSB7Cgljb25kaXRpb25zZXQucmVzb3VyY2VzZXRfYWRtaW5fa2luZAoJc29tZSBhY3Rpb24gaW4gY29uZGl0aW9uc2V0LmFjdGlvbnNldF9pbXNfYWxsX2FjdGlvbnMKIAp9"}]}', '2023-04-13 10:26:44.35+08', '2023-04-18 16:24:58.809+08', '只允许管理员使用的权限，需要配置到组织用户。');
INSERT INTO "public"."tbl_iam_policy_version" ("policy_id", "version_id", "document", "create_time", "update_time", "description") VALUES ('dd2378d95e174a83b85e89064a32a33c', 'v1', '{"version":"2023-04-18","type":"REGO","statement":[{"rule":"cGFja2FnZSBsbmpveWluZy5nZW5lcmF0ZWQucmJhYy51dGlscwoKaW1wb3J0IGZ1dHVyZS5rZXl3b3Jkcy5pbgoKCgpyb2xlc1tyb2xlS2V5XSB7CiAgICBzb21lIHJvbGVLZXkgaW4gZGF0YS51c2Vyc1tpbnB1dC51c2VyLmtleV0ucm9sZUFzc2lnbm1lbnRzW2lucHV0LnJlc291cmNlLnByb2plY3RdCn0K","package":"lnjoying.rbac.utils.rego"},{"rule":"cGFja2FnZSBsbmpveWluZy5nZW5lcmF0ZWQuYWJhYy51dGlscw0KDQppbXBvcnQgZnV0dXJlLmtleXdvcmRzLmluDQoNCiMgbm90IHVuZGVmaW5lZCBpZiBvYmplY3QgJ3gnIGhhcyBhIGtleSAnaycNCmhhc19rZXkoeCwgaykgew0KICAgIF8gOj0geFtrXQ0KfQ0KDQojIElmIGEgZmllbGQgJ2snIHJlbGllcyBpbiBib3RoICdhJyBhbmQgJ2InIG9iamVjdHMsIHBpY2sgaXRzIHZhbHVlIGZyb20gJ2EnLg0KcGlja19maXJzdChrLCBhLCBiKSA9IGFba10gew0KICAgIGhhc19rZXkoYSwgaykNCn0NCg0KZWxzZSA9IGJba10gew0KICAgIHRydWUNCn0NCg0KIyBoYXlzdGFjaywgbmVlZGxlDQpfbWF0Y2hlc19hY3Rpb25zKGhheXN0YWNrLCBuZWVkbGVzKQ0Kew0KCXNvbWUgbmVlZGxlIGluIG5lZWRsZXMNCglfbWF0Y2hlc19leGVtcHRpb24oaGF5c3RhY2ssIG5lZWRsZSkNCn0NCg0KDQpfbWF0Y2hlc19leGVtcHRpb24oaGF5c3RhY2ssIGV4ZW1wdGlvbikgew0KICAgIG5vdCBlbmRzd2l0aChleGVtcHRpb24sICIqIikNCiAgICBleGVtcHRpb24gPT0gaGF5c3RhY2sNCn0NCg0KX21hdGNoZXNfZXhlbXB0aW9uKGhheXN0YWNrLCBleGVtcHRpb24pIHsNCiAgICBlbmRzd2l0aChleGVtcHRpb24sICIqIikNCiAgICBwcmVmaXggOj0gdHJpbV9zdWZmaXgoZXhlbXB0aW9uLCAiKiIpDQogICAgc3RhcnRzd2l0aChoYXlzdGFjaywgcHJlZml4KQ0KfQ0KDQoNCiMgTWVyZ2luZyBvYmplY3RzIGEgJiBiLiBJZiBhIGZpZWxkIHJlbGllcyBpbiBib3RoIG9mIHRoZW0sIHBpY2sgaXQncyB2YWx1ZSBmcm9tIGEuDQptZXJnZV9vYmplY3RzKGEsIGIpID0gYyB7DQogICAga3MgOj0ge2sgfCBzb21lIGs7IF8gPSBhW2tdfSB8IHtrIHwgc29tZSBrOyBfID0gYltrXX0NCiAgICBjIDo9IHtrOiB2IHwgc29tZSBrOyBrc1trXTsgdiA6PSBwaWNrX2ZpcnN0KGssIGIsIGEpfQ0KfQ0KDQpyb2xlc1tyb2xlS2V5XSB7DQogICAgc29tZSByb2xlS2V5IGluIGRhdGEudXNlcnNbaW5wdXQudXNlci5rZXldLnJvbGVBc3NpZ25tZW50c1tpbnB1dC5yZXNvdXJjZS5wcm9qZWN0XQ0KfQ0KDQpfX2dlbmVyYXRlZF91c2VyX2F0dHJpYnV0ZXMgPSB7InJvbGVzIjogcm9sZXN9DQoNCl9fZ2VuZXJhdGVkX3Jlc291cmNlX2F0dHJpYnV0ZXMgPSB7InR5cGUiOiBpbnB1dC5yZXNvdXJjZS50eXBlfQ0KDQpkZWZhdWx0IF9fc3RvcmVkX3VzZXJfYXR0cmlidXRlcyA9IHt9DQoNCl9fc3RvcmVkX3VzZXJfYXR0cmlidXRlcyA9IGRhdGEudXNlcnNbaW5wdXQudXNlci5rZXldLmF0dHJpYnV0ZXMNCg0KZGVmYXVsdCBfX2lucHV0X3VzZXJfYXR0cmlidXRlcyA9IHt9DQoNCmRlZmF1bHQgX19pbnB1dF9yZXNvdXJjZV9hdHRyaWJ1dGVzID0ge30NCg0KZGVmYXVsdCBfX2lucHV0X2NvbnRleHRfYXR0cmlidXRlcyA9IHt9DQoNCl9faW5wdXRfdXNlcl9hdHRyaWJ1dGVzID0gaW5wdXQudXNlci5hdHRyaWJ1dGVzDQoNCl9faW5wdXRfcmVzb3VyY2VfYXR0cmlidXRlcyA9IGlucHV0LnJlc291cmNlLmF0dHJpYnV0ZXMNCg0KX19pbnB1dF9jb250ZXh0X2F0dHJpYnV0ZXMgPSBpbnB1dC5jb250ZXh0DQoNCl9fdXNlcl9hdHRyaWJ1dGVzID0gbWVyZ2Vfb2JqZWN0cyhfX2lucHV0X3VzZXJfYXR0cmlidXRlcywgX19zdG9yZWRfdXNlcl9hdHRyaWJ1dGVzKQ0KDQphdHRyaWJ1dGVzID0gew0KICAgICJ1c2VyIjogbWVyZ2Vfb2JqZWN0cyhfX3VzZXJfYXR0cmlidXRlcywgX19nZW5lcmF0ZWRfdXNlcl9hdHRyaWJ1dGVzKSwNCiAgICAicmVzb3VyY2UiOiBtZXJnZV9vYmplY3RzKF9faW5wdXRfcmVzb3VyY2VfYXR0cmlidXRlcywgX19nZW5lcmF0ZWRfcmVzb3VyY2VfYXR0cmlidXRlcyksDQogICAgImNvbnRleHQiOiBfX2lucHV0X2NvbnRleHRfYXR0cmlidXRlcywNCn0NCg0KaW5wdXRfcXVlcnkgOj0gew0KICAgICJhY3Rpb24iOiBpbnB1dC5hY3Rpb24sDQogICAgInVzZXIiOiB7DQogICAgICAgICJrZXkiOiBpbnB1dC51c2VyLmtleSwNCiAgICB9LA0KICAgICJyZXNvdXJjZSI6IHsNCiAgICAgICAgInR5cGUiOiBpbnB1dC5yZXNvdXJjZS50eXBlLA0KICAgICAgICAiYnAiOiBpbnB1dC5yZXNvdXJjZS5icCwNCiAgICAgICAgInByb2plY3QiOmlucHV0LnJlc291cmNlLnByb2plY3QsDQogICAgfQ0KfQ0KDQpwcm9qZWN0IDo9IHByb2plY3Rfa2V5IHsNCiAgICBpbnB1dF9xdWVyeS5yZXNvdXJjZS5wcm9qZWN0ICE9IG51bGwNCiAgICBwcm9qZWN0X2tleSA6PSBpbnB1dF9xdWVyeS5yZXNvdXJjZS5wcm9qZWN0DQp9DQoNCnVzZXJfcm9sZXNbcm9sZV9rZXldIHsNCiAgICBzb21lIHJvbGVfa2V5IGluIGRhdGEudXNlcnNbaW5wdXRfcXVlcnkudXNlci5rZXldLnJvbGVBc3NpZ25tZW50c1twcm9qZWN0XQ0KfQ0KDQpyb2xlX3J1bGVzW3J1bGVdIHsNCiAgICBzb21lIHJvbGVfa2V5IGluIHVzZXJfcm9sZXMNCiAgICBzb21lIHJ1bGUgaW4gZGF0YS5jb25kaXRpb25fc2V0X3JvbGVfcnVsZXNbcm9sZV9rZXldLnJ1bGVzDQp9DQoNCiMgdXNlcnNldCByZXNvdXJjZXNldA0KY29uZGl0aW9uX3NldF9wZXJtaXNzaW9ucyA6PSBkYXRhLmNvbmRpdGlvbl9zZXRfcGVybWlzc2lvbnMNCg0KdXNlcl9ydWxlc1tydWxlXSB7DQogICAgc29tZSBydWxlIGluIGRhdGEuY29uZGl0aW9uX3NldF91c2VyX3J1bGVzW2lucHV0X3F1ZXJ5LnVzZXIua2V5XVtwcm9qZWN0XVtfXS5ydWxlcw0KfQ0KDQojIGFjdGlvbiB1c2VyDQpjb25kaXRpb25fc2V0X3J1bGVzIDo9IHVzZXJfcnVsZXMgfCByb2xlX3J1bGVzDQo=","package":"lnjoying.abac.utils.rego"},{"rule":"cGFja2FnZSBsbmpveWluZy5nZW5lcmF0ZWQuY29uZGl0aW9uc2V0CgppbXBvcnQgZnV0dXJlLmtleXdvcmRzLmluCmltcG9ydCBkYXRhLmxuam95aW5nLmdlbmVyYXRlZC5hYmFjLnV0aWxzLmF0dHJpYnV0ZXMKaW1wb3J0IGRhdGEubG5qb3lpbmcuZ2VuZXJhdGVkLnJlc291cmNlLnVzZXIudXRpbHMKCgpyZXNvdXJjZXNldF9hZG1pbl9raW5kIHsKICAgIHV0aWxzLmFkbWluX2tpbmQKfQoKcmVzb3VyY2VfYnBfYWRtaW5fa2luZCB7CiAgICB1dGlscy5icF9hZG1pbl9raW5kCn0KCnJlc291cmNlX2JwX3VzZXJfa2luZCB7CiAgICB1dGlscy5icF91c2VyX2tpbmQKfQoKcmVzb3VyY2VzZXRfYnBfa2luZCB7CiAgICB1dGlscy5icF9hZG1pbl9raW5kCn0KCnJlc291cmNlc2V0X2JwX2tpbmQgewogICAgdXRpbHMuYnBfdXNlcl9raW5kCn0KCg==","package":"lnjoying.common.user.user_kind.rego"},{"rule":"cGFja2FnZSBsbmpveWluZy5yb290DQoNCmltcG9ydCBkYXRhLmxuam95aW5nLnBvbGljaWVzDQppbXBvcnQgZGF0YS5sbmpveWluZy5jdXN0b20NCg0KICMgVGhlIHBvbGljeSB3aWxsIGFsbG93IGlmIGJvdGggcG9saWNpZXMuYWxsb3cgYW5kIG15X2N1c3RvbV9ydWxlIGFyZSB0cnVlDQoNCmRlZmF1bHQgYWxsb3cgOj0gZmFsc2UNCg0KYWxsb3cgew0KICAgIHBvbGljaWVzLmFsbG93DQp9DQoNCmFsbG93IHsNCiAgICBjdXN0b20uYWxsb3cNCn0NCg0KZGVidWcgPSBwb2xpY2llcy5kZWJ1Zw==","package":"root.rego"},{"rule":"cGFja2FnZSBsbmpveWluZy5hYmFjDQoNCmltcG9ydCBmdXR1cmUua2V5d29yZHMuaW4NCg0KaW1wb3J0IGRhdGEubG5qb3lpbmcuZ2VuZXJhdGVkLmNvbmRpdGlvbnNldA0KaW1wb3J0IGRhdGEubG5qb3lpbmcuZ2VuZXJhdGVkLmFiYWMudXRpbHMNCg0KZGVmYXVsdCBhbGxvdyA9IGZhbHNlDQoNCmFsbG93IHsNCiAgICAjY291bnQoYWxsb3dpbmdfcnVsZXMpID4gMA0KICAgIGNvdW50KG1hdGNoaW5nX3J1bGVzKSA+IDANCn0NCg0KI2FsbG93aW5nX3J1bGVzW3J1bGVdIHsNCiMgICAgc29tZSBydWxlLCB2YWx1ZSBpbiBjb25kaXRpb25zZXQucnVsZXMNCiMgICAgdmFsdWUgPT0gdHJ1ZQ0KI30NCg0KbWF0Y2hpbmdfcnVsZXNbeyJydWxlIjpydWxlLCAiYWN0aW9ucyI6dmFsdWV9XSB7DQogICAgc29tZSBydWxlLCB2YWx1ZSBpbiBjb25kaXRpb25zZXQucnVsZXMNCiAgICBydWxlIGluIHV0aWxzLmNvbmRpdGlvbl9zZXRfcnVsZXMNCiAgICBjb3VudCh2YWx1ZSk+MA0KICAgICN2YWx1ZSA9PSB0cnVlDQp9DQoNCm1hdGNoaW5nX3VzZXJzZXRzW3VzZXJzZXRdIHsNCiAgICBzb21lIHNldCwgdmFsdWUgaW4gY29uZGl0aW9uc2V0DQogICAgc3RhcnRzd2l0aChzZXQsICJ1c2Vyc2V0XyIpDQogICAgdmFsdWUgPT0gdHJ1ZQ0KICAgIHVzZXJzZXQgOj0gdHJpbV9wcmVmaXgoc2V0LCAidXNlcnNldF8iKQ0KfQ0KDQptYXRjaGluZ19yZXNvdXJjZXNldHNbcmVzb3VyY2VzZXRdIHsNCiAgICBzb21lIHNldCwgdmFsdWUgaW4gY29uZGl0aW9uc2V0DQogICAgc3RhcnRzd2l0aChzZXQsICJyZXNvdXJjZXNldF8iKQ0KICAgIHZhbHVlID09IHRydWUNCiAgICByZXNvdXJjZXNldCA6PSB0cmltX3ByZWZpeChzZXQsICJyZXNvdXJjZXNldF8iKQ0KfQ0KDQptYXRjaGluZ19hY3Rpb25zZXRzW2FjdGlvbnNldF0gew0KICAgIHNvbWUgc2V0LCB2YWx1ZSBpbiBjb25kaXRpb25zZXQNCiAgICBzdGFydHN3aXRoKHNldCwgImFjdGlvbnNldF8iKQ0KICAgIHZhbHVlID09IHRydWUNCiAgICBhY3Rpb25zZXQgOj0gdHJpbV9wcmVmaXgoc2V0LCAiYWN0aW9uc2V0XyIpDQp9DQoNCg0KdXNlcnNldF9wZXJtaXNzaW9uc1t1c2Vyc2V0XSA9IHJlc291cmNlc2V0X3Blcm1pc3Npb25zIHsNCiAgICBzb21lIHVzZXJzZXQgaW4gbWF0Y2hpbmdfdXNlcnNldHMNCiAgICByZXNvdXJjZXNldF9wZXJtaXNzaW9ucyA6PSB7DQogICAgICAgIHJlc291cmNlc2V0OiBwZXJtaXNzaW9ucyB8DQogICAgICAgICAgICBzb21lIHJlc291cmNlc2V0IGluIG1hdGNoaW5nX3Jlc291cmNlc2V0cw0KICAgICAgICAgICAgcGVybWlzc2lvbnMgOj0gdXRpbHMuY29uZGl0aW9uX3NldF9wZXJtaXNzaW9uc1t1c2Vyc2V0XVtyZXNvdXJjZXNldF0NCiAgICB9DQp9DQoNCmRlZmF1bHQgZGVidWcgPSBudWxsDQpkZWJ1ZyA9IHsNCiAgICAjImFsbG93aW5nX3J1bGVzIjogYWxsb3dpbmdfcnVsZXMsDQogICAgIm1hdGNoaW5nX3J1bGVzIjptYXRjaGluZ19ydWxlcywNCiAgICAibWF0Y2hpbmdfYWN0aW9uc2V0cyI6bWF0Y2hpbmdfYWN0aW9uc2V0cywNCiAgICAibWF0Y2hpbmdfdXNlcnNldHMiOiBtYXRjaGluZ191c2Vyc2V0cywNCiAgICAibWF0Y2hpbmdfcmVzb3VyY2VzZXRzIjogbWF0Y2hpbmdfcmVzb3VyY2VzZXRzLA0KICAgICJ1c2Vyc2V0X3Blcm1pc3Npb25zIjogdXNlcnNldF9wZXJtaXNzaW9ucywNCiAgICAiYXR0cmlidXRlcyI6IHsNCiAgICAgICAgImNvbnRleHQiOiB7DQogICAgICAgICAgICAiZ2VuZXJhdGVkIjoge30sDQogICAgICAgICAgICAiaW5wdXQiOiB1dGlscy5fX2lucHV0X2NvbnRleHRfYXR0cmlidXRlcywNCiAgICAgICAgICAgICJyZXN1bHQiOiB1dGlscy5hdHRyaWJ1dGVzLmNvbnRleHQsDQogICAgICAgIH0sDQogICAgICAgICJ1c2VyIjogew0KICAgICAgICAgICAgImdlbmVyYXRlZCI6IHV0aWxzLl9fZ2VuZXJhdGVkX3VzZXJfYXR0cmlidXRlcywNCiAgICAgICAgICAgICJpbnB1dCI6IHV0aWxzLl9faW5wdXRfdXNlcl9hdHRyaWJ1dGVzLA0KICAgICAgICAgICAgInJlc3VsdCI6IHV0aWxzLmF0dHJpYnV0ZXMudXNlciwNCiAgICAgICAgfSwNCiAgICAgICAgInJlc291cmNlIjogew0KICAgICAgICAgICAgImdlbmVyYXRlZCI6IHV0aWxzLl9fZ2VuZXJhdGVkX3Jlc291cmNlX2F0dHJpYnV0ZXMsDQogICAgICAgICAgICAiaW5wdXQiOiB1dGlscy5fX2lucHV0X3Jlc291cmNlX2F0dHJpYnV0ZXMsDQogICAgICAgICAgICAicmVzdWx0IjogdXRpbHMuYXR0cmlidXRlcy5yZXNvdXJjZSwNCiAgICAgICAgfSwNCiAgICB9DQp9","package":"lnjoying.abac.abac.rego"},{"rule":"cGFja2FnZSBsbmpveWluZy5jdXN0b20NCg0KZGVmYXVsdCBhbGxvdyA6PSBmYWxzZQ0K","package":"custom.root.rego"},{"rule":"cGFja2FnZSBsbmpveWluZy5nZW5lcmF0ZWQucmVzb3VyY2UudXNlci51dGlscwoKaXNfYWRtaW4oa2luZCkgewogICAga2luZCA9PSAiQURNSU4iCn0KCmlzX2FkbWluKGtpbmQpIHsKICAgIGtpbmQgPT0gIlNZU1RFTSIKfQoKaXNfYnBfYWRtaW4oa2luZCkgewogICAga2luZCA9PSAiQlBfQURNSU4iCn0KCmlzX2JwX3VzZXIoa2luZCkgewogICAga2luZCA9PSAiQlBfU1VCX1VTRVIiCn0KCmlzX3BlcnNvbmFsKGtpbmQpIHsKICAgIGtpbmQgPT0gIlBFUlNPTkFMIgp9CgphZG1pbl9raW5kewogaXNfYWRtaW4odXNlcl9raW5kKQp9CgpicF9hZG1pbl9raW5kewogaXNfYnBfYWRtaW4odXNlcl9raW5kKQp9CgpicF91c2VyX2tpbmR7CiBpc19icF91c2VyKHVzZXJfa2luZCkKfQoKcGVyc29uYWxfa2luZHsKIGlzX3BlcnNvbmFsKHVzZXJfa2luZCkKfQoKdXNlcl9raW5kIDo9IGtpbmQgewogICAgIyBraW5kIDo9IGRhdGEudXNlcnNbaW5wdXRfcXVlcnkudXNlci5rZXldLmF0dHJpYnV0ZXMua2luZAogICAga2luZCA6PSBpbnB1dC51c2VyLmF0dHJpYnV0ZXMua2luZAp9","package":"lnjoying.resource.user_utils.rego"},{"rule":"cGFja2FnZSBsbmpveWluZy5yYmFjDQoNCmltcG9ydCBmdXR1cmUua2V5d29yZHMNCmltcG9ydCBkYXRhLmxuam95aW5nLmdlbmVyYXRlZC5yYmFjLnV0aWxzDQppbXBvcnQgZGF0YS5sbmpveWluZy5nZW5lcmF0ZWQucmVzb3VyY2UudXNlci51dGlscyBhcyB1c2VyX3V0aWxzDQoNCmlucHV0X3F1ZXJ5IDo9IHsNCiAgICAiYWN0aW9uIjogaW5wdXQuYWN0aW9uLA0KICAgICAgICAidXNlciI6IHsNCiAgICAgICAgICAgICJrZXkiOiBpbnB1dC51c2VyLmtleSwNCiAgICAgICAgICAgICJraW5kIjogaW5wdXQudXNlci5hdHRyaWJ1dGVzLmtpbmQsDQogICAgICAgIH0sDQogICAgICAgICJyZXNvdXJjZSI6IHsNCiAgICAgICAgICAgICJ0eXBlIjogaW5wdXQucmVzb3VyY2UudHlwZSwNCiAgICAgICAgICAgICJicCI6IGlucHV0LnJlc291cmNlLmJwLA0KICAgICAgICAgICAgInByb2plY3QiOmlucHV0LnJlc291cmNlLnByb2plY3QsDQogICAgICAgIH0NCn0NCg0KIyBCeSBkZWZhdWx0LCBkZW55IHJlcXVlc3RzLg0KZGVmYXVsdCBhbGxvdyA9IGZhbHNlDQoNCiMgQWxsb3cgdGhlIGFjdGlvbiBpZiB0aGUgdXNlciBpcyBncmFudGVkIHBlcm1pc3Npb24gdG8gcGVyZm9ybSB0aGUgYWN0aW9uLg0KYWxsb3cgew0KICAgIGNvdW50KG1hdGNoaW5nX2dyYW50cykgPiAwDQp9DQoNCmFsbG93IHsNCiAgdXNlcl91dGlscy5hZG1pbl9raW5kDQp9DQoNCm1hdGNoaW5nX2dyYW50c1tncmFudF0gew0KICAgICMgRmluZCBncmFudHMgZm9yIHRoZSB1c2VyLg0KICAgIHNvbWUgZ3JhbnQgaW4gZ3JhbnRzDQoNCiAgICAjIENoZWNrIGlmIHRoZSBncmFudCBwZXJtaXRzIHRoZSBhY3Rpb24uDQogICAgaW5wdXRfcXVlcnkuYWN0aW9uID09IGdyYW50DQp9DQoNCnByb2plY3QgOj0gcHJvamVjdF9rZXkgew0KICAgIGlucHV0X3F1ZXJ5LnJlc291cmNlLnByb2plY3QgIT0gbnVsbA0KICAgIHByb2plY3Rfa2V5IDo9IGlucHV0X3F1ZXJ5LnJlc291cmNlLnByb2plY3QNCn0NCg0KdXNlcl9yb2xlc1tyb2xlX2tleV0gew0KICAgIHNvbWUgcm9sZV9rZXkgaW4gZGF0YS51c2Vyc1tpbnB1dF9xdWVyeS51c2VyLmtleV0ucm9sZUFzc2lnbm1lbnRzW3Byb2plY3RdDQp9DQoNCmdyYW50c1tncmFudF0gew0KICAgIHNvbWUgcm9sZV9rZXkgaW4gdXNlcl9yb2xlcw0KICAgIHNvbWUgZ3JhbnQgaW4gZGF0YS5yb2xlc1tyb2xlX2tleV0uZ3JhbnRzW2lucHV0X3F1ZXJ5LnJlc291cmNlLnR5cGVdDQp9DQoNCg0KZGVmYXVsdCBkZWJ1ZyA9IG51bGwNCmRlYnVnIDo9IHsNCiAgICAiaW5wdXRfcXVlcnkiOiBpbnB1dF9xdWVyeSwNCiAgICAicHJvamV0IjogcHJvamVjdCwNCiAgICAidXNlcl9yb2xlcyI6IHVzZXJfcm9sZXMsDQogICAgImdyYW50cyI6IGdyYW50cywNCiAgICAibWF0Y2hpbmdfZ3JhbnRzIjogbWF0Y2hpbmdfZ3JhbnRzLA0KfQ0KDQo=","package":"lnjoying.rbac.rbac.rego"},{"rule":"cGFja2FnZSBsbmpveWluZy5wb2xpY2llcw0KDQppbXBvcnQgZGF0YS5sbmpveWluZy5yYmFjDQppbXBvcnQgZGF0YS5sbmpveWluZy5hYmFjDQoNCmRlZmF1bHQgYWxsb3cgOj0gZmFsc2UNCg0KYWxsb3cgew0KICAgIHJiYWMuYWxsb3cNCn0NCg0KYWxsb3cgew0KICAgIGFiYWMuYWxsb3cNCn0NCg0KDQpfX2FsbG93X3NvdXJjZXNbImFiYWMiXSB7DQogICAgYWJhYy5hbGxvdw0KfQ0KDQpkZWZhdWx0IF9fZGVidWdfaW5wdXQgOj0gbnVsbA0KX19kZWJ1Z19pbnB1dCA9IHsNCiAgICAiYWN0aW9uIjogaW5wdXQuYWN0aW9uLA0KICAgICJ1c2VyIjogaW5wdXQudXNlciwNCiAgICAicmVzb3VyY2UiOiBpbnB1dC5yZXNvdXJjZSwNCn0NCg0KZGVidWcgOj0gew0KICAgICJhbGxvd19zb3VyY2UiOiBfX2FsbG93X3NvdXJjZXMsDQogICAgInJiYWMiOiByYmFjLmRlYnVnLA0KICAgICJhYmFjIjogYWJhYy5kZWJ1ZywNCiAgICAiaW5wdXQiOiBfX2RlYnVnX2lucHV0LA0KfQ==","package":"lnjoying.root.rego"}]}', '2023-04-18 21:18:38.799+08', '2023-04-18 21:18:38.799+08', NULL);
INSERT INTO "public"."tbl_iam_policy_version" ("policy_id", "version_id", "document", "create_time", "update_time", "description") VALUES ('5ffda5882b2946bea5b069f7265213fa', 'v1', '{"version":"2023-04-23","type":"REGO","statement":[{"rule":"cGFja2FnZSBsbmpveWluZy5nZW5lcmF0ZWQucmJhYy51dGlscwoKaW1wb3J0IGZ1dHVyZS5rZXl3b3Jkcy5pbgoKCgpyb2xlc1tyb2xlS2V5XSB7CiAgICBzb21lIHJvbGVLZXkgaW4gZGF0YS51c2Vyc1tpbnB1dC51c2VyLmtleV0ucm9sZUFzc2lnbm1lbnRzW2lucHV0LnJlc291cmNlLnByb2plY3RdCn0K","package":"lnjoying.rbac.utils.rego"},{"rule":"cGFja2FnZSBsbmpveWluZy5nZW5lcmF0ZWQuYWJhYy51dGlscw0KDQppbXBvcnQgZnV0dXJlLmtleXdvcmRzLmluDQoNCiMgbm90IHVuZGVmaW5lZCBpZiBvYmplY3QgJ3gnIGhhcyBhIGtleSAnaycNCmhhc19rZXkoeCwgaykgew0KICAgIF8gOj0geFtrXQ0KfQ0KDQojIElmIGEgZmllbGQgJ2snIHJlbGllcyBpbiBib3RoICdhJyBhbmQgJ2InIG9iamVjdHMsIHBpY2sgaXRzIHZhbHVlIGZyb20gJ2EnLg0KcGlja19maXJzdChrLCBhLCBiKSA9IGFba10gew0KICAgIGhhc19rZXkoYSwgaykNCn0NCg0KZWxzZSA9IGJba10gew0KICAgIHRydWUNCn0NCg0KIyBoYXlzdGFjaywgbmVlZGxlDQpfbWF0Y2hlc19hY3Rpb25zKGhheXN0YWNrLCBuZWVkbGVzKQ0Kew0KCXNvbWUgbmVlZGxlIGluIG5lZWRsZXMNCglfbWF0Y2hlc19leGVtcHRpb24oaGF5c3RhY2ssIG5lZWRsZSkNCn0NCg0KDQpfbWF0Y2hlc19leGVtcHRpb24oaGF5c3RhY2ssIGV4ZW1wdGlvbikgew0KICAgIG5vdCBlbmRzd2l0aChleGVtcHRpb24sICIqIikNCiAgICBleGVtcHRpb24gPT0gaGF5c3RhY2sNCn0NCg0KX21hdGNoZXNfZXhlbXB0aW9uKGhheXN0YWNrLCBleGVtcHRpb24pIHsNCiAgICBlbmRzd2l0aChleGVtcHRpb24sICIqIikNCiAgICBwcmVmaXggOj0gdHJpbV9zdWZmaXgoZXhlbXB0aW9uLCAiKiIpDQogICAgc3RhcnRzd2l0aChoYXlzdGFjaywgcHJlZml4KQ0KfQ0KDQoNCiMgTWVyZ2luZyBvYmplY3RzIGEgJiBiLiBJZiBhIGZpZWxkIHJlbGllcyBpbiBib3RoIG9mIHRoZW0sIHBpY2sgaXQncyB2YWx1ZSBmcm9tIGEuDQptZXJnZV9vYmplY3RzKGEsIGIpID0gYyB7DQogICAga3MgOj0ge2sgfCBzb21lIGs7IF8gPSBhW2tdfSB8IHtrIHwgc29tZSBrOyBfID0gYltrXX0NCiAgICBjIDo9IHtrOiB2IHwgc29tZSBrOyBrc1trXTsgdiA6PSBwaWNrX2ZpcnN0KGssIGIsIGEpfQ0KfQ0KDQpyb2xlc1tyb2xlS2V5XSB7DQogICAgc29tZSByb2xlS2V5IGluIGRhdGEudXNlcnNbaW5wdXQudXNlci5rZXldLnJvbGVBc3NpZ25tZW50c1tpbnB1dC5yZXNvdXJjZS5wcm9qZWN0XQ0KfQ0KDQpfX2dlbmVyYXRlZF91c2VyX2F0dHJpYnV0ZXMgPSB7InJvbGVzIjogcm9sZXN9DQoNCl9fZ2VuZXJhdGVkX3Jlc291cmNlX2F0dHJpYnV0ZXMgPSB7InR5cGUiOiBpbnB1dC5yZXNvdXJjZS50eXBlfQ0KDQpkZWZhdWx0IF9fc3RvcmVkX3VzZXJfYXR0cmlidXRlcyA9IHt9DQoNCl9fc3RvcmVkX3VzZXJfYXR0cmlidXRlcyA9IGRhdGEudXNlcnNbaW5wdXQudXNlci5rZXldLmF0dHJpYnV0ZXMNCg0KZGVmYXVsdCBfX2lucHV0X3VzZXJfYXR0cmlidXRlcyA9IHt9DQoNCmRlZmF1bHQgX19pbnB1dF9yZXNvdXJjZV9hdHRyaWJ1dGVzID0ge30NCg0KZGVmYXVsdCBfX2lucHV0X2NvbnRleHRfYXR0cmlidXRlcyA9IHt9DQoNCl9faW5wdXRfdXNlcl9hdHRyaWJ1dGVzID0gaW5wdXQudXNlci5hdHRyaWJ1dGVzDQoNCl9faW5wdXRfcmVzb3VyY2VfYXR0cmlidXRlcyA9IGlucHV0LnJlc291cmNlLmF0dHJpYnV0ZXMNCg0KX19pbnB1dF9jb250ZXh0X2F0dHJpYnV0ZXMgPSBpbnB1dC5jb250ZXh0DQoNCl9fdXNlcl9hdHRyaWJ1dGVzID0gbWVyZ2Vfb2JqZWN0cyhfX2lucHV0X3VzZXJfYXR0cmlidXRlcywgX19zdG9yZWRfdXNlcl9hdHRyaWJ1dGVzKQ0KDQphdHRyaWJ1dGVzID0gew0KICAgICJ1c2VyIjogbWVyZ2Vfb2JqZWN0cyhfX3VzZXJfYXR0cmlidXRlcywgX19nZW5lcmF0ZWRfdXNlcl9hdHRyaWJ1dGVzKSwNCiAgICAicmVzb3VyY2UiOiBtZXJnZV9vYmplY3RzKF9faW5wdXRfcmVzb3VyY2VfYXR0cmlidXRlcywgX19nZW5lcmF0ZWRfcmVzb3VyY2VfYXR0cmlidXRlcyksDQogICAgImNvbnRleHQiOiBfX2lucHV0X2NvbnRleHRfYXR0cmlidXRlcywNCn0NCg0KaW5wdXRfcXVlcnkgOj0gew0KICAgICJhY3Rpb24iOiBpbnB1dC5hY3Rpb24sDQogICAgInVzZXIiOiB7DQogICAgICAgICJrZXkiOiBpbnB1dC51c2VyLmtleSwNCiAgICAgICAgImtpbmQiOiBpbnB1dC51c2VyLmtpbmQsDQogICAgICAgICJicCI6IGlucHV0LnVzZXIuYnAsDQogICAgfSwNCiAgICAicmVzb3VyY2UiOiB7DQogICAgICAgICJ0eXBlIjogaW5wdXQucmVzb3VyY2UudHlwZSwNCiAgICAgICAgInByb2plY3QiOmlucHV0LnJlc291cmNlLnByb2plY3QsDQogICAgfQ0KfQ0KDQpwcm9qZWN0IDo9IHByb2plY3Rfa2V5IHsNCiAgICBpbnB1dF9xdWVyeS5yZXNvdXJjZS5wcm9qZWN0ICE9IG51bGwNCiAgICBwcm9qZWN0X2tleSA6PSBpbnB1dF9xdWVyeS5yZXNvdXJjZS5wcm9qZWN0DQp9DQoNCnVzZXJfcm9sZXNbcm9sZV9rZXldIHsNCiAgICBzb21lIHJvbGVfa2V5IGluIGRhdGEudXNlcnNbaW5wdXRfcXVlcnkudXNlci5rZXldLnJvbGVBc3NpZ25tZW50c1twcm9qZWN0XQ0KfQ0KDQpyb2xlX3J1bGVzW3J1bGVdIHsNCiAgICBzb21lIHJvbGVfa2V5IGluIHVzZXJfcm9sZXMNCiAgICBzb21lIHJ1bGUgaW4gZGF0YS5jb25kaXRpb25fc2V0X3JvbGVfcnVsZXNbcm9sZV9rZXldW19dLnJ1bGVzDQp9DQoNCiMgdXNlcnNldCByZXNvdXJjZXNldA0KY29uZGl0aW9uX3NldF9wZXJtaXNzaW9ucyA6PSBkYXRhLmNvbmRpdGlvbl9zZXRfcGVybWlzc2lvbnMNCg0KdXNlcl9ydWxlc1tydWxlXSB7DQogICAgc29tZSBydWxlIGluIGRhdGEuY29uZGl0aW9uX3NldF91c2VyX3J1bGVzW2lucHV0X3F1ZXJ5LnVzZXIua2V5XVtwcm9qZWN0XVtfXS5ydWxlcw0KfQ0KDQojIGFjdGlvbiB1c2VyDQpjb25kaXRpb25fc2V0X3J1bGVzIDo9IHVzZXJfcnVsZXMgfCByb2xlX3J1bGVz","package":"lnjoying.abac.utils.rego"},{"rule":"cGFja2FnZSBsbmpveWluZy5nZW5lcmF0ZWQuY29uZGl0aW9uc2V0CgppbXBvcnQgZnV0dXJlLmtleXdvcmRzLmluCmltcG9ydCBkYXRhLmxuam95aW5nLmdlbmVyYXRlZC5hYmFjLnV0aWxzLmF0dHJpYnV0ZXMKaW1wb3J0IGRhdGEubG5qb3lpbmcuZ2VuZXJhdGVkLnJlc291cmNlLnVzZXIudXRpbHMKCgpyZXNvdXJjZXNldF9hZG1pbl9raW5kIHsKICAgIHV0aWxzLmFkbWluX2tpbmQKfQoKcmVzb3VyY2VfYnBfYWRtaW5fa2luZCB7CiAgICB1dGlscy5icF9hZG1pbl9raW5kCn0KCnJlc291cmNlX2JwX3VzZXJfa2luZCB7CiAgICB1dGlscy5icF91c2VyX2tpbmQKfQoKcmVzb3VyY2VzZXRfYnBfa2luZCB7CiAgICB1dGlscy5icF9hZG1pbl9raW5kCn0KCnJlc291cmNlc2V0X2JwX2tpbmQgewogICAgdXRpbHMuYnBfdXNlcl9raW5kCn0KCg==","package":"lnjoying.common.user.user_kind.rego"},{"rule":"cGFja2FnZSBsbmpveWluZy5yb290DQoNCmltcG9ydCBkYXRhLmxuam95aW5nLnBvbGljaWVzDQppbXBvcnQgZGF0YS5sbmpveWluZy5jdXN0b20NCg0KICMgVGhlIHBvbGljeSB3aWxsIGFsbG93IGlmIGJvdGggcG9saWNpZXMuYWxsb3cgYW5kIG15X2N1c3RvbV9ydWxlIGFyZSB0cnVlDQoNCmRlZmF1bHQgYWxsb3cgOj0gZmFsc2UNCg0KYWxsb3cgew0KICAgIHBvbGljaWVzLmFsbG93DQp9DQoNCmFsbG93IHsNCiAgICBjdXN0b20uYWxsb3cNCn0NCg0KZGVidWcgPSBwb2xpY2llcy5kZWJ1Zw==","package":"root.rego"},{"rule":"cGFja2FnZSBsbmpveWluZy5hYmFjDQoNCmltcG9ydCBmdXR1cmUua2V5d29yZHMuaW4NCg0KaW1wb3J0IGRhdGEubG5qb3lpbmcuZ2VuZXJhdGVkLmNvbmRpdGlvbnNldA0KaW1wb3J0IGRhdGEubG5qb3lpbmcuZ2VuZXJhdGVkLmFiYWMudXRpbHMNCmltcG9ydCBkYXRhLmxuam95aW5nLmdlbmVyYXRlZC5yZXNvdXJjZS51c2VyLnV0aWxzIGFzIHVzZXJfdXRpbHMNCg0KZGVmYXVsdCBhbGxvdyA9IGZhbHNlDQoNCmFsbG93IHsNCiAgICAjY291bnQoYWxsb3dpbmdfcnVsZXMpID4gMA0KICAgIGNvdW50KG1hdGNoaW5nX3J1bGVzKSA+IDANCn0NCg0KYWxsb3cgew0KICAgIGNvdW50KG1hdGNoaW5nX2JwX3J1bGVzKSA+IDANCn0NCg0KI2FsbG93aW5nX3J1bGVzW3J1bGVdIHsNCiMgICAgc29tZSBydWxlLCB2YWx1ZSBpbiBjb25kaXRpb25zZXQucnVsZXMNCiMgICAgdmFsdWUgPT0gdHJ1ZQ0KI30NCg0KbWF0Y2hpbmdfcnVsZXNbeyJydWxlIjpydWxlLCAiYWN0aW9ucyI6dmFsdWV9XSB7DQogICAgc29tZSBydWxlLCB2YWx1ZSBpbiBjb25kaXRpb25zZXQucnVsZXMuc3lzdGVtDQogICAgcnVsZSBpbiB1dGlscy5jb25kaXRpb25fc2V0X3J1bGVzDQogICAgY291bnQodmFsdWUpPjANCiAgICAjdmFsdWUgPT0gdHJ1ZQ0KfQ0KDQptYXRjaGluZ19icF9ydWxlc1t7InJ1bGUiOnJ1bGUsICJhY3Rpb25zIjp2YWx1ZX1dIHsNCiAgICB1c2VyX3V0aWxzLmJwX2tpbmQNCiAgICBzb21lIHJ1bGUsIHZhbHVlIGluIGNvbmRpdGlvbnNldC5ydWxlc1tpbnB1dC51c2VyLmJwXQ0KICAgIHJ1bGUgaW4gdXRpbHMuY29uZGl0aW9uX3NldF9ydWxlcw0KICAgIGNvdW50KHZhbHVlKT4wDQp9DQoNCm1hdGNoaW5nX3VzZXJzZXRzW3VzZXJzZXRdIHsNCiAgICBzb21lIHNldCwgdmFsdWUgaW4gY29uZGl0aW9uc2V0DQogICAgc3RhcnRzd2l0aChzZXQsICJ1c2Vyc2V0XyIpDQogICAgdmFsdWUgPT0gdHJ1ZQ0KICAgIHVzZXJzZXQgOj0gdHJpbV9wcmVmaXgoc2V0LCAidXNlcnNldF8iKQ0KfQ0KDQptYXRjaGluZ19yZXNvdXJjZXNldHNbcmVzb3VyY2VzZXRdIHsNCiAgICBzb21lIHNldCwgdmFsdWUgaW4gY29uZGl0aW9uc2V0DQogICAgc3RhcnRzd2l0aChzZXQsICJyZXNvdXJjZXNldF8iKQ0KICAgIHZhbHVlID09IHRydWUNCiAgICByZXNvdXJjZXNldCA6PSB0cmltX3ByZWZpeChzZXQsICJyZXNvdXJjZXNldF8iKQ0KfQ0KDQptYXRjaGluZ19hY3Rpb25zZXRzW2FjdGlvbnNldF0gew0KICAgIHNvbWUgc2V0LCB2YWx1ZSBpbiBjb25kaXRpb25zZXQNCiAgICBzdGFydHN3aXRoKHNldCwgImFjdGlvbnNldF8iKQ0KICAgIHZhbHVlID09IHRydWUNCiAgICBhY3Rpb25zZXQgOj0gdHJpbV9wcmVmaXgoc2V0LCAiYWN0aW9uc2V0XyIpDQp9DQoNCg0KdXNlcnNldF9wZXJtaXNzaW9uc1t1c2Vyc2V0XSA9IHJlc291cmNlc2V0X3Blcm1pc3Npb25zIHsNCiAgICBzb21lIHVzZXJzZXQgaW4gbWF0Y2hpbmdfdXNlcnNldHMNCiAgICByZXNvdXJjZXNldF9wZXJtaXNzaW9ucyA6PSB7DQogICAgICAgIHJlc291cmNlc2V0OiBwZXJtaXNzaW9ucyB8DQogICAgICAgICAgICBzb21lIHJlc291cmNlc2V0IGluIG1hdGNoaW5nX3Jlc291cmNlc2V0cw0KICAgICAgICAgICAgcGVybWlzc2lvbnMgOj0gdXRpbHMuY29uZGl0aW9uX3NldF9wZXJtaXNzaW9uc1t1c2Vyc2V0XVtyZXNvdXJjZXNldF0NCiAgICB9DQp9DQoNCmRlZmF1bHQgZGVidWcgPSBudWxsDQpkZWJ1ZyA9IHsNCiAgICAjImFsbG93aW5nX3J1bGVzIjogYWxsb3dpbmdfcnVsZXMsDQogICAgIm1hdGNoaW5nX3J1bGVzIjptYXRjaGluZ19ydWxlcywNCiAgICAibWF0Y2hpbmdfYWN0aW9uc2V0cyI6bWF0Y2hpbmdfYWN0aW9uc2V0cywNCiAgICAibWF0Y2hpbmdfdXNlcnNldHMiOiBtYXRjaGluZ191c2Vyc2V0cywNCiAgICAibWF0Y2hpbmdfcmVzb3VyY2VzZXRzIjogbWF0Y2hpbmdfcmVzb3VyY2VzZXRzLA0KICAgICJ1c2Vyc2V0X3Blcm1pc3Npb25zIjogdXNlcnNldF9wZXJtaXNzaW9ucywNCiAgICAiYXR0cmlidXRlcyI6IHsNCiAgICAgICAgImNvbnRleHQiOiB7DQogICAgICAgICAgICAiZ2VuZXJhdGVkIjoge30sDQogICAgICAgICAgICAiaW5wdXQiOiB1dGlscy5fX2lucHV0X2NvbnRleHRfYXR0cmlidXRlcywNCiAgICAgICAgICAgICJyZXN1bHQiOiB1dGlscy5hdHRyaWJ1dGVzLmNvbnRleHQsDQogICAgICAgIH0sDQogICAgICAgICJ1c2VyIjogew0KICAgICAgICAgICAgImdlbmVyYXRlZCI6IHV0aWxzLl9fZ2VuZXJhdGVkX3VzZXJfYXR0cmlidXRlcywNCiAgICAgICAgICAgICJpbnB1dCI6IHV0aWxzLl9faW5wdXRfdXNlcl9hdHRyaWJ1dGVzLA0KICAgICAgICAgICAgInJlc3VsdCI6IHV0aWxzLmF0dHJpYnV0ZXMudXNlciwNCiAgICAgICAgfSwNCiAgICAgICAgInJlc291cmNlIjogew0KICAgICAgICAgICAgImdlbmVyYXRlZCI6IHV0aWxzLl9fZ2VuZXJhdGVkX3Jlc291cmNlX2F0dHJpYnV0ZXMsDQogICAgICAgICAgICAiaW5wdXQiOiB1dGlscy5fX2lucHV0X3Jlc291cmNlX2F0dHJpYnV0ZXMsDQogICAgICAgICAgICAicmVzdWx0IjogdXRpbHMuYXR0cmlidXRlcy5yZXNvdXJjZSwNCiAgICAgICAgfSwNCiAgICB9DQp9","package":"lnjoying.abac.abac.rego"},{"rule":"cGFja2FnZSBsbmpveWluZy5jdXN0b20NCg0KZGVmYXVsdCBhbGxvdyA6PSBmYWxzZQ0K","package":"custom.root.rego"},{"rule":"cGFja2FnZSBsbmpveWluZy5nZW5lcmF0ZWQucmVzb3VyY2UudXNlci51dGlscwoKaXNfYWRtaW4oa2luZCkgewogICAga2luZCA9PSAiQURNSU4iCn0KCmlzX2FkbWluKGtpbmQpIHsKICAgIGtpbmQgPT0gIlNZU1RFTSIKfQoKaXNfYnBfYWRtaW4oa2luZCkgewogICAga2luZCA9PSAiQlBfQURNSU4iCn0KCmlzX2JwX3VzZXIoa2luZCkgewogICAga2luZCA9PSAiQlBfU1VCX1VTRVIiCn0KCmlzX3BlcnNvbmFsKGtpbmQpIHsKICAgIGtpbmQgPT0gIlBFUlNPTkFMIgp9CgphZG1pbl9raW5kewogaXNfYWRtaW4odXNlcl9raW5kKQp9CgpicF9hZG1pbl9raW5kewogaXNfYnBfYWRtaW4odXNlcl9raW5kKQp9CgpicF91c2VyX2tpbmR7CiBpc19icF91c2VyKHVzZXJfa2luZCkKfQoKYnBfa2luZHsKIGlzX2JwX2FkbWluKHVzZXJfa2luZCkKfQoKYnBfa2luZHsKIGlzX2JwX3VzZXIodXNlcl9raW5kKQp9CgoKcGVyc29uYWxfa2luZHsKIGlzX3BlcnNvbmFsKHVzZXJfa2luZCkKfQoKdXNlcl9raW5kIDo9IGtpbmQgewogICAgIyBraW5kIDo9IGRhdGEudXNlcnNbaW5wdXRfcXVlcnkudXNlci5rZXldLmF0dHJpYnV0ZXMua2luZAogICAga2luZCA6PSBpbnB1dC51c2VyLmtpbmQKfQ==","package":"lnjoying.resource.user_utils.rego"},{"rule":"cGFja2FnZSBsbmpveWluZy5yYmFjDQoNCmltcG9ydCBmdXR1cmUua2V5d29yZHMNCmltcG9ydCBkYXRhLmxuam95aW5nLmdlbmVyYXRlZC5yYmFjLnV0aWxzDQppbXBvcnQgZGF0YS5sbmpveWluZy5nZW5lcmF0ZWQucmVzb3VyY2UudXNlci51dGlscyBhcyB1c2VyX3V0aWxzDQoNCmlucHV0X3F1ZXJ5IDo9IHsNCiAgICAiYWN0aW9uIjogaW5wdXQuYWN0aW9uLA0KICAgICJ1c2VyIjogew0KICAgICAgICAia2V5IjogaW5wdXQudXNlci5rZXksDQogICAgICAgICJraW5kIjogaW5wdXQudXNlci5raW5kLA0KICAgICAgICAiYnAiOiBpbnB1dC5icC5raW5kLA0KICAgIH0sDQogICAgInJlc291cmNlIjogew0KICAgICAgICAidHlwZSI6IGlucHV0LnJlc291cmNlLnR5cGUsDQogICAgICAgICJwcm9qZWN0IjppbnB1dC5yZXNvdXJjZS5wcm9qZWN0LA0KICAgIH0NCn0NCg0KIyBCeSBkZWZhdWx0LCBkZW55IHJlcXVlc3RzLg0KZGVmYXVsdCBhbGxvdyA9IGZhbHNlDQoNCiMgQWxsb3cgdGhlIGFjdGlvbiBpZiB0aGUgdXNlciBpcyBncmFudGVkIHBlcm1pc3Npb24gdG8gcGVyZm9ybSB0aGUgYWN0aW9uLg0KYWxsb3cgew0KICAgIGNvdW50KG1hdGNoaW5nX2dyYW50cykgPiAwDQp9DQoNCmFsbG93IHsNCiAgdXNlcl91dGlscy5hZG1pbl9raW5kDQp9DQoNCm1hdGNoaW5nX2dyYW50c1tncmFudF0gew0KICAgICMgRmluZCBncmFudHMgZm9yIHRoZSB1c2VyLg0KICAgIHNvbWUgZ3JhbnQgaW4gZ3JhbnRzDQoNCiAgICAjIENoZWNrIGlmIHRoZSBncmFudCBwZXJtaXRzIHRoZSBhY3Rpb24uDQogICAgaW5wdXRfcXVlcnkuYWN0aW9uID09IGdyYW50DQp9DQoNCnByb2plY3QgOj0gcHJvamVjdF9rZXkgew0KICAgIGlucHV0X3F1ZXJ5LnJlc291cmNlLnByb2plY3QgIT0gbnVsbA0KICAgIHByb2plY3Rfa2V5IDo9IGlucHV0X3F1ZXJ5LnJlc291cmNlLnByb2plY3QNCn0NCg0KdXNlcl9yb2xlc1tyb2xlX2tleV0gew0KICAgIHNvbWUgcm9sZV9rZXkgaW4gZGF0YS51c2Vyc1tpbnB1dF9xdWVyeS51c2VyLmtleV0ucm9sZUFzc2lnbm1lbnRzW3Byb2plY3RdDQp9DQoNCmdyYW50c1tncmFudF0gew0KICAgIHNvbWUgcm9sZV9rZXkgaW4gdXNlcl9yb2xlcw0KICAgIHNvbWUgZ3JhbnQgaW4gZGF0YS5yb2xlc1tyb2xlX2tleV0uZ3JhbnRzW2lucHV0X3F1ZXJ5LnJlc291cmNlLnR5cGVdDQp9DQoNCg0KZGVmYXVsdCBkZWJ1ZyA9IG51bGwNCmRlYnVnIDo9IHsNCiAgICAiaW5wdXRfcXVlcnkiOiBpbnB1dF9xdWVyeSwNCiAgICAicHJvamV0IjogcHJvamVjdCwNCiAgICAidXNlcl9yb2xlcyI6IHVzZXJfcm9sZXMsDQogICAgImdyYW50cyI6IGdyYW50cywNCiAgICAibWF0Y2hpbmdfZ3JhbnRzIjogbWF0Y2hpbmdfZ3JhbnRzLA0KfQ0KDQo=","package":"lnjoying.rbac.rbac.rego"},{"rule":"cGFja2FnZSBsbmpveWluZy5wb2xpY2llcw0KDQppbXBvcnQgZGF0YS5sbmpveWluZy5yYmFjDQppbXBvcnQgZGF0YS5sbmpveWluZy5hYmFjDQoNCmRlZmF1bHQgYWxsb3cgOj0gZmFsc2UNCg0KYWxsb3cgew0KICAgIHJiYWMuYWxsb3cNCn0NCg0KYWxsb3cgew0KICAgIGFiYWMuYWxsb3cNCn0NCg0KDQpfX2FsbG93X3NvdXJjZXNbImFiYWMiXSB7DQogICAgYWJhYy5hbGxvdw0KfQ0KDQpkZWZhdWx0IF9fZGVidWdfaW5wdXQgOj0gbnVsbA0KX19kZWJ1Z19pbnB1dCA9IHsNCiAgICAiYWN0aW9uIjogaW5wdXQuYWN0aW9uLA0KICAgICJ1c2VyIjogaW5wdXQudXNlciwNCiAgICAicmVzb3VyY2UiOiBpbnB1dC5yZXNvdXJjZSwNCn0NCg0KZGVidWcgOj0gew0KICAgICJhbGxvd19zb3VyY2UiOiBfX2FsbG93X3NvdXJjZXMsDQogICAgInJiYWMiOiByYmFjLmRlYnVnLA0KICAgICJhYmFjIjogYWJhYy5kZWJ1ZywNCiAgICAiaW5wdXQiOiBfX2RlYnVnX2lucHV0LA0KfQ==","package":"lnjoying.root.rego"}]}', '2023-04-23 21:02:41.875+08', '2023-04-23 21:02:41.875+08', NULL);
INSERT INTO "public"."tbl_iam_policy_version" ("policy_id", "version_id", "document", "create_time", "update_time", "description") VALUES ('06c37abf2e6e4d4c9d3130d7ea7d8ae3', 'v1', '{"version":"","type":"rego","statement":[{"package":"","rule":"cGFja2FnZSBsbmpveWluZy5nZW5lcmF0ZWQuY29uZGl0aW9uc2V0LnJ1bGVzCgppbXBvcnQgZnV0dXJlLmtleXdvcmRzLmluCgppbXBvcnQgZGF0YS5sbmpveWluZy5nZW5lcmF0ZWQuYWJhYy51dGlscy5hdHRyaWJ1dGVzCiNpbXBvcnQgZGF0YS5sbmpveWluZy5nZW5lcmF0ZWQuYWJhYy51dGlscy5jb25kaXRpb25fc2V0X3Blcm1pc3Npb25zCmltcG9ydCBkYXRhLmxuam95aW5nLmdlbmVyYXRlZC5jb25kaXRpb25zZXQKCiMgbXVzdCBzdGFydCB3aXRoIHJ1bGVfXwpkZWZhdWx0IHJ1bGVfX2FsbF9hY3Rpb25zIDo9IGZhbHNlCgpydWxlX19hbGxfYWN0aW9ucyB7Cgljb25kaXRpb25zZXQuYWN0aW9uc2V0X2FsbF9hY3Rpb25zCn0="},{"package":"","rule":"cGFja2FnZSBsbmpveWluZy5nZW5lcmF0ZWQuY29uZGl0aW9uc2V0CgoKaW1wb3J0IGZ1dHVyZS5rZXl3b3Jkcy5pbgppbXBvcnQgZGF0YS5sbmpveWluZy5nZW5lcmF0ZWQuYWJhYy51dGlscy5hdHRyaWJ1dGVzCmltcG9ydCBkYXRhLmxuam95aW5nLmdlbmVyYXRlZC5hYmFjLnV0aWxzLl9tYXRjaGVzX2FjdGlvbnMKCmRlZmF1bHQgYWN0aW9uc2V0X2FsbF9hY3Rpb25zIDo9IGZhbHNlCgoKYWN0aW9uc2V0X2FsbF9hY3Rpb25zIHsKCgkKICAgICMgZXhhY3QgbWF0Y2gKCSNpbnB1dC5hY3Rpb24gaW4gWyJpYW06Z2V0UHJvamVjdCIsICJpYW06Z2V0UHJvamVjdExpc3QiXQogICAgIyBmdXp6eSBtYXRjaAogICAgX21hdGNoZXNfYWN0aW9ucyhpbnB1dC5hY3Rpb24sIFsiaWFtOioiXSkKfQ=="}]}', '2023-04-06 15:14:00.934+08', '2023-04-06 15:14:00.934+08', NULL);
INSERT INTO "public"."tbl_iam_policy_version" ("policy_id", "version_id", "document", "create_time", "update_time", "description") VALUES ('06c37abf2e6e4d4c9d3130d7ea7d8ae3', 'v2', '{"version":"","type":"rego","statement":[{"package":"","rule":"cGFja2FnZSBsbmpveWluZy5nZW5lcmF0ZWQuY29uZGl0aW9uc2V0LnJ1bGVzCgppbXBvcnQgZnV0dXJlLmtleXdvcmRzLmluCgppbXBvcnQgZGF0YS5sbmpveWluZy5nZW5lcmF0ZWQuYWJhYy51dGlscy5hdHRyaWJ1dGVzCiNpbXBvcnQgZGF0YS5sbmpveWluZy5nZW5lcmF0ZWQuYWJhYy51dGlscy5jb25kaXRpb25fc2V0X3Blcm1pc3Npb25zCmltcG9ydCBkYXRhLmxuam95aW5nLmdlbmVyYXRlZC5jb25kaXRpb25zZXQKCiMgbXVzdCBzdGFydCB3aXRoIHJ1bGVfXwpkZWZhdWx0IHJ1bGVfX2FsbF9hY3Rpb25zIDo9IGZhbHNlCgpydWxlX19hbGxfYWN0aW9ucyB7Cgljb25kaXRpb25zZXQuYWN0aW9uc2V0X2lhbV9hbGxfYWN0aW9ucwp9"},{"package":"","rule":"cGFja2FnZSBsbmpveWluZy5nZW5lcmF0ZWQuY29uZGl0aW9uc2V0CgoKaW1wb3J0IGZ1dHVyZS5rZXl3b3Jkcy5pbgppbXBvcnQgZGF0YS5sbmpveWluZy5nZW5lcmF0ZWQuYWJhYy51dGlscy5hdHRyaWJ1dGVzCmltcG9ydCBkYXRhLmxuam95aW5nLmdlbmVyYXRlZC5hYmFjLnV0aWxzLl9tYXRjaGVzX2FjdGlvbnMKCiNkZWZhdWx0IGFjdGlvbnNldF9wcm9qZWN0bGlzdCA9IGZhbHNlCmFjdGlvbnNldF9pYW1fYWxsX2FjdGlvbnNbYWN0aW9uc117CgoKICAgICMgZXhhY3QgbWF0Y2gKCSNpbnB1dC5hY3Rpb24gaW4gWyJpYW06Z2V0UHJvamVjdCIsICJpYW06Z2V0UHJvamVjdExpc3QiXQogICAgIyBmdXp6eSBtYXRjaAogICAgIGFjdGlvbnMgOj0gWyJpYW06KiJdCiAgICBfbWF0Y2hlc19hY3Rpb25zKGlucHV0LmFjdGlvbiwgYWN0aW9ucykKfQ=="}]}', '2023-04-06 15:14:00.934+08', '2023-04-06 15:34:08.46+08', NULL);
INSERT INTO "public"."tbl_iam_policy_version" ("policy_id", "version_id", "document", "create_time", "update_time", "description") VALUES ('06c37abf2e6e4d4c9d3130d7ea7d8ae3', 'v3', '{"version":"","type":"rego","statement":[{"package":"","rule":"cGFja2FnZSBsbmpveWluZy5nZW5lcmF0ZWQuY29uZGl0aW9uc2V0LnJ1bGVzCgppbXBvcnQgZnV0dXJlLmtleXdvcmRzLmluCgppbXBvcnQgZGF0YS5sbmpveWluZy5nZW5lcmF0ZWQuYWJhYy51dGlscy5hdHRyaWJ1dGVzCiNpbXBvcnQgZGF0YS5sbmpveWluZy5nZW5lcmF0ZWQuYWJhYy51dGlscy5jb25kaXRpb25fc2V0X3Blcm1pc3Npb25zCmltcG9ydCBkYXRhLmxuam95aW5nLmdlbmVyYXRlZC5jb25kaXRpb25zZXQKCiNkZWZhdWx0IHJ1bGVfX3Byb2plY3QgPSBmYWxzZQoKcnVsZV9faWFtX2FsbFthY3Rpb25dIHsKCQoJc29tZSBhY3Rpb24gaW4gY29uZGl0aW9uc2V0LmFjdGlvbnNldF9pYW1fYWxsX2FjdGlvbnMKICAgIGNvbmRpdGlvbnNldC5yZXNvdXJjZXNldF9wcm9qZWN0Cn0="},{"package":"","rule":"cGFja2FnZSBsbmpveWluZy5nZW5lcmF0ZWQuY29uZGl0aW9uc2V0CgoKaW1wb3J0IGZ1dHVyZS5rZXl3b3Jkcy5pbgppbXBvcnQgZGF0YS5sbmpveWluZy5nZW5lcmF0ZWQuYWJhYy51dGlscy5hdHRyaWJ1dGVzCmltcG9ydCBkYXRhLmxuam95aW5nLmdlbmVyYXRlZC5hYmFjLnV0aWxzLl9tYXRjaGVzX2FjdGlvbnMKCiNkZWZhdWx0IGFjdGlvbnNldF9wcm9qZWN0bGlzdCA9IGZhbHNlCmFjdGlvbnNldF9pYW1fYWxsX2FjdGlvbnNbYWN0aW9uc117CgoKICAgICMgZXhhY3QgbWF0Y2gKCSNpbnB1dC5hY3Rpb24gaW4gWyJpYW06Z2V0UHJvamVjdCIsICJpYW06Z2V0UHJvamVjdExpc3QiXQogICAgIyBmdXp6eSBtYXRjaAogICAgIGFjdGlvbnMgOj0gWyJpYW06KiJdCiAgICBfbWF0Y2hlc19hY3Rpb25zKGlucHV0LmFjdGlvbiwgYWN0aW9ucykKfQ=="}]}', '2023-04-06 15:14:00.934+08', '2023-04-06 15:45:57.878+08', NULL);
INSERT INTO "public"."tbl_iam_policy_version" ("policy_id", "version_id", "document", "create_time", "update_time", "description") VALUES ('06c37abf2e6e4d4c9d3130d7ea7d8ae3', 'v4', '{"version":"","type":"rego","statement":[{"package":"","rule":"cGFja2FnZSBsbmpveWluZy5nZW5lcmF0ZWQuY29uZGl0aW9uc2V0LnJ1bGVzCgppbXBvcnQgZnV0dXJlLmtleXdvcmRzLmluCgppbXBvcnQgZGF0YS5sbmpveWluZy5nZW5lcmF0ZWQuYWJhYy51dGlscy5hdHRyaWJ1dGVzCiNpbXBvcnQgZGF0YS5sbmpveWluZy5nZW5lcmF0ZWQuYWJhYy51dGlscy5jb25kaXRpb25fc2V0X3Blcm1pc3Npb25zCmltcG9ydCBkYXRhLmxuam95aW5nLmdlbmVyYXRlZC5jb25kaXRpb25zZXQKCiNkZWZhdWx0IHJ1bGVfX3Byb2plY3QgPSBmYWxzZQoKcnVsZV9faWFtX2FsbFthY3Rpb25dIHsKCQoJc29tZSBhY3Rpb24gaW4gY29uZGl0aW9uc2V0LmFjdGlvbnNldF9pYW1fYWxsX2FjdGlvbnMKIAp9"},{"package":"","rule":"cGFja2FnZSBsbmpveWluZy5nZW5lcmF0ZWQuY29uZGl0aW9uc2V0CgoKaW1wb3J0IGZ1dHVyZS5rZXl3b3Jkcy5pbgppbXBvcnQgZGF0YS5sbmpveWluZy5nZW5lcmF0ZWQuYWJhYy51dGlscy5hdHRyaWJ1dGVzCmltcG9ydCBkYXRhLmxuam95aW5nLmdlbmVyYXRlZC5hYmFjLnV0aWxzLl9tYXRjaGVzX2FjdGlvbnMKCiNkZWZhdWx0IGFjdGlvbnNldF9wcm9qZWN0bGlzdCA9IGZhbHNlCmFjdGlvbnNldF9pYW1fYWxsX2FjdGlvbnNbYWN0aW9uc117CgoKICAgICMgZXhhY3QgbWF0Y2gKCSNpbnB1dC5hY3Rpb24gaW4gWyJpYW06Z2V0UHJvamVjdCIsICJpYW06Z2V0UHJvamVjdExpc3QiXQogICAgIyBmdXp6eSBtYXRjaAogICAgIGFjdGlvbnMgOj0gWyJpYW06KiJdCiAgICBfbWF0Y2hlc19hY3Rpb25zKGlucHV0LmFjdGlvbiwgYWN0aW9ucykKfQ=="}]}', '2023-04-06 15:14:00.934+08', '2023-04-06 15:46:36.548+08', NULL);
INSERT INTO "public"."tbl_iam_policy_version" ("policy_id", "version_id", "document", "create_time", "update_time", "description") VALUES ('35a9aedef6684bc3bf7addb89529a574', 'v1', '{"version":"","type":"rego","statement":[{"package":"","rule":"cGFja2FnZSBsbmpveWluZy5nZW5lcmF0ZWQuY29uZGl0aW9uc2V0LnJ1bGVzCgppbXBvcnQgZnV0dXJlLmtleXdvcmRzLmluCgppbXBvcnQgZGF0YS5sbmpveWluZy5nZW5lcmF0ZWQuYWJhYy51dGlscy5hdHRyaWJ1dGVzCiNpbXBvcnQgZGF0YS5sbmpveWluZy5nZW5lcmF0ZWQuYWJhYy51dGlscy5jb25kaXRpb25fc2V0X3Blcm1pc3Npb25zCmltcG9ydCBkYXRhLmxuam95aW5nLmdlbmVyYXRlZC5jb25kaXRpb25zZXQKCiNkZWZhdWx0IHJ1bGVfX3Byb2plY3QgPSBmYWxzZQoKcnVsZV9faWFtX3JlYWRvbmx5X2FjY2Vzc1thY3Rpb25dIHsKCQoJc29tZSBhY3Rpb24gaW4gY29uZGl0aW9uc2V0LmFjdGlvbnNldF9pYW1fcmVhZG9ubHlfYWN0aW9ucwogCn0="},{"package":"","rule":"cGFja2FnZSBsbmpveWluZy5nZW5lcmF0ZWQuY29uZGl0aW9uc2V0CgoKaW1wb3J0IGZ1dHVyZS5rZXl3b3Jkcy5pbgppbXBvcnQgZGF0YS5sbmpveWluZy5nZW5lcmF0ZWQuYWJhYy51dGlscy5hdHRyaWJ1dGVzCmltcG9ydCBkYXRhLmxuam95aW5nLmdlbmVyYXRlZC5hYmFjLnV0aWxzLl9tYXRjaGVzX2FjdGlvbnMKCgphY3Rpb25zZXRfaWFtX3JlYWRvbmx5X2FjdGlvbnMgW2FjdGlvbnNdewoKICAgICBhY3Rpb25zIDo9IFsiaWFtOmdldFBvbGljeSIsCiAgICAgICAgICAgICAgICAiaWFtOmdldFByb2plY3QiLAogICAgICAgICAgICAgICAgImlhbTpnZXRQcm9qZWN0TGlzdCIsCiAgICAgICAgICAgICAgICAiaWFtOmdldFBvbGljeUxpc3QiLAogICAgICAgICAgICAgICAgImlhbTpnZXRQb2xpY3lWZXJzaW9uIiwKICAgICAgICAgICAgICAgICJpYW06Z2V0VXNlclJvbGUiLAogICAgICAgICAgICAgICAgImlhbTpnZXRSb2xlIiwKICAgICAgICAgICAgICAgICJpYW06Z2V0UG9saWN5VmVyc2lvbnMiLAogICAgICAgICAgICAgICAgImlhbTpnZXRXeFRva2VuIiwKICAgICAgICAgICAgICAgICJpYW06Z2V0UG9saWN5RW50aXRpZXMiLAogICAgICAgICAgICAgICAgImlhbTpnZXRCcHMiLAogICAgICAgICAgICAgICAgImlhbTpnZXRCcCIsCiAgICAgICAgICAgICAgICAiaWFtOmdldFVzZXJJbmZvcyIsCiAgICAgICAgICAgICAgICAiaWFtOmdldFVzZXJJbmZvIiwKICAgICAgICAgICAgICAgICJpYW06Z2V0Q29tbW9uUmVzb3VyY2VMaXN0IiwKICAgICAgICAgICAgICAgICJpYW06Z2V0Q29tbW9uUmVzb3VyY2UiLAogICAgICAgICAgICAgICAgImlhbTpnZXRTZXJ2aWNlTGlzdCIsCiAgICAgICAgICAgICAgICAiaWFtOmdldFNlcnZpY2UiLAogICAgICAgICAgICAgICAgImlhbTpnZXRSb2xlTGlzdCIsCiAgICAgICAgICAgICAgICAiaWFtOmdldFVzZXJJZHMiLAogICAgICAgICAgICAgICAgImlhbTpnZXRCcElkcyIsCiAgICAgICAgICAgICAgICAiaWFtOmdldFVzZXJOYW1lQnlVc2VySWQiLAogICAgICAgICAgICAgICAgImlhbTpnZXRVc2VySW5mb0J5VXNlSWQiLAogICAgICAgICAgICAgICAgImlhbTpnZXRCcE51bSIsCiAgICAgICAgICAgICAgICAiaWFtOmdldE1hc3RlclVzZXJJbmZvQnlCcElkIiwKICAgICAgICAgICAgICAgICJpYW06Z2V0QnBOYW1lQnlCcElkIiwKICAgICAgICAgICAgICAgICJpYW06Z2V0Um9sZXNCeVVzZXJJZCIsCiAgICAgICAgICAgICAgICAiaWFtOmdldEF0dGFjaG1lbnRMaXN0IiwKICAgICAgICAgICAgICAgICJpYW06Z2V0VXNlcnNJblByb2plY3QiLAogICAgICAgICAgICAgICAgImlhbTpnZXRHcm91cHNJblByb2plY3QiXQogICAgX21hdGNoZXNfYWN0aW9ucyhpbnB1dC5hY3Rpb24sIGFjdGlvbnMpCn0="}]}', '2023-04-06 15:56:18.236+08', '2023-04-06 15:56:18.236+08', NULL);
INSERT INTO "public"."tbl_iam_policy_version" ("policy_id", "version_id", "document", "create_time", "update_time", "description") VALUES ('70275c078b5e401292dcfd4f7fec80e6', 'v1', '{"version":"","type":"rego","statement":[{"package":"","rule":"cGFja2FnZSBsbmpveWluZy5nZW5lcmF0ZWQuY29uZGl0aW9uc2V0LnJ1bGVzCgppbXBvcnQgZnV0dXJlLmtleXdvcmRzLmluCgppbXBvcnQgZGF0YS5sbmpveWluZy5nZW5lcmF0ZWQuYWJhYy51dGlscy5hdHRyaWJ1dGVzCmltcG9ydCBkYXRhLmxuam95aW5nLmdlbmVyYXRlZC5jb25kaXRpb25zZXQKCgpydWxlX19zeXNfYWxsW2FjdGlvbl0gewoJCglzb21lIGFjdGlvbiBpbiBjb25kaXRpb25zZXQuYWN0aW9uc2V0X3N5c19hbGxfYWN0aW9ucwogCn0="},{"package":"","rule":"cGFja2FnZSBsbmpveWluZy5nZW5lcmF0ZWQuY29uZGl0aW9uc2V0CgoKaW1wb3J0IGZ1dHVyZS5rZXl3b3Jkcy5pbgppbXBvcnQgZGF0YS5sbmpveWluZy5nZW5lcmF0ZWQuYWJhYy51dGlscy5hdHRyaWJ1dGVzCmltcG9ydCBkYXRhLmxuam95aW5nLmdlbmVyYXRlZC5hYmFjLnV0aWxzLl9tYXRjaGVzX2FjdGlvbnMKCmFjdGlvbnNldF9zeXNfYWxsX2FjdGlvbnNbYWN0aW9uc117CgogICAgIGFjdGlvbnMgOj0gWyJzeXM6KiJdCiAgICBfbWF0Y2hlc19hY3Rpb25zKGlucHV0LmFjdGlvbiwgYWN0aW9ucykKfQ=="}]}', '2023-04-14 20:29:37.215+08', '2023-04-14 20:29:37.215+08', NULL);
INSERT INTO "public"."tbl_iam_policy_version" ("policy_id", "version_id", "document", "create_time", "update_time", "description") VALUES ('06c37abf2e6e4d4c9d3130d7ea7d8ae3', 'v5', '{"statement":[{"package":"","rule":"cGFja2FnZSBsbmpveWluZy5nZW5lcmF0ZWQuY29uZGl0aW9uc2V0LnJ1bGVzCgppbXBvcnQgZnV0dXJlLmtleXdvcmRzLmluCgppbXBvcnQgZGF0YS5sbmpveWluZy5nZW5lcmF0ZWQuYWJhYy51dGlscy5hdHRyaWJ1dGVzCiNpbXBvcnQgZGF0YS5sbmpveWluZy5nZW5lcmF0ZWQuYWJhYy51dGlscy5jb25kaXRpb25fc2V0X3Blcm1pc3Npb25zCmltcG9ydCBkYXRhLmxuam95aW5nLmdlbmVyYXRlZC5jb25kaXRpb25zZXQKCiNkZWZhdWx0IHJ1bGVfX3Byb2plY3QgPSBmYWxzZQoKcnVsZV9faWFtX2FsbFthY3Rpb25dIHsKCQoJc29tZSBhY3Rpb24gaW4gY29uZGl0aW9uc2V0LmFjdGlvbnNldF9pYW1fYWxsX2FjdGlvbnMKIAp9"},{"package":"","rule":"cGFja2FnZSBsbmpveWluZy5nZW5lcmF0ZWQuY29uZGl0aW9uc2V0CgoKaW1wb3J0IGZ1dHVyZS5rZXl3b3Jkcy5pbgppbXBvcnQgZGF0YS5sbmpveWluZy5nZW5lcmF0ZWQuYWJhYy51dGlscy5hdHRyaWJ1dGVzCmltcG9ydCBkYXRhLmxuam95aW5nLmdlbmVyYXRlZC5hYmFjLnV0aWxzLl9tYXRjaGVzX2FjdGlvbnMKCiNkZWZhdWx0IGFjdGlvbnNldF9wcm9qZWN0bGlzdCA9IGZhbHNlCmFjdGlvbnNldF9pYW1fYWxsX2FjdGlvbnNbYWN0aW9uc117CgoKICAgICMgZXhhY3QgbWF0Y2gKCSNpbnB1dC5hY3Rpb24gaW4gWyJpYW06Z2V0UHJvamVjdCIsICJpYW06Z2V0UHJvamVjdExpc3QiXQogICAgIyBmdXp6eSBtYXRjaAogICAgIGFjdGlvbnMgOj0gWyJpYW06KiJdCiAgICBfbWF0Y2hlc19hY3Rpb25zKGlucHV0LmFjdGlvbiwgYWN0aW9ucykKfQ=="}],"version":"","type":"rego"}', '2023-04-06 15:14:00.934+08', '2023-04-07 14:17:04.552+08', 'iam模块的任意操作');
INSERT INTO "public"."tbl_iam_policy_version" ("policy_id", "version_id", "document", "create_time", "update_time", "description") VALUES ('5524ee5d1a514275a35788bb8575a3d6', 'v1', '{"version":"2023-04-19","type":"REGO","statement":[{"rule":"cGFja2FnZSBsbmpveWluZy5nZW5lcmF0ZWQucmJhYy51dGlscwoKaW1wb3J0IGZ1dHVyZS5rZXl3b3Jkcy5pbgoKCgpyb2xlc1tyb2xlS2V5XSB7CiAgICBzb21lIHJvbGVLZXkgaW4gZGF0YS51c2Vyc1tpbnB1dC51c2VyLmtleV0ucm9sZUFzc2lnbm1lbnRzW2lucHV0LnJlc291cmNlLnByb2plY3RdCn0K","package":"lnjoying.rbac.utils.rego"},{"rule":"cGFja2FnZSBsbmpveWluZy5nZW5lcmF0ZWQuYWJhYy51dGlscw0KDQppbXBvcnQgZnV0dXJlLmtleXdvcmRzLmluDQoNCiMgbm90IHVuZGVmaW5lZCBpZiBvYmplY3QgJ3gnIGhhcyBhIGtleSAnaycNCmhhc19rZXkoeCwgaykgew0KICAgIF8gOj0geFtrXQ0KfQ0KDQojIElmIGEgZmllbGQgJ2snIHJlbGllcyBpbiBib3RoICdhJyBhbmQgJ2InIG9iamVjdHMsIHBpY2sgaXRzIHZhbHVlIGZyb20gJ2EnLg0KcGlja19maXJzdChrLCBhLCBiKSA9IGFba10gew0KICAgIGhhc19rZXkoYSwgaykNCn0NCg0KZWxzZSA9IGJba10gew0KICAgIHRydWUNCn0NCg0KIyBoYXlzdGFjaywgbmVlZGxlDQpfbWF0Y2hlc19hY3Rpb25zKGhheXN0YWNrLCBuZWVkbGVzKQ0Kew0KCXNvbWUgbmVlZGxlIGluIG5lZWRsZXMNCglfbWF0Y2hlc19leGVtcHRpb24oaGF5c3RhY2ssIG5lZWRsZSkNCn0NCg0KDQpfbWF0Y2hlc19leGVtcHRpb24oaGF5c3RhY2ssIGV4ZW1wdGlvbikgew0KICAgIG5vdCBlbmRzd2l0aChleGVtcHRpb24sICIqIikNCiAgICBleGVtcHRpb24gPT0gaGF5c3RhY2sNCn0NCg0KX21hdGNoZXNfZXhlbXB0aW9uKGhheXN0YWNrLCBleGVtcHRpb24pIHsNCiAgICBlbmRzd2l0aChleGVtcHRpb24sICIqIikNCiAgICBwcmVmaXggOj0gdHJpbV9zdWZmaXgoZXhlbXB0aW9uLCAiKiIpDQogICAgc3RhcnRzd2l0aChoYXlzdGFjaywgcHJlZml4KQ0KfQ0KDQoNCiMgTWVyZ2luZyBvYmplY3RzIGEgJiBiLiBJZiBhIGZpZWxkIHJlbGllcyBpbiBib3RoIG9mIHRoZW0sIHBpY2sgaXQncyB2YWx1ZSBmcm9tIGEuDQptZXJnZV9vYmplY3RzKGEsIGIpID0gYyB7DQogICAga3MgOj0ge2sgfCBzb21lIGs7IF8gPSBhW2tdfSB8IHtrIHwgc29tZSBrOyBfID0gYltrXX0NCiAgICBjIDo9IHtrOiB2IHwgc29tZSBrOyBrc1trXTsgdiA6PSBwaWNrX2ZpcnN0KGssIGIsIGEpfQ0KfQ0KDQpyb2xlc1tyb2xlS2V5XSB7DQogICAgc29tZSByb2xlS2V5IGluIGRhdGEudXNlcnNbaW5wdXQudXNlci5rZXldLnJvbGVBc3NpZ25tZW50c1tpbnB1dC5yZXNvdXJjZS5wcm9qZWN0XQ0KfQ0KDQpfX2dlbmVyYXRlZF91c2VyX2F0dHJpYnV0ZXMgPSB7InJvbGVzIjogcm9sZXN9DQoNCl9fZ2VuZXJhdGVkX3Jlc291cmNlX2F0dHJpYnV0ZXMgPSB7InR5cGUiOiBpbnB1dC5yZXNvdXJjZS50eXBlfQ0KDQpkZWZhdWx0IF9fc3RvcmVkX3VzZXJfYXR0cmlidXRlcyA9IHt9DQoNCl9fc3RvcmVkX3VzZXJfYXR0cmlidXRlcyA9IGRhdGEudXNlcnNbaW5wdXQudXNlci5rZXldLmF0dHJpYnV0ZXMNCg0KZGVmYXVsdCBfX2lucHV0X3VzZXJfYXR0cmlidXRlcyA9IHt9DQoNCmRlZmF1bHQgX19pbnB1dF9yZXNvdXJjZV9hdHRyaWJ1dGVzID0ge30NCg0KZGVmYXVsdCBfX2lucHV0X2NvbnRleHRfYXR0cmlidXRlcyA9IHt9DQoNCl9faW5wdXRfdXNlcl9hdHRyaWJ1dGVzID0gaW5wdXQudXNlci5hdHRyaWJ1dGVzDQoNCl9faW5wdXRfcmVzb3VyY2VfYXR0cmlidXRlcyA9IGlucHV0LnJlc291cmNlLmF0dHJpYnV0ZXMNCg0KX19pbnB1dF9jb250ZXh0X2F0dHJpYnV0ZXMgPSBpbnB1dC5jb250ZXh0DQoNCl9fdXNlcl9hdHRyaWJ1dGVzID0gbWVyZ2Vfb2JqZWN0cyhfX2lucHV0X3VzZXJfYXR0cmlidXRlcywgX19zdG9yZWRfdXNlcl9hdHRyaWJ1dGVzKQ0KDQphdHRyaWJ1dGVzID0gew0KICAgICJ1c2VyIjogbWVyZ2Vfb2JqZWN0cyhfX3VzZXJfYXR0cmlidXRlcywgX19nZW5lcmF0ZWRfdXNlcl9hdHRyaWJ1dGVzKSwNCiAgICAicmVzb3VyY2UiOiBtZXJnZV9vYmplY3RzKF9faW5wdXRfcmVzb3VyY2VfYXR0cmlidXRlcywgX19nZW5lcmF0ZWRfcmVzb3VyY2VfYXR0cmlidXRlcyksDQogICAgImNvbnRleHQiOiBfX2lucHV0X2NvbnRleHRfYXR0cmlidXRlcywNCn0NCg0KaW5wdXRfcXVlcnkgOj0gew0KICAgICJhY3Rpb24iOiBpbnB1dC5hY3Rpb24sDQogICAgInVzZXIiOiB7DQogICAgICAgICJrZXkiOiBpbnB1dC51c2VyLmtleSwNCiAgICB9LA0KICAgICJyZXNvdXJjZSI6IHsNCiAgICAgICAgInR5cGUiOiBpbnB1dC5yZXNvdXJjZS50eXBlLA0KICAgICAgICAicHJvamVjdCI6aW5wdXQucmVzb3VyY2UucHJvamVjdCwNCiAgICB9DQp9DQoNCnByb2plY3QgOj0gcHJvamVjdF9rZXkgew0KICAgIGlucHV0X3F1ZXJ5LnJlc291cmNlLnByb2plY3QgIT0gbnVsbA0KICAgIHByb2plY3Rfa2V5IDo9IGlucHV0X3F1ZXJ5LnJlc291cmNlLnByb2plY3QNCn0NCg0KdXNlcl9yb2xlc1tyb2xlX2tleV0gew0KICAgIHNvbWUgcm9sZV9rZXkgaW4gZGF0YS51c2Vyc1tpbnB1dF9xdWVyeS51c2VyLmtleV0ucm9sZUFzc2lnbm1lbnRzW3Byb2plY3RdDQp9DQoNCnJvbGVfcnVsZXNbcnVsZV0gew0KICAgIHNvbWUgcm9sZV9rZXkgaW4gdXNlcl9yb2xlcw0KICAgIHNvbWUgcnVsZSBpbiBkYXRhLmNvbmRpdGlvbl9zZXRfcm9sZV9ydWxlc1tyb2xlX2tleV0ucnVsZXMNCn0NCg0KIyB1c2Vyc2V0IHJlc291cmNlc2V0DQpjb25kaXRpb25fc2V0X3Blcm1pc3Npb25zIDo9IGRhdGEuY29uZGl0aW9uX3NldF9wZXJtaXNzaW9ucw0KDQp1c2VyX3J1bGVzW3J1bGVdIHsNCiAgICBzb21lIHJ1bGUgaW4gZGF0YS5jb25kaXRpb25fc2V0X3VzZXJfcnVsZXNbaW5wdXRfcXVlcnkudXNlci5rZXldW3Byb2plY3RdW19dLnJ1bGVzDQp9DQoNCiMgYWN0aW9uIHVzZXINCmNvbmRpdGlvbl9zZXRfcnVsZXMgOj0gdXNlcl9ydWxlcyB8IHJvbGVfcnVsZXMNCg==","package":"lnjoying.abac.utils.rego"},{"rule":"cGFja2FnZSBsbmpveWluZy5nZW5lcmF0ZWQuY29uZGl0aW9uc2V0CgppbXBvcnQgZnV0dXJlLmtleXdvcmRzLmluCmltcG9ydCBkYXRhLmxuam95aW5nLmdlbmVyYXRlZC5hYmFjLnV0aWxzLmF0dHJpYnV0ZXMKaW1wb3J0IGRhdGEubG5qb3lpbmcuZ2VuZXJhdGVkLnJlc291cmNlLnVzZXIudXRpbHMKCgpyZXNvdXJjZXNldF9hZG1pbl9raW5kIHsKICAgIHV0aWxzLmFkbWluX2tpbmQKfQoKcmVzb3VyY2VfYnBfYWRtaW5fa2luZCB7CiAgICB1dGlscy5icF9hZG1pbl9raW5kCn0KCnJlc291cmNlX2JwX3VzZXJfa2luZCB7CiAgICB1dGlscy5icF91c2VyX2tpbmQKfQoKcmVzb3VyY2VzZXRfYnBfa2luZCB7CiAgICB1dGlscy5icF9hZG1pbl9raW5kCn0KCnJlc291cmNlc2V0X2JwX2tpbmQgewogICAgdXRpbHMuYnBfdXNlcl9raW5kCn0KCg==","package":"lnjoying.common.user.user_kind.rego"},{"rule":"cGFja2FnZSBsbmpveWluZy5yb290DQoNCmltcG9ydCBkYXRhLmxuam95aW5nLnBvbGljaWVzDQppbXBvcnQgZGF0YS5sbmpveWluZy5jdXN0b20NCg0KICMgVGhlIHBvbGljeSB3aWxsIGFsbG93IGlmIGJvdGggcG9saWNpZXMuYWxsb3cgYW5kIG15X2N1c3RvbV9ydWxlIGFyZSB0cnVlDQoNCmRlZmF1bHQgYWxsb3cgOj0gZmFsc2UNCg0KYWxsb3cgew0KICAgIHBvbGljaWVzLmFsbG93DQp9DQoNCmFsbG93IHsNCiAgICBjdXN0b20uYWxsb3cNCn0NCg0KZGVidWcgPSBwb2xpY2llcy5kZWJ1Zw==","package":"root.rego"},{"rule":"cGFja2FnZSBsbmpveWluZy5hYmFjDQoNCmltcG9ydCBmdXR1cmUua2V5d29yZHMuaW4NCg0KaW1wb3J0IGRhdGEubG5qb3lpbmcuZ2VuZXJhdGVkLmNvbmRpdGlvbnNldA0KaW1wb3J0IGRhdGEubG5qb3lpbmcuZ2VuZXJhdGVkLmFiYWMudXRpbHMNCg0KZGVmYXVsdCBhbGxvdyA9IGZhbHNlDQoNCmFsbG93IHsNCiAgICAjY291bnQoYWxsb3dpbmdfcnVsZXMpID4gMA0KICAgIGNvdW50KG1hdGNoaW5nX3J1bGVzKSA+IDANCn0NCg0KI2FsbG93aW5nX3J1bGVzW3J1bGVdIHsNCiMgICAgc29tZSBydWxlLCB2YWx1ZSBpbiBjb25kaXRpb25zZXQucnVsZXMNCiMgICAgdmFsdWUgPT0gdHJ1ZQ0KI30NCg0KbWF0Y2hpbmdfcnVsZXNbeyJydWxlIjpydWxlLCAiYWN0aW9ucyI6dmFsdWV9XSB7DQogICAgc29tZSBydWxlLCB2YWx1ZSBpbiBjb25kaXRpb25zZXQucnVsZXMNCiAgICBydWxlIGluIHV0aWxzLmNvbmRpdGlvbl9zZXRfcnVsZXMNCiAgICBjb3VudCh2YWx1ZSk+MA0KICAgICN2YWx1ZSA9PSB0cnVlDQp9DQoNCm1hdGNoaW5nX3VzZXJzZXRzW3VzZXJzZXRdIHsNCiAgICBzb21lIHNldCwgdmFsdWUgaW4gY29uZGl0aW9uc2V0DQogICAgc3RhcnRzd2l0aChzZXQsICJ1c2Vyc2V0XyIpDQogICAgdmFsdWUgPT0gdHJ1ZQ0KICAgIHVzZXJzZXQgOj0gdHJpbV9wcmVmaXgoc2V0LCAidXNlcnNldF8iKQ0KfQ0KDQptYXRjaGluZ19yZXNvdXJjZXNldHNbcmVzb3VyY2VzZXRdIHsNCiAgICBzb21lIHNldCwgdmFsdWUgaW4gY29uZGl0aW9uc2V0DQogICAgc3RhcnRzd2l0aChzZXQsICJyZXNvdXJjZXNldF8iKQ0KICAgIHZhbHVlID09IHRydWUNCiAgICByZXNvdXJjZXNldCA6PSB0cmltX3ByZWZpeChzZXQsICJyZXNvdXJjZXNldF8iKQ0KfQ0KDQptYXRjaGluZ19hY3Rpb25zZXRzW2FjdGlvbnNldF0gew0KICAgIHNvbWUgc2V0LCB2YWx1ZSBpbiBjb25kaXRpb25zZXQNCiAgICBzdGFydHN3aXRoKHNldCwgImFjdGlvbnNldF8iKQ0KICAgIHZhbHVlID09IHRydWUNCiAgICBhY3Rpb25zZXQgOj0gdHJpbV9wcmVmaXgoc2V0LCAiYWN0aW9uc2V0XyIpDQp9DQoNCg0KdXNlcnNldF9wZXJtaXNzaW9uc1t1c2Vyc2V0XSA9IHJlc291cmNlc2V0X3Blcm1pc3Npb25zIHsNCiAgICBzb21lIHVzZXJzZXQgaW4gbWF0Y2hpbmdfdXNlcnNldHMNCiAgICByZXNvdXJjZXNldF9wZXJtaXNzaW9ucyA6PSB7DQogICAgICAgIHJlc291cmNlc2V0OiBwZXJtaXNzaW9ucyB8DQogICAgICAgICAgICBzb21lIHJlc291cmNlc2V0IGluIG1hdGNoaW5nX3Jlc291cmNlc2V0cw0KICAgICAgICAgICAgcGVybWlzc2lvbnMgOj0gdXRpbHMuY29uZGl0aW9uX3NldF9wZXJtaXNzaW9uc1t1c2Vyc2V0XVtyZXNvdXJjZXNldF0NCiAgICB9DQp9DQoNCmRlZmF1bHQgZGVidWcgPSBudWxsDQpkZWJ1ZyA9IHsNCiAgICAjImFsbG93aW5nX3J1bGVzIjogYWxsb3dpbmdfcnVsZXMsDQogICAgIm1hdGNoaW5nX3J1bGVzIjptYXRjaGluZ19ydWxlcywNCiAgICAibWF0Y2hpbmdfYWN0aW9uc2V0cyI6bWF0Y2hpbmdfYWN0aW9uc2V0cywNCiAgICAibWF0Y2hpbmdfdXNlcnNldHMiOiBtYXRjaGluZ191c2Vyc2V0cywNCiAgICAibWF0Y2hpbmdfcmVzb3VyY2VzZXRzIjogbWF0Y2hpbmdfcmVzb3VyY2VzZXRzLA0KICAgICJ1c2Vyc2V0X3Blcm1pc3Npb25zIjogdXNlcnNldF9wZXJtaXNzaW9ucywNCiAgICAiYXR0cmlidXRlcyI6IHsNCiAgICAgICAgImNvbnRleHQiOiB7DQogICAgICAgICAgICAiZ2VuZXJhdGVkIjoge30sDQogICAgICAgICAgICAiaW5wdXQiOiB1dGlscy5fX2lucHV0X2NvbnRleHRfYXR0cmlidXRlcywNCiAgICAgICAgICAgICJyZXN1bHQiOiB1dGlscy5hdHRyaWJ1dGVzLmNvbnRleHQsDQogICAgICAgIH0sDQogICAgICAgICJ1c2VyIjogew0KICAgICAgICAgICAgImdlbmVyYXRlZCI6IHV0aWxzLl9fZ2VuZXJhdGVkX3VzZXJfYXR0cmlidXRlcywNCiAgICAgICAgICAgICJpbnB1dCI6IHV0aWxzLl9faW5wdXRfdXNlcl9hdHRyaWJ1dGVzLA0KICAgICAgICAgICAgInJlc3VsdCI6IHV0aWxzLmF0dHJpYnV0ZXMudXNlciwNCiAgICAgICAgfSwNCiAgICAgICAgInJlc291cmNlIjogew0KICAgICAgICAgICAgImdlbmVyYXRlZCI6IHV0aWxzLl9fZ2VuZXJhdGVkX3Jlc291cmNlX2F0dHJpYnV0ZXMsDQogICAgICAgICAgICAiaW5wdXQiOiB1dGlscy5fX2lucHV0X3Jlc291cmNlX2F0dHJpYnV0ZXMsDQogICAgICAgICAgICAicmVzdWx0IjogdXRpbHMuYXR0cmlidXRlcy5yZXNvdXJjZSwNCiAgICAgICAgfSwNCiAgICB9DQp9","package":"lnjoying.abac.abac.rego"},{"rule":"cGFja2FnZSBsbmpveWluZy5jdXN0b20NCg0KZGVmYXVsdCBhbGxvdyA6PSBmYWxzZQ0K","package":"custom.root.rego"},{"rule":"cGFja2FnZSBsbmpveWluZy5nZW5lcmF0ZWQucmVzb3VyY2UudXNlci51dGlscwoKaXNfYWRtaW4oa2luZCkgewogICAga2luZCA9PSAiQURNSU4iCn0KCmlzX2FkbWluKGtpbmQpIHsKICAgIGtpbmQgPT0gIlNZU1RFTSIKfQoKaXNfYnBfYWRtaW4oa2luZCkgewogICAga2luZCA9PSAiQlBfQURNSU4iCn0KCmlzX2JwX3VzZXIoa2luZCkgewogICAga2luZCA9PSAiQlBfU1VCX1VTRVIiCn0KCmlzX3BlcnNvbmFsKGtpbmQpIHsKICAgIGtpbmQgPT0gIlBFUlNPTkFMIgp9CgphZG1pbl9raW5kewogaXNfYWRtaW4odXNlcl9raW5kKQp9CgpicF9hZG1pbl9raW5kewogaXNfYnBfYWRtaW4odXNlcl9raW5kKQp9CgpicF91c2VyX2tpbmR7CiBpc19icF91c2VyKHVzZXJfa2luZCkKfQoKcGVyc29uYWxfa2luZHsKIGlzX3BlcnNvbmFsKHVzZXJfa2luZCkKfQoKdXNlcl9raW5kIDo9IGtpbmQgewogICAgIyBraW5kIDo9IGRhdGEudXNlcnNbaW5wdXRfcXVlcnkudXNlci5rZXldLmF0dHJpYnV0ZXMua2luZAogICAga2luZCA6PSBpbnB1dC51c2VyLmF0dHJpYnV0ZXMua2luZAp9","package":"lnjoying.resource.user_utils.rego"},{"rule":"cGFja2FnZSBsbmpveWluZy5yYmFjDQoNCmltcG9ydCBmdXR1cmUua2V5d29yZHMNCmltcG9ydCBkYXRhLmxuam95aW5nLmdlbmVyYXRlZC5yYmFjLnV0aWxzDQppbXBvcnQgZGF0YS5sbmpveWluZy5nZW5lcmF0ZWQucmVzb3VyY2UudXNlci51dGlscyBhcyB1c2VyX3V0aWxzDQoNCmlucHV0X3F1ZXJ5IDo9IHsNCiAgICAiYWN0aW9uIjogaW5wdXQuYWN0aW9uLA0KICAgICAgICAidXNlciI6IHsNCiAgICAgICAgICAgICJrZXkiOiBpbnB1dC51c2VyLmtleSwNCiAgICAgICAgICAgICJraW5kIjogaW5wdXQudXNlci5hdHRyaWJ1dGVzLmtpbmQsDQogICAgICAgIH0sDQogICAgICAgICJyZXNvdXJjZSI6IHsNCiAgICAgICAgICAgICJ0eXBlIjogaW5wdXQucmVzb3VyY2UudHlwZSwNCiAgICAgICAgICAgICJwcm9qZWN0IjppbnB1dC5yZXNvdXJjZS5wcm9qZWN0LA0KICAgICAgICB9DQp9DQoNCiMgQnkgZGVmYXVsdCwgZGVueSByZXF1ZXN0cy4NCmRlZmF1bHQgYWxsb3cgPSBmYWxzZQ0KDQojIEFsbG93IHRoZSBhY3Rpb24gaWYgdGhlIHVzZXIgaXMgZ3JhbnRlZCBwZXJtaXNzaW9uIHRvIHBlcmZvcm0gdGhlIGFjdGlvbi4NCmFsbG93IHsNCiAgICBjb3VudChtYXRjaGluZ19ncmFudHMpID4gMA0KfQ0KDQphbGxvdyB7DQogIHVzZXJfdXRpbHMuYWRtaW5fa2luZA0KfQ0KDQptYXRjaGluZ19ncmFudHNbZ3JhbnRdIHsNCiAgICAjIEZpbmQgZ3JhbnRzIGZvciB0aGUgdXNlci4NCiAgICBzb21lIGdyYW50IGluIGdyYW50cw0KDQogICAgIyBDaGVjayBpZiB0aGUgZ3JhbnQgcGVybWl0cyB0aGUgYWN0aW9uLg0KICAgIGlucHV0X3F1ZXJ5LmFjdGlvbiA9PSBncmFudA0KfQ0KDQpwcm9qZWN0IDo9IHByb2plY3Rfa2V5IHsNCiAgICBpbnB1dF9xdWVyeS5yZXNvdXJjZS5wcm9qZWN0ICE9IG51bGwNCiAgICBwcm9qZWN0X2tleSA6PSBpbnB1dF9xdWVyeS5yZXNvdXJjZS5wcm9qZWN0DQp9DQoNCnVzZXJfcm9sZXNbcm9sZV9rZXldIHsNCiAgICBzb21lIHJvbGVfa2V5IGluIGRhdGEudXNlcnNbaW5wdXRfcXVlcnkudXNlci5rZXldLnJvbGVBc3NpZ25tZW50c1twcm9qZWN0XQ0KfQ0KDQpncmFudHNbZ3JhbnRdIHsNCiAgICBzb21lIHJvbGVfa2V5IGluIHVzZXJfcm9sZXMNCiAgICBzb21lIGdyYW50IGluIGRhdGEucm9sZXNbcm9sZV9rZXldLmdyYW50c1tpbnB1dF9xdWVyeS5yZXNvdXJjZS50eXBlXQ0KfQ0KDQoNCmRlZmF1bHQgZGVidWcgPSBudWxsDQpkZWJ1ZyA6PSB7DQogICAgImlucHV0X3F1ZXJ5IjogaW5wdXRfcXVlcnksDQogICAgInByb2pldCI6IHByb2plY3QsDQogICAgInVzZXJfcm9sZXMiOiB1c2VyX3JvbGVzLA0KICAgICJncmFudHMiOiBncmFudHMsDQogICAgIm1hdGNoaW5nX2dyYW50cyI6IG1hdGNoaW5nX2dyYW50cywNCn0NCg0K","package":"lnjoying.rbac.rbac.rego"},{"rule":"cGFja2FnZSBsbmpveWluZy5wb2xpY2llcw0KDQppbXBvcnQgZGF0YS5sbmpveWluZy5yYmFjDQppbXBvcnQgZGF0YS5sbmpveWluZy5hYmFjDQoNCmRlZmF1bHQgYWxsb3cgOj0gZmFsc2UNCg0KYWxsb3cgew0KICAgIHJiYWMuYWxsb3cNCn0NCg0KYWxsb3cgew0KICAgIGFiYWMuYWxsb3cNCn0NCg0KDQpfX2FsbG93X3NvdXJjZXNbImFiYWMiXSB7DQogICAgYWJhYy5hbGxvdw0KfQ0KDQpkZWZhdWx0IF9fZGVidWdfaW5wdXQgOj0gbnVsbA0KX19kZWJ1Z19pbnB1dCA9IHsNCiAgICAiYWN0aW9uIjogaW5wdXQuYWN0aW9uLA0KICAgICJ1c2VyIjogaW5wdXQudXNlciwNCiAgICAicmVzb3VyY2UiOiBpbnB1dC5yZXNvdXJjZSwNCn0NCg0KZGVidWcgOj0gew0KICAgICJhbGxvd19zb3VyY2UiOiBfX2FsbG93X3NvdXJjZXMsDQogICAgInJiYWMiOiByYmFjLmRlYnVnLA0KICAgICJhYmFjIjogYWJhYy5kZWJ1ZywNCiAgICAiaW5wdXQiOiBfX2RlYnVnX2lucHV0LA0KfQ==","package":"lnjoying.root.rego"}]}', '2023-04-19 16:25:30.02+08', '2023-04-19 16:25:30.02+08', NULL);
INSERT INTO "public"."tbl_iam_policy_version" ("policy_id", "version_id", "document", "create_time", "update_time", "description") VALUES ('a9db49b87a6442a28db589085f2bab9b', 'v1', '{"version":"","type":"rego","statement":[{"package":"","rule":"cGFja2FnZSBsbmpveWluZy5nZW5lcmF0ZWQuY29uZGl0aW9uc2V0LnJ1bGVzCgppbXBvcnQgZnV0dXJlLmtleXdvcmRzLmluCmltcG9ydCBkYXRhLmxuam95aW5nLmdlbmVyYXRlZC5hYmFjLnV0aWxzLmF0dHJpYnV0ZXMKaW1wb3J0IGRhdGEubG5qb3lpbmcuZ2VuZXJhdGVkLmNvbmRpdGlvbnNldAoKCnJ1bGVfX2NtcF9hbGxbYWN0aW9uXSB7CgkKCXNvbWUgYWN0aW9uIGluIGNvbmRpdGlvbnNldC5hY3Rpb25zZXRfY21wX2FsbF9hY3Rpb25zCiAKfQ=="},{"package":"","rule":"cGFja2FnZSBsbmpveWluZy5nZW5lcmF0ZWQuY29uZGl0aW9uc2V0CgoKaW1wb3J0IGZ1dHVyZS5rZXl3b3Jkcy5pbgppbXBvcnQgZGF0YS5sbmpveWluZy5nZW5lcmF0ZWQuYWJhYy51dGlscy5hdHRyaWJ1dGVzCmltcG9ydCBkYXRhLmxuam95aW5nLmdlbmVyYXRlZC5hYmFjLnV0aWxzLl9tYXRjaGVzX2FjdGlvbnMKCmFjdGlvbnNldF9jbXBfYWxsX2FjdGlvbnNbYWN0aW9uc117CgogICAgIGFjdGlvbnMgOj0gWwojb3NfZXh0X3JvdXRlcgoiY21wOmdldFJvdXRlcnMiLAoiY21wOnVwZGF0ZVJvdXRlciIsCiJjbXA6Z2V0Um91dGVyRGV0YWlscyIsCgojZXNfZXh0X2ZpcmV3YWxsX3BvbGljeQoiY21wOmdldEZpcmV3YWxsUG9saWNpZXMiLAoKI25zX3Jlc291cmNlX3N0YXQKImNtcDpnZXRWbUNvdW50IiwKImNtcDpnZXRNZW1TdGF0cyIsCiJjbXA6Z2V0Q3B1U3RhdHMiLAoiY21wOmdldFZtU3RhdHMiLAoiY21wOmdldFJlc291cmNlU3RhdHMiLAoiY21wOmdldFN0b3JhZ2VTdGF0cyIsCiJjbXA6Z2V0VXNlclN0b3JhZ2VTdGF0cyIsCgojbnNfaHlwZXJ2aXNvcl9ub2RlCiJjbXA6Z2V0SHlwZXJ2aXNvck5vZGUiLAoj4oCdY21wOmFkZEh5cGVydmlzb3JOb2RlIiwKI+KAnWNtcDp1cGRhdGVIeXBlcnZpc29yTm9kZSIsCiJjbXA6Z2V0SHlwZXJ2aXNvck5vZGVzIiwKI+KAnWNtcDpyZW1vdmVIeXBlcnZpc29yTm9kZSIsCiJjbXA6Z2V0UmVzb3VyY2VBbGxvY2F0aW9uIiwKCiNvc19leHRfa2V5cGFpcgoiY21wOmdldEtleXBhaXJzIiwKCiNuc19mbGF2b3IKImNtcDpnZXRHcHVGbGF2b3JzIiwKI+KAnWNtcDp1cGRhdGVGbGF2b3JOYW1lIiwKI+KAnWNtcDpyZW1vdmVGbGF2b3IiLAoiY21wOmdldEZsYXZvcnMiLAoiY21wOmdldG13YXhmbGF2b3JpbmZvIiwKImNtcDpnZXRGbGF2b3IiLAoj4oCdY21wOmNyZWF0ZUZsYXZvciIsCgojbnNfdm1faW5zdGFuY2UKImNtcDpnZXRWbUluc3RhbmNlRGV0YWlsSW5mbyIsCiJjbXA6Ym91bmRTZ3MiLAoiY21wOnJlc2V0SW5zdGFuY2UiLAoiY21wOmF0dGFjaFZvbHVtZXNzIiwKImNtcDpyZW1vdmVJbnN0YW5jZSIsCiJjbXA6cmVuZXdPcmRlcihuc192bV9pbnN0YW5jZSkiLAoiY21wOnVwZGF0ZUJvdW5kU2dzIiwKImNtcDpyZXN0YXJ0SW5zdGFuY2UiLAoiY21wOnBvd2Vyb2ZmSW5zdGFuY2UiLAoiY21wOmNyZWF0ZVZtSW5zdGFuY2UiLAoiY21wOmdldEluc3RhbmNlcyIsCiJjbXA6dXBkYXRlSW5zdGFuY2UiLAoiY21wOmdldFZuY0luZm8iLAoiY21wOmlzSW5qZWN0ZWQiLAoiY21wOmNyZWF0ZVZtSW5zdGFuY2VzIiwKImNtcDpyZW5ld1ZtSW5zdGFuY2UiLAoiY21wOnBvd2Vyb25JbnN0YW5jZSIsCiJjbXA6Z2V0SW5zdGFuY2VJZEZyb21BZ2VudCIsCiJjbXA6bWlncmF0ZVZtSW5zdGFuY2UiLAoiY21wOmdldFNuYXBzVHJlZSIsCgojb3NfZXh0X3ZvbHVtZV9iYWNrdXAKImNtcDpnZXRCYWNrdXBzV2l0aERldGFpbHMiLAoiY21wOmdldEJhY2t1cERldGFpbHMiLAoKI25zX2VpcF9tYXAKImNtcDpwb3N0UG9ydE1hcHMiLAoiY21wOnVwZGF0ZVBvcnRNYXAiLAoiY21wOmdldFBvcnRNYXAiLAoiY21wOmRlbFBvcnRNYXAiLAoiY21wOmdldFBvcnRNYXBzIiwKImNtcDp1cGRhdGVQb3J0TWFwTmFtZSIsCgojb3Nfdm9sdW1lX2JhY2t1cAoiY21wOnJlbW92ZUJhY2t1cCIsCiJjbXA6Z2V0QmFja3Vwc1dpdGhEZXRhaWxzKG9zX3ZvbHVtZV9iYWNrdXApIiwKImNtcDphZGRCYWNrdXAiLAoiY21wOnJlc3RvcmVCYWNrdXAiLAoiY21wOmdldEJhY2t1cERldGFpbHMob3Nfdm9sdW1lX2JhY2t1cCkiLAoiY21wOmdldEJhY2t1cHMiLAoiY21wOnVwZGF0ZUJhY2t1cCIsCgojb3NfZXh0X3NlcnZlcgoiY21wOmdldFJlYnVpbGRTZXJ2ZXJJbWFnZXMiLAoiY21wOmdldFNlcnZlck9zSW50ZXJmYWNlcyIsCiJjbXA6Z2V0U2VydmVyRGV0YWlscyIsCiJjbXA6Z2V0U2VydmVyVm9sdW1lQXR0YWNobWVudHMiLAoiY21wOnJlbmV3T3JkZXIiLAoiY21wOmFjdGlvblNlcnZlciIsCiJjbXA6Z2V0U2VydmVyc0RldGFpbGVkIiwKCiNuc192b2x1bWVfc25hcAoiY21wOmdldFZvbHVtZVNuYXAiLAoiY21wOmdldFZvbHVtZVNuYXBzIiwKImNtcDp1cGRhdGVWb2x1bWUobnNfdm9sdW1lX3NuYXApIiwKImNtcDpyZW1vdmVWb2x1bWVTbmFwIiwKImNtcDpjcmVhdGVWb2x1bWVTbmFwIiwKImNtcDpzd2l0Y2hWb2x1bWUiLAoKI25zX3BjaV9kZXZpY2UKImNtcDpkZXRhY2hWb2x1bWUobnNfcGNpX2RldmljZSkiLAoiY21wOmdldEF2YWlsYWJsZU5vZGVzIiwKImNtcDphdHRhY2hEZXZpY2UiLAoiY21wOmdldERldmljZXMiLAoiY21wOmdldEF2YWlsYWJsZURldmljZXMiLAoKI25zX3ZtX3NuYXAKImNtcDpnZXRTbmFwcyIsCiJjbXA6c3dpdGNoVm1TbmFwIiwKImNtcDp1cGRhdGVTbmFwIiwKImNtcDpyZW1vdmVTbmFwIiwKImNtcDpjcmVhdGVWbVNuYXAiLAoiY21wOmdldFZtU25hcERldGFpbEluZm8iLAoKI2VzX3NlcnZlcgoiY21wOnJlbW92ZVNlcnZlcihlc19zZXJ2ZXIpIiwKCiNvc192b2x1bWUKImNtcDpnZXRWb2x1bWVzV2l0aERldGFpbHMiLAoiY21wOmFjdGlvblZvbHVtZSIsCiJjbXA6dXBkYXRlVm9sdW1lKG9zX3ZvbHVtZSkiLAoiY21wOmFkZFZvbHVtZSIsCiJjbXA6Z2V0Vm9sdW1lcyhvc192b2x1bWUpIiwKImNtcDpyZW1vdmVWb2x1bWUob3Nfdm9sdW1lKSIsCiJjbXA6Z2V0Vm9sdW1lRGV0YWlscyIsCgojb3NfbmV0d29yawoiY21wOmdldE5ldHdvcmtEZXRhaWxzIiwKImNtcDphZGROZXR3b3JrIiwKImNtcDp1cGRhdGVOZXR3b3JrIiwKImNtcDpnZXROZXR3b3JrcyIsCiJjbXA6cmVtb3ZlTmV0d29yayIsCgojb3Nfc3VibmV0CiJjbXA6YWRkU3VibmV0IiwKImNtcDpnZXRTdWJuZXREZXRhaWxzIiwKImNtcDp1cGRhdGVTdWJuZXQob3Nfc3VibmV0KSIsCiJjbXA6Z2V0U3VibmV0cyhvc19zdWJuZXQpIiwKImNtcDpyZW1vdmVTdWJuZXQob3Nfc3VibmV0KSIsCgojbnNfc2VjdXJpdHlfZ3JvdXAKImNtcDp1cGRhdGVSdWxlIiwKImNtcDp1cGRhdGVTZyIsCiJjbXA6YWRkU2dSdWxlIiwKImNtcDpyZW1vdmVTZyIsCiJjbXA6dW5ib3VuZFZtSW5zdGFuY2UiLAoiY21wOmRlbGV0ZVJ1bGUiLAoiY21wOmdldFNlY3VyaXR5R3JvdXBEZXRhaWxJbmZvIiwKImNtcDpib3VuZFZtSW5zdGFuY2UiLAoiY21wOmFkZFNnIiwKImNtcDpnZXRTZ3MiLAoKI25zX3N1Ym5ldAoiY21wOnJlbW92ZVN1Ym5ldCIsCiJjbXA6Z2V0U3VibmV0IiwKImNtcDpnZXRTdWJuZXRDb3VudCIsCiJjbXA6Z2V0U3VibmV0cyIsCiJjbXA6Z2V0VmlwcyIsCiJjbXA6cG9zdFN1Ym5ldCIsCiJjbXA6dXBkYXRlU3VibmV0IiwKCiNvc19mbGF2b3IKImNtcDpnZXRGbGF2b3JzKG9zX2ZsYXZvcikiLAoj4oCdY21wOnJlbW92ZUZsYXZvcihvc19mbGF2b3IpIiwKI+KAnWNtcDphZGRGbGF2b3IiLAoj4oCdY21wOnVwZGF0ZUZsYXZvciIsCiJjbXA6Z2V0Rmxhdm9yKG9zX2ZsYXZvcikiLAoiY21wOmdldEZsYXZvcnNXaXRoRGV0YWlscyIsCgojb3Nfa2V5cGFpcgoiY21wOmdldEtleXBhaXJzKG9zX2tleXBhaXIpIiwKImNtcDpnZXRLZXlwYWlyRGV0YWlscyIsCiJjbXA6cmVtb3ZlS2V5cGFpciIsCiJjbXA6YWRkS2V5cGFpciIsCgojb3NfaW1hZ2UKImNtcDpnZXRJbWFnZXMob3NfaW1hZ2UpIiwKImNtcDpyZW1vdmVJbWFnZShvc19pbWFnZSkiLAoiY21wOmdldEltYWdlKG9zX2ltYWdlKSIsCiJjbXA6YWRkSW1hZ2UiLAoKI2VzX2ZpcmV3YWxsX3BvbGljeQoiY21wOmFkZEZpcmV3YWxsUnVsZVRvUG9saWN5IiwKImNtcDpnZXRGaXJld2FsbFBvbGljaWVzKGVzX2ZpcmV3YWxsX3BvbGljeSkiLAoiY21wOnJlbW92ZUZpcmV3YWxsUnVsZUZyb21Qb2xpY3kiLAoiY21wOnVwZGF0ZUZpcmV3YWxsUG9saWN5IiwKImNtcDphZGRGaXJld2FsbFBvbGljeSIsCiJjbXA6Z2V0RmlyZXdhbGxQb2xpY3kiLAoiY21wOnJlbW92ZUZpcmV3YWxsUG9saWN5IiwKCiNvc19zZWN1cml0eWdyb3VwCiJjbXA6YWRkU2VjdXJpdHlHcm91cCIsCiJjbXA6Z2V0U2VjdXJpdHlHcm91cERldGFpbHMiLAoiY21wOnJlbW92ZVNlY3VyaXR5R3JvdXAiLAoiY21wOmdldFNlY3VyaXR5R3JvdXBzIiwKImNtcDp1cGRhdGVTZWN1cml0eUdyb3VwIiwKCiNuc19iYXJlbWV0YWxfZGV2aWNlCiJjbXA6Z2V0QmFyZW1ldGFsRGV2aWNlIiwKImNtcDpyZW1vdmVCYXJlbWV0YWxEZXZpY2UiLAoiY21wOmdldEJhcmVtZXRhbEF2YWlsYWJsZURldmljZSIsCiJjbXA6Z2V0QmFyZW1ldGFsRGV2aWNlQ29uZmlncyIsCiJjbXA6dXBkYXRlSW5zdGFuY2UobnNfYmFyZW1ldGFsX2RldmljZSkiLAoiY21wOmFkZEJhcmVtZXRhbERldmljZSIsCiJjbXA6Z2V0QmFyZW1ldGFsRGV2aWNlcyIsCgojbnNfdnBjCiJjbXA6cG9zdFZwYyIsCiJjbXA6cmVtb3ZlVnBjIiwKImNtcDpnZXROZXRTdGF0cyIsCiJjbXA6Z2V0VnBjcyIsCiJjbXA6Z2V0QWRtaW5Ub3BvbG9neSIsCiJjbXA6dXBkYXRlVnBjIiwKImNtcDpnZXRWcGMiLAoiY21wOmdldFZwY0NvdW50IiwKCiNvc19wb3J0CiJjbXA6Z2V0UG9ydERldGFpbHMiLAoiY21wOmFkZFBvcnQiLAoiY21wOnVwZGF0ZVBvcnQiLAoiY21wOnJlbW92ZVBvcnQiLAoiY21wOmdldFBvcnRzIiwKCiNjbXBkZWZhdWx0CiJjbXA6ZGVmYXVsdFB1dFJlcXVlc3QiLAoiY21wOmRlZmF1bHRQb3N0UmVxdWVzdCIsCiJjbXA6ZGVmYXVsdERlbGV0ZVJlcXVlc3QiLAoiY21wOmRlZmF1bHRHZXRSZXF1ZXN0IiwKCiNuc19laXBfcG9vbAoiY21wOmdldEVpcFBvb2xzIiwKI+KAnWNtcDphZGRFaXBQb29sIiwKI+KAnWNtcDp1cGRhdGVFaXBQb29sIiwKI+KAnWNtcDpyZW1vdmVFaXBQb29sIiwKImNtcDpnZXRFaXBQb29sIiwKCiNlc19leHRfcm91dGVyCiJjbXA6Z2V0Um91dGVyRGV0YWlscyhlc19leHRfcm91dGVyKSIsCiJjbXA6Z2V0Um91dGVycyhlc19leHRfcm91dGVyKSIsCgojbnNfYmFyZW1ldGFsX2luc3RhbmNlCiJjbXA6Z2V0QmFyZW1ldGFsSW5zdGFuY2VzIiwKImNtcDpnZXRCbVN0YXRzIiwKImNtcDpwb3dlcm9uQmFyZW1ldGFsSW5zdGFuY2UiLAoiY21wOmdldEJhcmVtZXRhbEluc3RhbmNlIiwKImNtcDphZGRCYXJlbWV0YWxJbnN0YW5jZSIsCiJjbXA6cG93ZXJvZmZCYXJlbWV0YWxJbnN0YW5jZSIsCiJjbXA6cmVzZXRCYXJlbWV0YWxJbnN0YW5jZSIsCiJjbXA6cmVib290QmFyZW1ldGFsSW5zdGFuY2UiLAoiY21wOnVwZGF0ZUJhcmVtZXRhbEluc3RhbmNlIiwKImNtcDpyZW9tdmVCYXJlbWV0YWxJbnN0YW5jZSIsCgojb3NfZXh0X3N1Ym5ldAoiY21wOmdldFN1Ym5ldHMob3NfZXh0X3N1Ym5ldCkiLAoKI29zX2V4dF92b2x1bWUKImNtcDpnZXRWb2x1bWVzV2l0aERldGFpbHMob3NfZXh0X3ZvbHVtZSkiLAoiY21wOnJlbmV3T3JkZXIob3NfZXh0X3ZvbHVtZSkiLAoiY21wOmdldFZvbHVtZURldGFpbHMob3NfZXh0X3ZvbHVtZSkiLAoKI29zX3ZvbHVtZV90eXBlCiJjbXA6Z2V0Vm9sdW1lVHlwZXNXaXRoRGV0YWlscyIsCgojb3NfZXh0X3NlY3VyaXR5Z3JvdXAKImNtcDpnZXRTZWN1cml0eUdyb3Vwcyhvc19leHRfc2VjdXJpdHlncm91cCkiLAoKI2VzX2V4dF9zZXJ2ZXIKImNtcDpnZXRTZXJ2ZXJzRGV0YWlsZWQoZXNfZXh0X3NlcnZlcikiLAoKI29zX2V4dF92b2x1bWVfdHlwZQoiY21wOmdldFZvbHVtZVR5cGVzV2l0aERldGFpbHMob3NfZXh0X3ZvbHVtZV90eXBlKSIsCgojb3NfZmxvYXRpbmdpcAoiY21wOmdldFBvcnRGb3J3YXJkaW5nIiwKImNtcDphZGRQb3J0Rm9yd2FyZGluZyIsCiJjbXA6cmVtb3ZlRmxvYXRpbmdJUCIsCiJjbXA6dXBkYXRlRmxvYXRpbmdJUCIsCiJjbXA6dXBkYXRlUG9ydEZvcndhcmRpbmciLAoiY21wOmdldFBvcnRGb3J3YXJkaW5ncyIsCiJjbXA6cmVtb3ZlUG9ydEZvcndhcmRpbmciLAoiY21wOmdldEZsb2F0aW5nSVBEZXRhaWxzIiwKImNtcDpnZXRGbG9hdGluZ0lQcyIsCiJjbXA6YWRkRmxvYXRpbmdJUCIsCgojbnNfc3RvcmFnZV9wb29sCiJjbXA6Z2V0U3RvcmFnZVBvb2xzIiwKImNtcDpnZXRTdG9yYWdlUG9vbCIsCiPigJ1jbXA6dXBkYXRlU3RvcmFnZVBvb2wiLAoKI2VzX2V4dF9maXJld2FsbF9ydWxlCiJjbXA6Z2V0RmlyZXdhbGxSdWxlcyIsCgojZXNfZmlyZXdhbGwKImNtcDpnZXRGaXJld2FsbCIsCiJjbXA6dXBkYXRlRmlyZXdhbGwiLAoiY21wOmFkZEZpcmV3YWxsIiwKImNtcDpnZXRGaXJld2FsbHMiLAoiY21wOnJlbW92ZUZpcmV3YWxsIiwKCiNuc192b2x1bWUKImNtcDpleHBvcnRWb2x1bWUiLAoiY21wOmNyZWF0ZVZvbHVtZSIsCiJjbXA6cmVtb3ZlVm9sdW1lIiwKImNtcDpnZXRWb2x1bWVzIiwKImNtcDpnZXRWb2x1bWUiLAoiY21wOmF0dGFjaFZvbHVtZSIsCiJjbXA6ZGV0YWNoVm9sdW1lIiwKImNtcDpyZW5ld09yZGVyKG5zX3ZvbHVtZSkiLAoiY21wOnVwZGF0ZVZvbHVtZSIsCiJjbXA6Z2V0UmVjeWNsZVZvbHVtZXMiLAoKI29zX3ZvbHVtZV9zbmFwc2hvdAoiY21wOmdldFNuYXBzaG90RGV0YWlscyhvc192b2x1bWVfc25hcHNob3QpIiwKImNtcDp1cGRhdGVTbmFwc2hvdCIsCiJjbXA6dXBkYXRlU25hcHNob3RNZXRhZGF0YSIsCiJjbXA6cmVtb3ZlU25hcHNob3QiLAoiY21wOmFkZFNuYXBzaG90TWV0YWRhdGEiLAoiY21wOmdldFNuYXBzaG90c1dpdGhEZXRhaWxzKG9zX3ZvbHVtZV9zbmFwc2hvdCkiLAoiY21wOmdldFNuYXBzaG90TWV0YWRhdGEiLAoiY21wOmdldFNuYXBzaG90cyIsCiJjbXA6YWRkU25hcHNob3QiLAoKI29zX2V4dF9uZXR3b3JrCiJjbXA6Z2V0TmV0d29ya3Mob3NfZXh0X25ldHdvcmspIiwKCiNvc19leHRfZmxhdm9yCiJjbXA6Z2V0Rmxhdm9yc1dpdGhEZXRhaWxzKG9zX2V4dF9mbGF2b3IpIiwKCiNvc19zZWdtZW50CiJjbXA6Z2V0U2VnbWVudHMiLAoKI29zX2V4dF9wb3J0CiJjbXA6Z2V0UG9ydHMob3NfZXh0X3BvcnQpIiwKImNtcDpnZXRQb3J0RGV0YWlscyhvc19leHRfcG9ydCkiLAoKI29zX2xpbWl0CiJjbXA6Z2V0TGltaXRzIiwKCiNvc19leHRfc2VjdXJpdHlncm91cF9ydWxlCiJjbXA6Z2V0U2VjdXJpdHlHcm91cFJ1bGVzKG9zX2V4dF9zZWN1cml0eWdyb3VwX3J1bGUpIiwKCiNjbG91ZAoiY21wOmdldENsb3VkcyIsCiJjbXA6cGluZ0Nsb3VkVXJsIiwKI+KAnWNtcDphZGRDbG91ZCIsCiPigJ1jbXA6dXBkYXRlQ2xvdWQiLAoj4oCdY21wOmRlbGV0ZUNsb3VkIiwKImNtcDpnZXRDbG91ZHNCYXNpY0luZm8iLAoj4oCdY21wOnN5bmNDbG91ZERhdGEiLAoKI29zX2V4dF9pbWFnZQoiY21wOmdldEltYWdlcyIsCgojbnNfcHVia2V5CiJjbXA6Y3JlYXRlS2V5UGFpciIsCiJjbXA6dXBkYXRlUHVia2V5IiwKImNtcDpnZXRQdWJrZXkiLAoiY21wOnJlbW92ZVB1YmtleSIsCiJjbXA6dXBsb2FkUHVia2V5IiwKImNtcDpnZXRQdWJrZXlzIiwKCiNvc19yb3V0ZXIKImNtcDphZGRSb3V0ZXIiLAoiY21wOmdldFJvdXRlckRldGFpbHMob3Nfcm91dGVyKSIsCiJjbXA6cmVtb3ZlSW50ZXJmYWNlRnJvbVJvdXRlciIsCiJjbXA6dXBkYXRlUm91dGVyKG9zX3JvdXRlcikiLAoiY21wOmdldFJvdXRlcnMob3Nfcm91dGVyKSIsCiJjbXA6cmVtb3ZlUm91dGVyIiwKImNtcDphZGRJbnRlcmZhY2VUb1JvdXRlciIsCgojbnNfaW5zdGFuY2VfZ3JvdXAKImNtcDpyZW1vdmVWbUluc3RhbmNlSWRGcm9tR3JvdXAiLAoiY21wOmNyZWF0ZUluc3RhbmNlR3JvdXAiLAoiY21wOmdldEdyb3VwcyIsCiJjbXA6cmVtb3ZlR3JvdXAiLAoiY21wOmdldFZtR3JvdXBEZXRhaWxJbmZvIiwKImNtcDpzd2l0Y2hWbUdyb3VwIiwKCiNvc19zZXJ2ZXIKImNtcDpnZXRTZXJ2ZXJzRGV0YWlsZWQob3Nfc2VydmVyKSIsCiJjbXA6Z2V0U2VydmVyVm9sdW1lQXR0YWNobWVudHMob3Nfc2VydmVyKSIsCiJjbXA6dXBkYXRlU2VydmVyIiwKImNtcDpnZXRTZXJ2ZXJzIiwKImNtcDphZGRTZXJ2ZXIiLAoiY21wOnJlbW92ZVNlcnZlciIsCiJjbXA6Z2V0U2VydmVyRGV0YWlscyhvc19zZXJ2ZXIpIiwKImNtcDpyZW1vdGVTZXJ2ZXIiLAoiY21wOmFjdGlvblNlcnZlcihvc19zZXJ2ZXIpIiwKCiNvc19leHRfZmxvYXRpbmdpcAoiY21wOmdldEZsb2F0aW5nSVBzKG9zX2V4dF9mbG9hdGluZ2lwKSIsCiJjbXA6Z2V0RmxvYXRpbmdJUERldGFpbHMob3NfZXh0X2Zsb2F0aW5naXApIiwKCiNvc19leHRfdm9sdW1lX3NuYXBzaG90CiJjbXA6Z2V0U25hcHNob3RzV2l0aERldGFpbHMiLAoiY21wOmdldFNuYXBzaG90RGV0YWlscyIsCgojZXNfZXh0X2Zsb2F0aW5naXAKImNtcDpnZXRGbG9hdGluZ0lQcyhlc19leHRfZmxvYXRpbmdpcCkiLAoKI29zX3NlY3VyaXR5Z3JvdXBfcnVsZQoiY21wOmdldFNlY3VyaXR5R3JvdXBSdWxlcyIsCiJjbXA6cmVtb3ZlU2VjdXJpdHlHcm91cFJ1bGUiLAoiY21wOmFkZFNlY3VyaXR5R3JvdXBSdWxlIiwKImNtcDpnZXRTZWN1cml0eUdyb3VwUnVsZURldGFpbHMiLAoKI25zX2VpcAoiY21wOmRlbEVpcCIsCiJjbXA6ZGV0YWNoRWlwIiwKImNtcDphcHBseUVpcCIsCiJjbXA6YXR0YWNoRWlwIiwKImNtcDpnZXRQcm90b2NvbFBvcnRzIiwKImNtcDpnZXRFaXAiLAoiY21wOmFsbG9jYXRlRWlwIiwKImNtcDpnZXRFaXBzIiwKImNtcDpwb3N0RWlwIiwKImNtcDpyZWxlYXNlRWlwIiwKImNtcDpkZXRhY2hFaXBGcm9tUG9ydCIsCgojZXNfZmlyZXdhbGxfcnVsZQoiY21wOmdldEZpcmV3YWxsUnVsZXMoZXNfZmlyZXdhbGxfcnVsZSkiLAoiY21wOmFkZEZpcmV3YWxsUnVsZSIsCiJjbXA6cmVtb3ZlRmlyZXdhbGxSdWxlIiwKImNtcDp1cGRhdGVGaXJld2FsbFJ1bGUiLAoiY21wOmdldEZpcmV3YWxsUnVsZSIsCgojZXNfZXh0X2ZpcmV3YWxsCiJjbXA6Z2V0RmlyZXdhbGxzKGVzX2V4dF9maXJld2FsbCkiLAoKI25zX2ltYWdlCiJjbXA6cmVtb3ZlSW1hZ2UiLAoiY21wOmdldEltYWdlcyhuc19pbWFnZSkiLAoiY21wOmNyZWF0ZUltYWdlIiwKImNtcDpnZXRJbWFnZSIsCiJjbXA6dXBkYXRlSW1hZ2UiXQogICAgX21hdGNoZXNfYWN0aW9ucyhpbnB1dC5hY3Rpb24sIGFjdGlvbnMpCn0="}]}', '2023-04-24 10:12:21.764+08', '2024-08-09 10:36:20.682+08', '多云服务组织用户权限');
INSERT INTO "public"."tbl_iam_policy_version" ("policy_id", "version_id", "document", "create_time", "update_time", "description") VALUES ('9738ed1db39a46599e57e63c41bfb597', 'v1', '{"version":"2023-04-11","type":"REGO","statement":[{"rule":"cGFja2FnZSBsbmpveWluZy5nZW5lcmF0ZWQucmJhYy51dGlscwoKaW1wb3J0IGZ1dHVyZS5rZXl3b3Jkcy5pbgoKaXNfYWRtaW4oa2luZCkgewogICAga2luZCA9PSAiQURNSU4iCn0KCmlzX2FkbWluKGtpbmQpIHsKICAgIGtpbmQgPT0gIlNZU1RFTSIKfQoKaXNfYnBfYWRtaW4oa2luZCkgewogICAga2luZCA9PSAiQlBfQURNSU4iCn0KCmlzX2JwX3VzZXIoa2luZCkgewogICAga2luZCA9PSAiQlBfU1VCX1VTRVIiCn0KCmlzX3BlcnNvbmFsKGtpbmQpIHsKICAgIGtpbmQgPT0gIlBFUlNPTkFMIgp9Cgpyb2xlc1tyb2xlS2V5XSB7CiAgICBzb21lIHJvbGVLZXkgaW4gZGF0YS51c2Vyc1tpbnB1dC51c2VyLmtleV0ucm9sZUFzc2lnbm1lbnRzW2lucHV0LnJlc291cmNlLnByb2plY3RdCn0K","package":"lnjoying.rbac.utils.rego"},{"rule":"cGFja2FnZSBsbmpveWluZy5nZW5lcmF0ZWQuYWJhYy51dGlscw0KDQppbXBvcnQgZnV0dXJlLmtleXdvcmRzLmluDQoNCiMgbm90IHVuZGVmaW5lZCBpZiBvYmplY3QgJ3gnIGhhcyBhIGtleSAnaycNCmhhc19rZXkoeCwgaykgew0KICAgIF8gOj0geFtrXQ0KfQ0KDQojIElmIGEgZmllbGQgJ2snIHJlbGllcyBpbiBib3RoICdhJyBhbmQgJ2InIG9iamVjdHMsIHBpY2sgaXRzIHZhbHVlIGZyb20gJ2EnLg0KcGlja19maXJzdChrLCBhLCBiKSA9IGFba10gew0KICAgIGhhc19rZXkoYSwgaykNCn0NCg0KZWxzZSA9IGJba10gew0KICAgIHRydWUNCn0NCg0KIyBoYXlzdGFjaywgbmVlZGxlDQpfbWF0Y2hlc19hY3Rpb25zKGhheXN0YWNrLCBuZWVkbGVzKQ0Kew0KCXNvbWUgbmVlZGxlIGluIG5lZWRsZXMNCglfbWF0Y2hlc19leGVtcHRpb24oaGF5c3RhY2ssIG5lZWRsZSkNCn0NCg0KDQpfbWF0Y2hlc19leGVtcHRpb24oaGF5c3RhY2ssIGV4ZW1wdGlvbikgew0KICAgIG5vdCBlbmRzd2l0aChleGVtcHRpb24sICIqIikNCiAgICBleGVtcHRpb24gPT0gaGF5c3RhY2sNCn0NCg0KX21hdGNoZXNfZXhlbXB0aW9uKGhheXN0YWNrLCBleGVtcHRpb24pIHsNCiAgICBlbmRzd2l0aChleGVtcHRpb24sICIqIikNCiAgICBwcmVmaXggOj0gdHJpbV9zdWZmaXgoZXhlbXB0aW9uLCAiKiIpDQogICAgc3RhcnRzd2l0aChoYXlzdGFjaywgcHJlZml4KQ0KfQ0KDQoNCiMgTWVyZ2luZyBvYmplY3RzIGEgJiBiLiBJZiBhIGZpZWxkIHJlbGllcyBpbiBib3RoIG9mIHRoZW0sIHBpY2sgaXQncyB2YWx1ZSBmcm9tIGEuDQptZXJnZV9vYmplY3RzKGEsIGIpID0gYyB7DQogICAga3MgOj0ge2sgfCBzb21lIGs7IF8gPSBhW2tdfSB8IHtrIHwgc29tZSBrOyBfID0gYltrXX0NCiAgICBjIDo9IHtrOiB2IHwgc29tZSBrOyBrc1trXTsgdiA6PSBwaWNrX2ZpcnN0KGssIGIsIGEpfQ0KfQ0KDQpyb2xlc1tyb2xlS2V5XSB7DQogICAgc29tZSByb2xlS2V5IGluIGRhdGEudXNlcnNbaW5wdXQudXNlci5rZXldLnJvbGVBc3NpZ25tZW50c1tpbnB1dC5yZXNvdXJjZS5wcm9qZWN0XQ0KfQ0KDQpfX2dlbmVyYXRlZF91c2VyX2F0dHJpYnV0ZXMgPSB7InJvbGVzIjogcm9sZXN9DQoNCl9fZ2VuZXJhdGVkX3Jlc291cmNlX2F0dHJpYnV0ZXMgPSB7InR5cGUiOiBpbnB1dC5yZXNvdXJjZS50eXBlfQ0KDQpkZWZhdWx0IF9fc3RvcmVkX3VzZXJfYXR0cmlidXRlcyA9IHt9DQoNCl9fc3RvcmVkX3VzZXJfYXR0cmlidXRlcyA9IGRhdGEudXNlcnNbaW5wdXQudXNlci5rZXldLmF0dHJpYnV0ZXMNCg0KZGVmYXVsdCBfX2lucHV0X3VzZXJfYXR0cmlidXRlcyA9IHt9DQoNCmRlZmF1bHQgX19pbnB1dF9yZXNvdXJjZV9hdHRyaWJ1dGVzID0ge30NCg0KZGVmYXVsdCBfX2lucHV0X2NvbnRleHRfYXR0cmlidXRlcyA9IHt9DQoNCl9faW5wdXRfdXNlcl9hdHRyaWJ1dGVzID0gaW5wdXQudXNlci5hdHRyaWJ1dGVzDQoNCl9faW5wdXRfcmVzb3VyY2VfYXR0cmlidXRlcyA9IGlucHV0LnJlc291cmNlLmF0dHJpYnV0ZXMNCg0KX19pbnB1dF9jb250ZXh0X2F0dHJpYnV0ZXMgPSBpbnB1dC5jb250ZXh0DQoNCl9fdXNlcl9hdHRyaWJ1dGVzID0gbWVyZ2Vfb2JqZWN0cyhfX2lucHV0X3VzZXJfYXR0cmlidXRlcywgX19zdG9yZWRfdXNlcl9hdHRyaWJ1dGVzKQ0KDQphdHRyaWJ1dGVzID0gew0KICAgICJ1c2VyIjogbWVyZ2Vfb2JqZWN0cyhfX3VzZXJfYXR0cmlidXRlcywgX19nZW5lcmF0ZWRfdXNlcl9hdHRyaWJ1dGVzKSwNCiAgICAicmVzb3VyY2UiOiBtZXJnZV9vYmplY3RzKF9faW5wdXRfcmVzb3VyY2VfYXR0cmlidXRlcywgX19nZW5lcmF0ZWRfcmVzb3VyY2VfYXR0cmlidXRlcyksDQogICAgImNvbnRleHQiOiBfX2lucHV0X2NvbnRleHRfYXR0cmlidXRlcywNCn0NCg0KaW5wdXRfcXVlcnkgOj0gew0KICAgICJhY3Rpb24iOiBpbnB1dC5hY3Rpb24sDQogICAgInVzZXIiOiB7DQogICAgICAgICJrZXkiOiBpbnB1dC51c2VyLmtleSwNCiAgICB9LA0KICAgICJyZXNvdXJjZSI6IHsNCiAgICAgICAgInR5cGUiOiBpbnB1dC5yZXNvdXJjZS50eXBlLA0KICAgICAgICAiYnAiOiBpbnB1dC5yZXNvdXJjZS5icCwNCiAgICAgICAgInByb2plY3QiOmlucHV0LnJlc291cmNlLnByb2plY3QsDQogICAgfQ0KfQ0KDQpwcm9qZWN0IDo9IHByb2plY3Rfa2V5IHsNCiAgICBpbnB1dF9xdWVyeS5yZXNvdXJjZS5wcm9qZWN0ICE9IG51bGwNCiAgICBwcm9qZWN0X2tleSA6PSBpbnB1dF9xdWVyeS5yZXNvdXJjZS5wcm9qZWN0DQp9DQoNCnVzZXJfcm9sZXNbcm9sZV9rZXldIHsNCiAgICBzb21lIHJvbGVfa2V5IGluIGRhdGEudXNlcnNbaW5wdXRfcXVlcnkudXNlci5rZXldLnJvbGVBc3NpZ25tZW50c1twcm9qZWN0XQ0KfQ0KDQpyb2xlX3J1bGVzW3J1bGVdIHsNCiAgICBzb21lIHJvbGVfa2V5IGluIHVzZXJfcm9sZXMNCiAgICBzb21lIHJ1bGUgaW4gZGF0YS5jb25kaXRpb25fc2V0X3JvbGVfcnVsZXNbcm9sZV9rZXldLnJ1bGVzDQp9DQoNCiMgdXNlcnNldCByZXNvdXJjZXNldA0KY29uZGl0aW9uX3NldF9wZXJtaXNzaW9ucyA6PSBkYXRhLmNvbmRpdGlvbl9zZXRfcGVybWlzc2lvbnMNCg0KdXNlcl9ydWxlc1tydWxlXSB7DQogICAgc29tZSBydWxlIGluIGRhdGEuY29uZGl0aW9uX3NldF91c2VyX3J1bGVzW2lucHV0X3F1ZXJ5LnVzZXIua2V5XVtfXS5ydWxlcw0KfQ0KDQojIGFjdGlvbiB1c2VyDQpjb25kaXRpb25fc2V0X3J1bGVzIDo9IHVzZXJfcnVsZXMgfCByb2xlX3J1bGVz","package":"lnjoying.abac.utils.rego"},{"rule":"cGFja2FnZSBsbmpveWluZy5yb290DQoNCmltcG9ydCBkYXRhLmxuam95aW5nLnBvbGljaWVzDQppbXBvcnQgZGF0YS5sbmpveWluZy5jdXN0b20NCg0KICMgVGhlIHBvbGljeSB3aWxsIGFsbG93IGlmIGJvdGggcG9saWNpZXMuYWxsb3cgYW5kIG15X2N1c3RvbV9ydWxlIGFyZSB0cnVlDQoNCmRlZmF1bHQgYWxsb3cgOj0gZmFsc2UNCg0KYWxsb3cgew0KICAgIHBvbGljaWVzLmFsbG93DQp9DQoNCmFsbG93IHsNCiAgICBjdXN0b20uYWxsb3cNCn0NCg0KZGVidWcgPSBwb2xpY2llcy5kZWJ1Zw==","package":"root.rego"},{"rule":"cGFja2FnZSBsbmpveWluZy5hYmFjDQoNCmltcG9ydCBmdXR1cmUua2V5d29yZHMuaW4NCg0KaW1wb3J0IGRhdGEubG5qb3lpbmcuZ2VuZXJhdGVkLmNvbmRpdGlvbnNldA0KaW1wb3J0IGRhdGEubG5qb3lpbmcuZ2VuZXJhdGVkLmFiYWMudXRpbHMNCg0KZGVmYXVsdCBhbGxvdyA9IGZhbHNlDQoNCmFsbG93IHsNCiAgICAjY291bnQoYWxsb3dpbmdfcnVsZXMpID4gMA0KICAgIGNvdW50KG1hdGNoaW5nX3J1bGVzKSA+IDANCn0NCg0KI2FsbG93aW5nX3J1bGVzW3J1bGVdIHsNCiMgICAgc29tZSBydWxlLCB2YWx1ZSBpbiBjb25kaXRpb25zZXQucnVsZXMNCiMgICAgdmFsdWUgPT0gdHJ1ZQ0KI30NCg0KbWF0Y2hpbmdfcnVsZXNbeyJydWxlIjpydWxlLCAiYWN0aW9ucyI6dmFsdWV9XSB7DQogICAgc29tZSBydWxlLCB2YWx1ZSBpbiBjb25kaXRpb25zZXQucnVsZXMNCiAgICBydWxlIGluIHV0aWxzLmNvbmRpdGlvbl9zZXRfcnVsZXMNCiAgICBjb3VudCh2YWx1ZSk+MA0KICAgICN2YWx1ZSA9PSB0cnVlDQp9DQoNCm1hdGNoaW5nX3VzZXJzZXRzW3VzZXJzZXRdIHsNCiAgICBzb21lIHNldCwgdmFsdWUgaW4gY29uZGl0aW9uc2V0DQogICAgc3RhcnRzd2l0aChzZXQsICJ1c2Vyc2V0XyIpDQogICAgdmFsdWUgPT0gdHJ1ZQ0KICAgIHVzZXJzZXQgOj0gdHJpbV9wcmVmaXgoc2V0LCAidXNlcnNldF8iKQ0KfQ0KDQptYXRjaGluZ19yZXNvdXJjZXNldHNbcmVzb3VyY2VzZXRdIHsNCiAgICBzb21lIHNldCwgdmFsdWUgaW4gY29uZGl0aW9uc2V0DQogICAgc3RhcnRzd2l0aChzZXQsICJyZXNvdXJjZXNldF8iKQ0KICAgIHZhbHVlID09IHRydWUNCiAgICByZXNvdXJjZXNldCA6PSB0cmltX3ByZWZpeChzZXQsICJyZXNvdXJjZXNldF8iKQ0KfQ0KDQptYXRjaGluZ19hY3Rpb25zZXRzW2FjdGlvbnNldF0gew0KICAgIHNvbWUgc2V0LCB2YWx1ZSBpbiBjb25kaXRpb25zZXQNCiAgICBzdGFydHN3aXRoKHNldCwgImFjdGlvbnNldF8iKQ0KICAgIHZhbHVlID09IHRydWUNCiAgICBhY3Rpb25zZXQgOj0gdHJpbV9wcmVmaXgoc2V0LCAiYWN0aW9uc2V0XyIpDQp9DQoNCg0KdXNlcnNldF9wZXJtaXNzaW9uc1t1c2Vyc2V0XSA9IHJlc291cmNlc2V0X3Blcm1pc3Npb25zIHsNCiAgICBzb21lIHVzZXJzZXQgaW4gbWF0Y2hpbmdfdXNlcnNldHMNCiAgICByZXNvdXJjZXNldF9wZXJtaXNzaW9ucyA6PSB7DQogICAgICAgIHJlc291cmNlc2V0OiBwZXJtaXNzaW9ucyB8DQogICAgICAgICAgICBzb21lIHJlc291cmNlc2V0IGluIG1hdGNoaW5nX3Jlc291cmNlc2V0cw0KICAgICAgICAgICAgcGVybWlzc2lvbnMgOj0gdXRpbHMuY29uZGl0aW9uX3NldF9wZXJtaXNzaW9uc1t1c2Vyc2V0XVtyZXNvdXJjZXNldF0NCiAgICB9DQp9DQoNCmRlZmF1bHQgZGVidWcgPSBudWxsDQpkZWJ1ZyA9IHsNCiAgICAjImFsbG93aW5nX3J1bGVzIjogYWxsb3dpbmdfcnVsZXMsDQogICAgIm1hdGNoaW5nX3J1bGVzIjptYXRjaGluZ19ydWxlcywNCiAgICAibWF0Y2hpbmdfYWN0aW9uc2V0cyI6bWF0Y2hpbmdfYWN0aW9uc2V0cywNCiAgICAibWF0Y2hpbmdfdXNlcnNldHMiOiBtYXRjaGluZ191c2Vyc2V0cywNCiAgICAibWF0Y2hpbmdfcmVzb3VyY2VzZXRzIjogbWF0Y2hpbmdfcmVzb3VyY2VzZXRzLA0KICAgICJ1c2Vyc2V0X3Blcm1pc3Npb25zIjogdXNlcnNldF9wZXJtaXNzaW9ucywNCiAgICAiYXR0cmlidXRlcyI6IHsNCiAgICAgICAgImNvbnRleHQiOiB7DQogICAgICAgICAgICAiZ2VuZXJhdGVkIjoge30sDQogICAgICAgICAgICAiaW5wdXQiOiB1dGlscy5fX2lucHV0X2NvbnRleHRfYXR0cmlidXRlcywNCiAgICAgICAgICAgICJyZXN1bHQiOiB1dGlscy5hdHRyaWJ1dGVzLmNvbnRleHQsDQogICAgICAgIH0sDQogICAgICAgICJ1c2VyIjogew0KICAgICAgICAgICAgImdlbmVyYXRlZCI6IHV0aWxzLl9fZ2VuZXJhdGVkX3VzZXJfYXR0cmlidXRlcywNCiAgICAgICAgICAgICJpbnB1dCI6IHV0aWxzLl9faW5wdXRfdXNlcl9hdHRyaWJ1dGVzLA0KICAgICAgICAgICAgInJlc3VsdCI6IHV0aWxzLmF0dHJpYnV0ZXMudXNlciwNCiAgICAgICAgfSwNCiAgICAgICAgInJlc291cmNlIjogew0KICAgICAgICAgICAgImdlbmVyYXRlZCI6IHV0aWxzLl9fZ2VuZXJhdGVkX3Jlc291cmNlX2F0dHJpYnV0ZXMsDQogICAgICAgICAgICAiaW5wdXQiOiB1dGlscy5fX2lucHV0X3Jlc291cmNlX2F0dHJpYnV0ZXMsDQogICAgICAgICAgICAicmVzdWx0IjogdXRpbHMuYXR0cmlidXRlcy5yZXNvdXJjZSwNCiAgICAgICAgfSwNCiAgICB9DQp9","package":"lnjoying.abac.abac.rego"},{"rule":"cGFja2FnZSBsbmpveWluZy5jdXN0b20NCg0KZGVmYXVsdCBhbGxvdyA6PSBmYWxzZQ0K","package":"custom.root.rego"},{"rule":"cGFja2FnZSBsbmpveWluZy5yYmFjDQoNCmltcG9ydCBmdXR1cmUua2V5d29yZHMNCmltcG9ydCBkYXRhLmxuam95aW5nLmdlbmVyYXRlZC5yYmFjLnV0aWxzDQoNCmlucHV0X3F1ZXJ5IDo9IHsNCiAgICAiYWN0aW9uIjogaW5wdXQuYWN0aW9uLA0KICAgICAgICAidXNlciI6IHsNCiAgICAgICAgICAgICJrZXkiOiBpbnB1dC51c2VyLmtleSwNCiAgICAgICAgICAgICJraW5kIjogaW5wdXQudXNlci5hdHRyaWJ1dGVzLmtpbmQsDQogICAgICAgIH0sDQogICAgICAgICJyZXNvdXJjZSI6IHsNCiAgICAgICAgICAgICJ0eXBlIjogaW5wdXQucmVzb3VyY2UudHlwZSwNCiAgICAgICAgICAgICJicCI6IGlucHV0LnJlc291cmNlLmJwLA0KICAgICAgICAgICAgInByb2plY3QiOmlucHV0LnJlc291cmNlLnByb2plY3QsDQogICAgICAgIH0NCn0NCg0KIyBCeSBkZWZhdWx0LCBkZW55IHJlcXVlc3RzLg0KZGVmYXVsdCBhbGxvdyA9IGZhbHNlDQoNCiMgQWxsb3cgdGhlIGFjdGlvbiBpZiB0aGUgdXNlciBpcyBncmFudGVkIHBlcm1pc3Npb24gdG8gcGVyZm9ybSB0aGUgYWN0aW9uLg0KYWxsb3cgew0KICAgIGNvdW50KG1hdGNoaW5nX2dyYW50cykgPiAwDQp9DQoNCmFsbG93IHsNCiAgICB1dGlscy5pc19hZG1pbih1c2VyX2tpbmQpDQp9DQoNCm1hdGNoaW5nX2dyYW50c1tncmFudF0gew0KICAgICMgRmluZCBncmFudHMgZm9yIHRoZSB1c2VyLg0KICAgIHNvbWUgZ3JhbnQgaW4gZ3JhbnRzDQoNCiAgICAjIENoZWNrIGlmIHRoZSBncmFudCBwZXJtaXRzIHRoZSBhY3Rpb24uDQogICAgaW5wdXRfcXVlcnkuYWN0aW9uID09IGdyYW50DQp9DQoNCnByb2plY3QgOj0gcHJvamVjdF9rZXkgew0KICAgIGlucHV0X3F1ZXJ5LnJlc291cmNlLnByb2plY3QgIT0gbnVsbA0KICAgIHByb2plY3Rfa2V5IDo9IGlucHV0X3F1ZXJ5LnJlc291cmNlLnByb2plY3QNCn0NCg0KdXNlcl9raW5kIDo9IGtpbmQgew0KICAgICMga2luZCA6PSBkYXRhLnVzZXJzW2lucHV0X3F1ZXJ5LnVzZXIua2V5XS5hdHRyaWJ1dGVzLmtpbmQNCiAgICBraW5kIDo9IGlucHV0X3F1ZXJ5LnVzZXIua2luZA0KfQ0KDQp1c2VyX3JvbGVzW3JvbGVfa2V5XSB7DQogICAgc29tZSByb2xlX2tleSBpbiBkYXRhLnVzZXJzW2lucHV0X3F1ZXJ5LnVzZXIua2V5XS5yb2xlQXNzaWdubWVudHNbcHJvamVjdF0NCn0NCg0KZ3JhbnRzW2dyYW50XSB7DQogICAgc29tZSByb2xlX2tleSBpbiB1c2VyX3JvbGVzDQogICAgc29tZSBncmFudCBpbiBkYXRhLnJvbGVzW3JvbGVfa2V5XS5ncmFudHNbaW5wdXRfcXVlcnkucmVzb3VyY2UudHlwZV0NCn0NCg0KDQpkZWZhdWx0IGRlYnVnID0gbnVsbA0KZGVidWcgOj0gew0KICAgICJpbnB1dF9xdWVyeSI6IGlucHV0X3F1ZXJ5LA0KICAgICJwcm9qZXQiOiBwcm9qZWN0LA0KICAgICJ1c2VyX3JvbGVzIjogdXNlcl9yb2xlcywNCiAgICAiZ3JhbnRzIjogZ3JhbnRzLA0KICAgICJtYXRjaGluZ19ncmFudHMiOiBtYXRjaGluZ19ncmFudHMsDQp9DQoNCg==","package":"lnjoying.rbac.rbac.rego"},{"rule":"cGFja2FnZSBsbmpveWluZy5wb2xpY2llcw0KDQppbXBvcnQgZGF0YS5sbmpveWluZy5yYmFjDQppbXBvcnQgZGF0YS5sbmpveWluZy5hYmFjDQoNCmRlZmF1bHQgYWxsb3cgOj0gZmFsc2UNCg0KYWxsb3cgew0KICAgIHJiYWMuYWxsb3cNCn0NCg0KYWxsb3cgew0KICAgIGFiYWMuYWxsb3cNCn0NCg0KDQpfX2FsbG93X3NvdXJjZXNbImFiYWMiXSB7DQogICAgYWJhYy5hbGxvdw0KfQ0KDQpkZWZhdWx0IF9fZGVidWdfaW5wdXQgOj0gbnVsbA0KX19kZWJ1Z19pbnB1dCA9IHsNCiAgICAiYWN0aW9uIjogaW5wdXQuYWN0aW9uLA0KICAgICJ1c2VyIjogaW5wdXQudXNlciwNCiAgICAicmVzb3VyY2UiOiBpbnB1dC5yZXNvdXJjZSwNCn0NCg0KZGVidWcgOj0gew0KICAgICJhbGxvd19zb3VyY2UiOiBfX2FsbG93X3NvdXJjZXMsDQogICAgInJiYWMiOiByYmFjLmRlYnVnLA0KICAgICJhYmFjIjogYWJhYy5kZWJ1ZywNCiAgICAiaW5wdXQiOiBfX2RlYnVnX2lucHV0LA0KfQ==","package":"lnjoying.root.rego"}]}', '2023-04-11 15:40:38.303+08', '2023-04-11 15:40:38.303+08', NULL);
INSERT INTO "public"."tbl_iam_policy_version" ("policy_id", "version_id", "document", "create_time", "update_time", "description") VALUES ('96c75c0f569143e19b0310a893f2c404', 'v1', '{"version":"","type":"rego","statement":[{"package":"","rule":"cGFja2FnZSBsbmpveWluZy5nZW5lcmF0ZWQuY29uZGl0aW9uc2V0LnJ1bGVzCgppbXBvcnQgZnV0dXJlLmtleXdvcmRzLmluCmltcG9ydCBkYXRhLmxuam95aW5nLgppbXBvcnQgZGF0YS5sbmpveWluZy5nZW5lcmF0ZWQuYWJhYy51dGlscy5hdHRyaWJ1dGVzCiNpbXBvcnQgZGF0YS5sbmpveWluZy5nZW5lcmF0ZWQuYWJhYy51dGlscy5jb25kaXRpb25fc2V0X3Blcm1pc3Npb25zCmltcG9ydCBkYXRhLmxuam95aW5nLmdlbmVyYXRlZC5jb25kaXRpb25zZXQKCiNkZWZhdWx0IHJ1bGVfX3Byb2plY3QgPSBmYWxzZQoKcnVsZV9faW1zX3JlZ2lzdHJ5X2FjY2Vzc1thY3Rpb25dIHsKCQoJc29tZSBhY3Rpb24gaW4gY29uZGl0aW9uc2V0LmFjdGlvbnNldF9pbXNfcmVnaXN0cnlfYWN0aW9ucwogCQp9"},{"package":"","rule":"cGFja2FnZSBsbmpveWluZy5nZW5lcmF0ZWQuY29uZGl0aW9uc2V0CgoKaW1wb3J0IGZ1dHVyZS5rZXl3b3Jkcy5pbgppbXBvcnQgZGF0YS5sbmpveWluZy5nZW5lcmF0ZWQuYWJhYy51dGlscy5hdHRyaWJ1dGVzCmltcG9ydCBkYXRhLmxuam95aW5nLmdlbmVyYXRlZC5hYmFjLnV0aWxzLl9tYXRjaGVzX2FjdGlvbnMKCgphY3Rpb25zZXRfaW1zX3JlZ2lzdHJ5X2FjdGlvbnMgW2FjdGlvbnNdewoKICAgICBhY3Rpb25zIDo9IFsiaW1zOmdldFJlZ2lzdHJ5TGlzdCIiLAogICAgICAgICAgICAgICAgImltczpnZXRSZWdpc3RyeSIsCiAgICAgICAgICAgICAgICAiaW1zOnVwZGF0ZVJlZ2lzdHJ5IiwKICAgICAgICAgICAgICAgICJpbXM6YWRkUmVnaXN0cnkiLAogICAgICAgICAgICAgICAgImltczpkZWxldGVSZWdpc3RyeSIsCiAgICAgICAgICAgICAgICAiaW1zOmFjdGlvbiIsCiAgICAgICAgICAgICAgICAiaW1zOmNoYW5nZVBhc3N3b3JkIiwKICAgICAgICAgICAgICAgICJpbXM6ZGVsZXRlUHJlRG93bmxvYWRzSm9icyIsCiAgICAgICAgICAgICAgICAiaW1zOmdldEFsbFJlZ2lzdHJ5Tm9kZXMiLAogICAgICAgICAgICAgICAgImltczpwcmVEb3dubG9hZCIsCiAgICAgICAgICAgICAgICAiaW1zOnByZURvd25sb2FkcyIsCiAgICAgICAgICAgICAgICAiaW1zOmRlbGV0ZVByZURvd25sb2FkcyJdCiAgICBfbWF0Y2hlc19hY3Rpb25zKGlucHV0LmFjdGlvbiwgYWN0aW9ucykKfQ=="}]}', '2023-04-12 20:45:36.804+08', '2023-04-12 20:45:36.804+08', NULL);
INSERT INTO "public"."tbl_iam_policy_version" ("policy_id", "version_id", "document", "create_time", "update_time", "description") VALUES ('96c75c0f569143e19b0310a893f2c404', 'v4', '{"version":"","type":"rego","statement":[{"package":"","rule":"cGFja2FnZSBsbmpveWluZy5nZW5lcmF0ZWQuY29uZGl0aW9uc2V0LnJ1bGVzCgppbXBvcnQgZnV0dXJlLmtleXdvcmRzLmluCmltcG9ydCBkYXRhLmxuam95aW5nLmdlbmVyYXRlZC5hYmFjLnV0aWxzLmF0dHJpYnV0ZXMKaW1wb3J0IGRhdGEubG5qb3lpbmcuZ2VuZXJhdGVkLmNvbmRpdGlvbnNldAoKCnJ1bGVfX2ltc19yZWdpc3RyeV9hY2Nlc3NbYWN0aW9uXSB7CgkKCXNvbWUgYWN0aW9uIGluIGNvbmRpdGlvbnNldC5hY3Rpb25zZXRfaW1zX3JlZ2lzdHJ5X2FjdGlvbnMKIAkKfQ=="},{"package":"","rule":"cGFja2FnZSBsbmpveWluZy5nZW5lcmF0ZWQuY29uZGl0aW9uc2V0CgoKaW1wb3J0IGZ1dHVyZS5rZXl3b3Jkcy5pbgppbXBvcnQgZGF0YS5sbmpveWluZy5nZW5lcmF0ZWQuYWJhYy51dGlscy5hdHRyaWJ1dGVzCmltcG9ydCBkYXRhLmxuam95aW5nLmdlbmVyYXRlZC5hYmFjLnV0aWxzLl9tYXRjaGVzX2FjdGlvbnMKCgphY3Rpb25zZXRfaW1zX3JlZ2lzdHJ5X2FjdGlvbnMgW2FjdGlvbnNdewoKICAgICBhY3Rpb25zIDo9IFsiaW1zOmdldFJlZ2lzdHJ5TGlzdCIsCiAgICAgICAgICAgICAgICAiaW1zOmdldFJlZ2lzdHJ5IiwKICAgICAgICAgICAgICAgICJpbXM6dXBkYXRlUmVnaXN0cnkiLAogICAgICAgICAgICAgICAgImltczphZGRSZWdpc3RyeSIsCiAgICAgICAgICAgICAgICAiaW1zOmRlbGV0ZVJlZ2lzdHJ5IiwKICAgICAgICAgICAgICAgICJpbXM6YWN0aW9uIiwKICAgICAgICAgICAgICAgICJpbXM6Y2hhbmdlUGFzc3dvcmQiLAogICAgICAgICAgICAgICAgImltczpkZWxldGVQcmVEb3dubG9hZHNKb2JzIiwKICAgICAgICAgICAgICAgICJpbXM6Z2V0QWxsUmVnaXN0cnlOb2RlcyIsCiAgICAgICAgICAgICAgICAiaW1zOnByZURvd25sb2FkIiwKICAgICAgICAgICAgICAgICJpbXM6cHJlRG93bmxvYWRzIiwKICAgICAgICAgICAgICAgICJpbXM6ZGVsZXRlUHJlRG93bmxvYWRzIl0KICAgIF9tYXRjaGVzX2FjdGlvbnMoaW5wdXQuYWN0aW9uLCBhY3Rpb25zKQp9"}]}', '2023-04-12 20:45:36.804+08', '2024-04-24 17:25:22.284+08', '镜像库管理，只有系统管理员可以管理镜像库。');
INSERT INTO "public"."tbl_iam_policy_version" ("policy_id", "version_id", "document", "create_time", "update_time", "description") VALUES ('148f07e18e9b44deab83e5be42084f3e', 'v1', '{"version":"","type":"rego","statement":[{"package":"","rule":"cGFja2FnZSBsbmpveWluZy5nZW5lcmF0ZWQuY29uZGl0aW9uc2V0LnJ1bGVzCgppbXBvcnQgZnV0dXJlLmtleXdvcmRzLmluCgppbXBvcnQgZGF0YS5sbmpveWluZy5nZW5lcmF0ZWQuYWJhYy51dGlscy5hdHRyaWJ1dGVzCiNpbXBvcnQgZGF0YS5sbmpveWluZy5nZW5lcmF0ZWQuYWJhYy51dGlscy5jb25kaXRpb25fc2V0X3Blcm1pc3Npb25zCmltcG9ydCBkYXRhLmxuam95aW5nLmdlbmVyYXRlZC5jb25kaXRpb25zZXQKCiNkZWZhdWx0IHJ1bGVfX3Byb2plY3QgPSBmYWxzZQoKcnVsZV9faW1zX3JlYWRvbmx5X2FjY2Vzc1thY3Rpb25dIHsKCQoJc29tZSBhY3Rpb24gaW4gY29uZGl0aW9uc2V0LmFjdGlvbnNldF9pbXNfcmVhZG9ubHlfYWN0aW9ucwogCn0="},{"package":"","rule":"cGFja2FnZSBsbmpveWluZy5nZW5lcmF0ZWQuY29uZGl0aW9uc2V0CgoKaW1wb3J0IGZ1dHVyZS5rZXl3b3Jkcy5pbgppbXBvcnQgZGF0YS5sbmpveWluZy5nZW5lcmF0ZWQuYWJhYy51dGlscy5hdHRyaWJ1dGVzCmltcG9ydCBkYXRhLmxuam95aW5nLmdlbmVyYXRlZC5hYmFjLnV0aWxzLl9tYXRjaGVzX2FjdGlvbnMKCgphY3Rpb25zZXRfaW1zX3JlYWRvbmx5X2FjdGlvbnMgW2FjdGlvbnNdewoKICAgICBhY3Rpb25zIDo9IFsiaW1zOmdldEFsbFJlZ2lzdHJ5Tm9kZXMiLAogICAgICAgICAgICAgICAgImltczpnZXRSZWdpc3RyeVByb2plY3QiLAogICAgICAgICAgICAgICAgImltczpnZXRSZWdpc3RyeVJlZ2lvbnMiLAogICAgICAgICAgICAgICAgImltczpnZXRBbGxSZWdpc3RyeVJlcG9zIiwKICAgICAgICAgICAgICAgICJpbXM6Z2V0UmVnaXN0cnlQcm9qZWN0TGlzdCIsCiAgICAgICAgICAgICAgICAiaW1zOmdldFJlZ2lzdHJ5UmVwbyIsCiAgICAgICAgICAgICAgICAiaW1zOmdldFJlZ2lzdHJ5UmVwb0xpc3QiLAogICAgICAgICAgICAgICAgImltczpnZXRSZWdpc3RyeUxpc3QiLAogICAgICAgICAgICAgICAgImltczpnZXRSZWdpc3RyeSJdCiAgICBfbWF0Y2hlc19hY3Rpb25zKGlucHV0LmFjdGlvbiwgYWN0aW9ucykKfQ=="}]}', '2023-04-12 21:04:48.007+08', '2023-04-12 21:04:48.007+08', NULL);
INSERT INTO "public"."tbl_iam_policy_version" ("policy_id", "version_id", "document", "create_time", "update_time", "description") VALUES ('7c796131973b418a92c098d18337c8a8', 'v1', '{"version":"","type":"rego","statement":[{"package":"","rule":"cGFja2FnZSBsbmpveWluZy5nZW5lcmF0ZWQuY29uZGl0aW9uc2V0LnJ1bGVzCgppbXBvcnQgZnV0dXJlLmtleXdvcmRzLmluCgppbXBvcnQgZGF0YS5sbmpveWluZy5nZW5lcmF0ZWQuYWJhYy51dGlscy5hdHRyaWJ1dGVzCiNpbXBvcnQgZGF0YS5sbmpveWluZy5nZW5lcmF0ZWQuYWJhYy51dGlscy5jb25kaXRpb25fc2V0X3Blcm1pc3Npb25zCmltcG9ydCBkYXRhLmxuam95aW5nLmdlbmVyYXRlZC5jb25kaXRpb25zZXQKCiNkZWZhdWx0IHJ1bGVfX3Byb2plY3QgPSBmYWxzZQoKcnVsZV9faW1zX2FsbFthY3Rpb25dIHsKCQoJc29tZSBhY3Rpb24gaW4gY29uZGl0aW9uc2V0LmFjdGlvbnNldF9pbXNfYWxsX2FjdGlvbnMKIAp9"},{"package":"","rule":"cGFja2FnZSBsbmpveWluZy5nZW5lcmF0ZWQuY29uZGl0aW9uc2V0CgoKaW1wb3J0IGZ1dHVyZS5rZXl3b3Jkcy5pbgppbXBvcnQgZGF0YS5sbmpveWluZy5nZW5lcmF0ZWQuYWJhYy51dGlscy5hdHRyaWJ1dGVzCmltcG9ydCBkYXRhLmxuam95aW5nLmdlbmVyYXRlZC5hYmFjLnV0aWxzLl9tYXRjaGVzX2FjdGlvbnMKCiNkZWZhdWx0IGFjdGlvbnNldF9wcm9qZWN0bGlzdCA9IGZhbHNlCmFjdGlvbnNldF9pbXNfYWxsX2FjdGlvbnNbYWN0aW9uc117CgoKICAgICMgZXhhY3QgbWF0Y2gKCSNpbnB1dC5hY3Rpb24gaW4gWyJpYW06Z2V0UHJvamVjdCIsICJpYW06Z2V0UHJvamVjdExpc3QiXQogICAgIyBmdXp6eSBtYXRjaAogICAgIGFjdGlvbnMgOj0gWyJpbXM6KiJdCiAgICBfbWF0Y2hlc19hY3Rpb25zKGlucHV0LmFjdGlvbiwgYWN0aW9ucykKfQ=="}]}', '2023-04-12 21:12:39.234+08', '2023-04-12 21:12:39.234+08', NULL);
INSERT INTO "public"."tbl_iam_policy_version" ("policy_id", "version_id", "document", "create_time", "update_time", "description") VALUES ('541204d7fdd0458ebc698a3aa7934be7', 'v1', '{"version":"","type":"rego","statement":[{"package":"","rule":"cGFja2FnZSBsbmpveWluZy5nZW5lcmF0ZWQuY29uZGl0aW9uc2V0LnJ1bGVzCgppbXBvcnQgZnV0dXJlLmtleXdvcmRzLmluCmltcG9ydCBkYXRhLmxuam95aW5nLmdlbmVyYXRlZC5hYmFjLnV0aWxzLmF0dHJpYnV0ZXMKaW1wb3J0IGRhdGEubG5qb3lpbmcuZ2VuZXJhdGVkLmNvbmRpdGlvbnNldAppbXBvcnQgZGF0YS5sbmpveWluZy5yYmFjLgoKcnVsZV9faW1zX2RlbmdfYnBbYWN0aW9uXSB7Cgljb25kaXRpb25zZXQucmVzb3VyY2VzZXRfYWRtaW5fa2luZAoJc29tZSBhY3Rpb24gaW4gY29uZGl0aW9uc2V0LmFjdGlvbnNldF9pbXNfYWxsX2FjdGlvbnMKIAp9"}]}', '2023-04-13 10:26:44.35+08', '2023-04-13 10:26:44.35+08', NULL);
INSERT INTO "public"."tbl_iam_policy_version" ("policy_id", "version_id", "document", "create_time", "update_time", "description") VALUES ('394fbad4dd8243c0abc39b76df3cebed', 'v1', '{"version":"2023-04-13","type":"REGO","statement":[{"rule":"cGFja2FnZSBsbmpveWluZy5nZW5lcmF0ZWQucmJhYy51dGlscwoKaW1wb3J0IGZ1dHVyZS5rZXl3b3Jkcy5pbgoKaXNfYWRtaW4oa2luZCkgewogICAga2luZCA9PSAiQURNSU4iCn0KCmlzX2FkbWluKGtpbmQpIHsKICAgIGtpbmQgPT0gIlNZU1RFTSIKfQoKaXNfYnBfYWRtaW4oa2luZCkgewogICAga2luZCA9PSAiQlBfQURNSU4iCn0KCmlzX2JwX3VzZXIoa2luZCkgewogICAga2luZCA9PSAiQlBfU1VCX1VTRVIiCn0KCmlzX3BlcnNvbmFsKGtpbmQpIHsKICAgIGtpbmQgPT0gIlBFUlNPTkFMIgp9Cgpyb2xlc1tyb2xlS2V5XSB7CiAgICBzb21lIHJvbGVLZXkgaW4gZGF0YS51c2Vyc1tpbnB1dC51c2VyLmtleV0ucm9sZUFzc2lnbm1lbnRzW2lucHV0LnJlc291cmNlLnByb2plY3RdCn0K","package":"lnjoying.rbac.utils.rego"},{"rule":"cGFja2FnZSBsbmpveWluZy5nZW5lcmF0ZWQuYWJhYy51dGlscw0KDQppbXBvcnQgZnV0dXJlLmtleXdvcmRzLmluDQoNCiMgbm90IHVuZGVmaW5lZCBpZiBvYmplY3QgJ3gnIGhhcyBhIGtleSAnaycNCmhhc19rZXkoeCwgaykgew0KICAgIF8gOj0geFtrXQ0KfQ0KDQojIElmIGEgZmllbGQgJ2snIHJlbGllcyBpbiBib3RoICdhJyBhbmQgJ2InIG9iamVjdHMsIHBpY2sgaXRzIHZhbHVlIGZyb20gJ2EnLg0KcGlja19maXJzdChrLCBhLCBiKSA9IGFba10gew0KICAgIGhhc19rZXkoYSwgaykNCn0NCg0KZWxzZSA9IGJba10gew0KICAgIHRydWUNCn0NCg0KIyBoYXlzdGFjaywgbmVlZGxlDQpfbWF0Y2hlc19hY3Rpb25zKGhheXN0YWNrLCBuZWVkbGVzKQ0Kew0KCXNvbWUgbmVlZGxlIGluIG5lZWRsZXMNCglfbWF0Y2hlc19leGVtcHRpb24oaGF5c3RhY2ssIG5lZWRsZSkNCn0NCg0KDQpfbWF0Y2hlc19leGVtcHRpb24oaGF5c3RhY2ssIGV4ZW1wdGlvbikgew0KICAgIG5vdCBlbmRzd2l0aChleGVtcHRpb24sICIqIikNCiAgICBleGVtcHRpb24gPT0gaGF5c3RhY2sNCn0NCg0KX21hdGNoZXNfZXhlbXB0aW9uKGhheXN0YWNrLCBleGVtcHRpb24pIHsNCiAgICBlbmRzd2l0aChleGVtcHRpb24sICIqIikNCiAgICBwcmVmaXggOj0gdHJpbV9zdWZmaXgoZXhlbXB0aW9uLCAiKiIpDQogICAgc3RhcnRzd2l0aChoYXlzdGFjaywgcHJlZml4KQ0KfQ0KDQoNCiMgTWVyZ2luZyBvYmplY3RzIGEgJiBiLiBJZiBhIGZpZWxkIHJlbGllcyBpbiBib3RoIG9mIHRoZW0sIHBpY2sgaXQncyB2YWx1ZSBmcm9tIGEuDQptZXJnZV9vYmplY3RzKGEsIGIpID0gYyB7DQogICAga3MgOj0ge2sgfCBzb21lIGs7IF8gPSBhW2tdfSB8IHtrIHwgc29tZSBrOyBfID0gYltrXX0NCiAgICBjIDo9IHtrOiB2IHwgc29tZSBrOyBrc1trXTsgdiA6PSBwaWNrX2ZpcnN0KGssIGIsIGEpfQ0KfQ0KDQpyb2xlc1tyb2xlS2V5XSB7DQogICAgc29tZSByb2xlS2V5IGluIGRhdGEudXNlcnNbaW5wdXQudXNlci5rZXldLnJvbGVBc3NpZ25tZW50c1tpbnB1dC5yZXNvdXJjZS5wcm9qZWN0XQ0KfQ0KDQpfX2dlbmVyYXRlZF91c2VyX2F0dHJpYnV0ZXMgPSB7InJvbGVzIjogcm9sZXN9DQoNCl9fZ2VuZXJhdGVkX3Jlc291cmNlX2F0dHJpYnV0ZXMgPSB7InR5cGUiOiBpbnB1dC5yZXNvdXJjZS50eXBlfQ0KDQpkZWZhdWx0IF9fc3RvcmVkX3VzZXJfYXR0cmlidXRlcyA9IHt9DQoNCl9fc3RvcmVkX3VzZXJfYXR0cmlidXRlcyA9IGRhdGEudXNlcnNbaW5wdXQudXNlci5rZXldLmF0dHJpYnV0ZXMNCg0KZGVmYXVsdCBfX2lucHV0X3VzZXJfYXR0cmlidXRlcyA9IHt9DQoNCmRlZmF1bHQgX19pbnB1dF9yZXNvdXJjZV9hdHRyaWJ1dGVzID0ge30NCg0KZGVmYXVsdCBfX2lucHV0X2NvbnRleHRfYXR0cmlidXRlcyA9IHt9DQoNCl9faW5wdXRfdXNlcl9hdHRyaWJ1dGVzID0gaW5wdXQudXNlci5hdHRyaWJ1dGVzDQoNCl9faW5wdXRfcmVzb3VyY2VfYXR0cmlidXRlcyA9IGlucHV0LnJlc291cmNlLmF0dHJpYnV0ZXMNCg0KX19pbnB1dF9jb250ZXh0X2F0dHJpYnV0ZXMgPSBpbnB1dC5jb250ZXh0DQoNCl9fdXNlcl9hdHRyaWJ1dGVzID0gbWVyZ2Vfb2JqZWN0cyhfX2lucHV0X3VzZXJfYXR0cmlidXRlcywgX19zdG9yZWRfdXNlcl9hdHRyaWJ1dGVzKQ0KDQphdHRyaWJ1dGVzID0gew0KICAgICJ1c2VyIjogbWVyZ2Vfb2JqZWN0cyhfX3VzZXJfYXR0cmlidXRlcywgX19nZW5lcmF0ZWRfdXNlcl9hdHRyaWJ1dGVzKSwNCiAgICAicmVzb3VyY2UiOiBtZXJnZV9vYmplY3RzKF9faW5wdXRfcmVzb3VyY2VfYXR0cmlidXRlcywgX19nZW5lcmF0ZWRfcmVzb3VyY2VfYXR0cmlidXRlcyksDQogICAgImNvbnRleHQiOiBfX2lucHV0X2NvbnRleHRfYXR0cmlidXRlcywNCn0NCg0KaW5wdXRfcXVlcnkgOj0gew0KICAgICJhY3Rpb24iOiBpbnB1dC5hY3Rpb24sDQogICAgInVzZXIiOiB7DQogICAgICAgICJrZXkiOiBpbnB1dC51c2VyLmtleSwNCiAgICB9LA0KICAgICJyZXNvdXJjZSI6IHsNCiAgICAgICAgInR5cGUiOiBpbnB1dC5yZXNvdXJjZS50eXBlLA0KICAgICAgICAiYnAiOiBpbnB1dC5yZXNvdXJjZS5icCwNCiAgICAgICAgInByb2plY3QiOmlucHV0LnJlc291cmNlLnByb2plY3QsDQogICAgfQ0KfQ0KDQpwcm9qZWN0IDo9IHByb2plY3Rfa2V5IHsNCiAgICBpbnB1dF9xdWVyeS5yZXNvdXJjZS5wcm9qZWN0ICE9IG51bGwNCiAgICBwcm9qZWN0X2tleSA6PSBpbnB1dF9xdWVyeS5yZXNvdXJjZS5wcm9qZWN0DQp9DQoNCnVzZXJfcm9sZXNbcm9sZV9rZXldIHsNCiAgICBzb21lIHJvbGVfa2V5IGluIGRhdGEudXNlcnNbaW5wdXRfcXVlcnkudXNlci5rZXldLnJvbGVBc3NpZ25tZW50c1twcm9qZWN0XQ0KfQ0KDQpyb2xlX3J1bGVzW3J1bGVdIHsNCiAgICBzb21lIHJvbGVfa2V5IGluIHVzZXJfcm9sZXMNCiAgICBzb21lIHJ1bGUgaW4gZGF0YS5jb25kaXRpb25fc2V0X3JvbGVfcnVsZXNbcm9sZV9rZXldLnJ1bGVzDQp9DQoNCiMgdXNlcnNldCByZXNvdXJjZXNldA0KY29uZGl0aW9uX3NldF9wZXJtaXNzaW9ucyA6PSBkYXRhLmNvbmRpdGlvbl9zZXRfcGVybWlzc2lvbnMNCg0KdXNlcl9ydWxlc1tydWxlXSB7DQogICAgc29tZSBydWxlIGluIGRhdGEuY29uZGl0aW9uX3NldF91c2VyX3J1bGVzW2lucHV0X3F1ZXJ5LnVzZXIua2V5XVtfXS5ydWxlcw0KfQ0KDQojIGFjdGlvbiB1c2VyDQpjb25kaXRpb25fc2V0X3J1bGVzIDo9IHVzZXJfcnVsZXMgfCByb2xlX3J1bGVz","package":"lnjoying.abac.utils.rego"},{"rule":"cGFja2FnZSBsbmpveWluZy5yb290DQoNCmltcG9ydCBkYXRhLmxuam95aW5nLnBvbGljaWVzDQppbXBvcnQgZGF0YS5sbmpveWluZy5jdXN0b20NCg0KICMgVGhlIHBvbGljeSB3aWxsIGFsbG93IGlmIGJvdGggcG9saWNpZXMuYWxsb3cgYW5kIG15X2N1c3RvbV9ydWxlIGFyZSB0cnVlDQoNCmRlZmF1bHQgYWxsb3cgOj0gZmFsc2UNCg0KYWxsb3cgew0KICAgIHBvbGljaWVzLmFsbG93DQp9DQoNCmFsbG93IHsNCiAgICBjdXN0b20uYWxsb3cNCn0NCg0KZGVidWcgPSBwb2xpY2llcy5kZWJ1Zw==","package":"root.rego"},{"rule":"cGFja2FnZSBsbmpveWluZy5hYmFjDQoNCmltcG9ydCBmdXR1cmUua2V5d29yZHMuaW4NCg0KaW1wb3J0IGRhdGEubG5qb3lpbmcuZ2VuZXJhdGVkLmNvbmRpdGlvbnNldA0KaW1wb3J0IGRhdGEubG5qb3lpbmcuZ2VuZXJhdGVkLmFiYWMudXRpbHMNCg0KZGVmYXVsdCBhbGxvdyA9IGZhbHNlDQoNCmFsbG93IHsNCiAgICAjY291bnQoYWxsb3dpbmdfcnVsZXMpID4gMA0KICAgIGNvdW50KG1hdGNoaW5nX3J1bGVzKSA+IDANCn0NCg0KI2FsbG93aW5nX3J1bGVzW3J1bGVdIHsNCiMgICAgc29tZSBydWxlLCB2YWx1ZSBpbiBjb25kaXRpb25zZXQucnVsZXMNCiMgICAgdmFsdWUgPT0gdHJ1ZQ0KI30NCg0KbWF0Y2hpbmdfcnVsZXNbeyJydWxlIjpydWxlLCAiYWN0aW9ucyI6dmFsdWV9XSB7DQogICAgc29tZSBydWxlLCB2YWx1ZSBpbiBjb25kaXRpb25zZXQucnVsZXMNCiAgICBydWxlIGluIHV0aWxzLmNvbmRpdGlvbl9zZXRfcnVsZXMNCiAgICBjb3VudCh2YWx1ZSk+MA0KICAgICN2YWx1ZSA9PSB0cnVlDQp9DQoNCm1hdGNoaW5nX3VzZXJzZXRzW3VzZXJzZXRdIHsNCiAgICBzb21lIHNldCwgdmFsdWUgaW4gY29uZGl0aW9uc2V0DQogICAgc3RhcnRzd2l0aChzZXQsICJ1c2Vyc2V0XyIpDQogICAgdmFsdWUgPT0gdHJ1ZQ0KICAgIHVzZXJzZXQgOj0gdHJpbV9wcmVmaXgoc2V0LCAidXNlcnNldF8iKQ0KfQ0KDQptYXRjaGluZ19yZXNvdXJjZXNldHNbcmVzb3VyY2VzZXRdIHsNCiAgICBzb21lIHNldCwgdmFsdWUgaW4gY29uZGl0aW9uc2V0DQogICAgc3RhcnRzd2l0aChzZXQsICJyZXNvdXJjZXNldF8iKQ0KICAgIHZhbHVlID09IHRydWUNCiAgICByZXNvdXJjZXNldCA6PSB0cmltX3ByZWZpeChzZXQsICJyZXNvdXJjZXNldF8iKQ0KfQ0KDQptYXRjaGluZ19hY3Rpb25zZXRzW2FjdGlvbnNldF0gew0KICAgIHNvbWUgc2V0LCB2YWx1ZSBpbiBjb25kaXRpb25zZXQNCiAgICBzdGFydHN3aXRoKHNldCwgImFjdGlvbnNldF8iKQ0KICAgIHZhbHVlID09IHRydWUNCiAgICBhY3Rpb25zZXQgOj0gdHJpbV9wcmVmaXgoc2V0LCAiYWN0aW9uc2V0XyIpDQp9DQoNCg0KdXNlcnNldF9wZXJtaXNzaW9uc1t1c2Vyc2V0XSA9IHJlc291cmNlc2V0X3Blcm1pc3Npb25zIHsNCiAgICBzb21lIHVzZXJzZXQgaW4gbWF0Y2hpbmdfdXNlcnNldHMNCiAgICByZXNvdXJjZXNldF9wZXJtaXNzaW9ucyA6PSB7DQogICAgICAgIHJlc291cmNlc2V0OiBwZXJtaXNzaW9ucyB8DQogICAgICAgICAgICBzb21lIHJlc291cmNlc2V0IGluIG1hdGNoaW5nX3Jlc291cmNlc2V0cw0KICAgICAgICAgICAgcGVybWlzc2lvbnMgOj0gdXRpbHMuY29uZGl0aW9uX3NldF9wZXJtaXNzaW9uc1t1c2Vyc2V0XVtyZXNvdXJjZXNldF0NCiAgICB9DQp9DQoNCmRlZmF1bHQgZGVidWcgPSBudWxsDQpkZWJ1ZyA9IHsNCiAgICAjImFsbG93aW5nX3J1bGVzIjogYWxsb3dpbmdfcnVsZXMsDQogICAgIm1hdGNoaW5nX3J1bGVzIjptYXRjaGluZ19ydWxlcywNCiAgICAibWF0Y2hpbmdfYWN0aW9uc2V0cyI6bWF0Y2hpbmdfYWN0aW9uc2V0cywNCiAgICAibWF0Y2hpbmdfdXNlcnNldHMiOiBtYXRjaGluZ191c2Vyc2V0cywNCiAgICAibWF0Y2hpbmdfcmVzb3VyY2VzZXRzIjogbWF0Y2hpbmdfcmVzb3VyY2VzZXRzLA0KICAgICJ1c2Vyc2V0X3Blcm1pc3Npb25zIjogdXNlcnNldF9wZXJtaXNzaW9ucywNCiAgICAiYXR0cmlidXRlcyI6IHsNCiAgICAgICAgImNvbnRleHQiOiB7DQogICAgICAgICAgICAiZ2VuZXJhdGVkIjoge30sDQogICAgICAgICAgICAiaW5wdXQiOiB1dGlscy5fX2lucHV0X2NvbnRleHRfYXR0cmlidXRlcywNCiAgICAgICAgICAgICJyZXN1bHQiOiB1dGlscy5hdHRyaWJ1dGVzLmNvbnRleHQsDQogICAgICAgIH0sDQogICAgICAgICJ1c2VyIjogew0KICAgICAgICAgICAgImdlbmVyYXRlZCI6IHV0aWxzLl9fZ2VuZXJhdGVkX3VzZXJfYXR0cmlidXRlcywNCiAgICAgICAgICAgICJpbnB1dCI6IHV0aWxzLl9faW5wdXRfdXNlcl9hdHRyaWJ1dGVzLA0KICAgICAgICAgICAgInJlc3VsdCI6IHV0aWxzLmF0dHJpYnV0ZXMudXNlciwNCiAgICAgICAgfSwNCiAgICAgICAgInJlc291cmNlIjogew0KICAgICAgICAgICAgImdlbmVyYXRlZCI6IHV0aWxzLl9fZ2VuZXJhdGVkX3Jlc291cmNlX2F0dHJpYnV0ZXMsDQogICAgICAgICAgICAiaW5wdXQiOiB1dGlscy5fX2lucHV0X3Jlc291cmNlX2F0dHJpYnV0ZXMsDQogICAgICAgICAgICAicmVzdWx0IjogdXRpbHMuYXR0cmlidXRlcy5yZXNvdXJjZSwNCiAgICAgICAgfSwNCiAgICB9DQp9","package":"lnjoying.abac.abac.rego"},{"rule":"cGFja2FnZSBsbmpveWluZy5jdXN0b20NCg0KZGVmYXVsdCBhbGxvdyA6PSBmYWxzZQ0K","package":"custom.root.rego"},{"rule":"cGFja2FnZSBsbmpveWluZy5yYmFjDQoNCmltcG9ydCBmdXR1cmUua2V5d29yZHMNCmltcG9ydCBkYXRhLmxuam95aW5nLmdlbmVyYXRlZC5yYmFjLnV0aWxzDQoNCmlucHV0X3F1ZXJ5IDo9IHsNCiAgICAiYWN0aW9uIjogaW5wdXQuYWN0aW9uLA0KICAgICAgICAidXNlciI6IHsNCiAgICAgICAgICAgICJrZXkiOiBpbnB1dC51c2VyLmtleSwNCiAgICAgICAgICAgICJraW5kIjogaW5wdXQudXNlci5hdHRyaWJ1dGVzLmtpbmQsDQogICAgICAgIH0sDQogICAgICAgICJyZXNvdXJjZSI6IHsNCiAgICAgICAgICAgICJ0eXBlIjogaW5wdXQucmVzb3VyY2UudHlwZSwNCiAgICAgICAgICAgICJicCI6IGlucHV0LnJlc291cmNlLmJwLA0KICAgICAgICAgICAgInByb2plY3QiOmlucHV0LnJlc291cmNlLnByb2plY3QsDQogICAgICAgIH0NCn0NCg0KIyBCeSBkZWZhdWx0LCBkZW55IHJlcXVlc3RzLg0KZGVmYXVsdCBhbGxvdyA9IGZhbHNlDQoNCiMgQWxsb3cgdGhlIGFjdGlvbiBpZiB0aGUgdXNlciBpcyBncmFudGVkIHBlcm1pc3Npb24gdG8gcGVyZm9ybSB0aGUgYWN0aW9uLg0KYWxsb3cgew0KICAgIGNvdW50KG1hdGNoaW5nX2dyYW50cykgPiAwDQp9DQoNCmFsbG93IHsNCiAgICB1dGlscy5pc19hZG1pbih1c2VyX2tpbmQpDQp9DQoNCm1hdGNoaW5nX2dyYW50c1tncmFudF0gew0KICAgICMgRmluZCBncmFudHMgZm9yIHRoZSB1c2VyLg0KICAgIHNvbWUgZ3JhbnQgaW4gZ3JhbnRzDQoNCiAgICAjIENoZWNrIGlmIHRoZSBncmFudCBwZXJtaXRzIHRoZSBhY3Rpb24uDQogICAgaW5wdXRfcXVlcnkuYWN0aW9uID09IGdyYW50DQp9DQoNCnByb2plY3QgOj0gcHJvamVjdF9rZXkgew0KICAgIGlucHV0X3F1ZXJ5LnJlc291cmNlLnByb2plY3QgIT0gbnVsbA0KICAgIHByb2plY3Rfa2V5IDo9IGlucHV0X3F1ZXJ5LnJlc291cmNlLnByb2plY3QNCn0NCg0KdXNlcl9raW5kIDo9IGtpbmQgew0KICAgICMga2luZCA6PSBkYXRhLnVzZXJzW2lucHV0X3F1ZXJ5LnVzZXIua2V5XS5hdHRyaWJ1dGVzLmtpbmQNCiAgICBraW5kIDo9IGlucHV0X3F1ZXJ5LnVzZXIua2luZA0KfQ0KDQp1c2VyX3JvbGVzW3JvbGVfa2V5XSB7DQogICAgc29tZSByb2xlX2tleSBpbiBkYXRhLnVzZXJzW2lucHV0X3F1ZXJ5LnVzZXIua2V5XS5yb2xlQXNzaWdubWVudHNbcHJvamVjdF0NCn0NCg0KZ3JhbnRzW2dyYW50XSB7DQogICAgc29tZSByb2xlX2tleSBpbiB1c2VyX3JvbGVzDQogICAgc29tZSBncmFudCBpbiBkYXRhLnJvbGVzW3JvbGVfa2V5XS5ncmFudHNbaW5wdXRfcXVlcnkucmVzb3VyY2UudHlwZV0NCn0NCg0KDQpkZWZhdWx0IGRlYnVnID0gbnVsbA0KZGVidWcgOj0gew0KICAgICJpbnB1dF9xdWVyeSI6IGlucHV0X3F1ZXJ5LA0KICAgICJwcm9qZXQiOiBwcm9qZWN0LA0KICAgICJ1c2VyX3JvbGVzIjogdXNlcl9yb2xlcywNCiAgICAiZ3JhbnRzIjogZ3JhbnRzLA0KICAgICJtYXRjaGluZ19ncmFudHMiOiBtYXRjaGluZ19ncmFudHMsDQp9DQoNCg==","package":"lnjoying.rbac.rbac.rego"},{"rule":"cGFja2FnZSBsbmpveWluZy5wb2xpY2llcw0KDQppbXBvcnQgZGF0YS5sbmpveWluZy5yYmFjDQppbXBvcnQgZGF0YS5sbmpveWluZy5hYmFjDQoNCmRlZmF1bHQgYWxsb3cgOj0gZmFsc2UNCg0KYWxsb3cgew0KICAgIHJiYWMuYWxsb3cNCn0NCg0KYWxsb3cgew0KICAgIGFiYWMuYWxsb3cNCn0NCg0KDQpfX2FsbG93X3NvdXJjZXNbImFiYWMiXSB7DQogICAgYWJhYy5hbGxvdw0KfQ0KDQpkZWZhdWx0IF9fZGVidWdfaW5wdXQgOj0gbnVsbA0KX19kZWJ1Z19pbnB1dCA9IHsNCiAgICAiYWN0aW9uIjogaW5wdXQuYWN0aW9uLA0KICAgICJ1c2VyIjogaW5wdXQudXNlciwNCiAgICAicmVzb3VyY2UiOiBpbnB1dC5yZXNvdXJjZSwNCn0NCg0KZGVidWcgOj0gew0KICAgICJhbGxvd19zb3VyY2UiOiBfX2FsbG93X3NvdXJjZXMsDQogICAgInJiYWMiOiByYmFjLmRlYnVnLA0KICAgICJhYmFjIjogYWJhYy5kZWJ1ZywNCiAgICAiaW5wdXQiOiBfX2RlYnVnX2lucHV0LA0KfQ==","package":"lnjoying.root.rego"}]}', '2023-04-13 11:25:02.538+08', '2023-04-13 11:25:02.538+08', NULL);
INSERT INTO "public"."tbl_iam_policy_version" ("policy_id", "version_id", "document", "create_time", "update_time", "description") VALUES ('c2ad24130c8648b89ed22a7589e2b5d9', 'v1', '{"version":"2023-04-13","type":"REGO","statement":[{"rule":"cGFja2FnZSBsbmpveWluZy5nZW5lcmF0ZWQucmJhYy51dGlscwoKaW1wb3J0IGZ1dHVyZS5rZXl3b3Jkcy5pbgoKCgpyb2xlc1tyb2xlS2V5XSB7CiAgICBzb21lIHJvbGVLZXkgaW4gZGF0YS51c2Vyc1tpbnB1dC51c2VyLmtleV0ucm9sZUFzc2lnbm1lbnRzW2lucHV0LnJlc291cmNlLnByb2plY3RdCn0K","package":"lnjoying.rbac.utils.rego"},{"rule":"cGFja2FnZSBsbmpveWluZy5nZW5lcmF0ZWQuYWJhYy51dGlscw0KDQppbXBvcnQgZnV0dXJlLmtleXdvcmRzLmluDQoNCiMgbm90IHVuZGVmaW5lZCBpZiBvYmplY3QgJ3gnIGhhcyBhIGtleSAnaycNCmhhc19rZXkoeCwgaykgew0KICAgIF8gOj0geFtrXQ0KfQ0KDQojIElmIGEgZmllbGQgJ2snIHJlbGllcyBpbiBib3RoICdhJyBhbmQgJ2InIG9iamVjdHMsIHBpY2sgaXRzIHZhbHVlIGZyb20gJ2EnLg0KcGlja19maXJzdChrLCBhLCBiKSA9IGFba10gew0KICAgIGhhc19rZXkoYSwgaykNCn0NCg0KZWxzZSA9IGJba10gew0KICAgIHRydWUNCn0NCg0KIyBoYXlzdGFjaywgbmVlZGxlDQpfbWF0Y2hlc19hY3Rpb25zKGhheXN0YWNrLCBuZWVkbGVzKQ0Kew0KCXNvbWUgbmVlZGxlIGluIG5lZWRsZXMNCglfbWF0Y2hlc19leGVtcHRpb24oaGF5c3RhY2ssIG5lZWRsZSkNCn0NCg0KDQpfbWF0Y2hlc19leGVtcHRpb24oaGF5c3RhY2ssIGV4ZW1wdGlvbikgew0KICAgIG5vdCBlbmRzd2l0aChleGVtcHRpb24sICIqIikNCiAgICBleGVtcHRpb24gPT0gaGF5c3RhY2sNCn0NCg0KX21hdGNoZXNfZXhlbXB0aW9uKGhheXN0YWNrLCBleGVtcHRpb24pIHsNCiAgICBlbmRzd2l0aChleGVtcHRpb24sICIqIikNCiAgICBwcmVmaXggOj0gdHJpbV9zdWZmaXgoZXhlbXB0aW9uLCAiKiIpDQogICAgc3RhcnRzd2l0aChoYXlzdGFjaywgcHJlZml4KQ0KfQ0KDQoNCiMgTWVyZ2luZyBvYmplY3RzIGEgJiBiLiBJZiBhIGZpZWxkIHJlbGllcyBpbiBib3RoIG9mIHRoZW0sIHBpY2sgaXQncyB2YWx1ZSBmcm9tIGEuDQptZXJnZV9vYmplY3RzKGEsIGIpID0gYyB7DQogICAga3MgOj0ge2sgfCBzb21lIGs7IF8gPSBhW2tdfSB8IHtrIHwgc29tZSBrOyBfID0gYltrXX0NCiAgICBjIDo9IHtrOiB2IHwgc29tZSBrOyBrc1trXTsgdiA6PSBwaWNrX2ZpcnN0KGssIGIsIGEpfQ0KfQ0KDQpyb2xlc1tyb2xlS2V5XSB7DQogICAgc29tZSByb2xlS2V5IGluIGRhdGEudXNlcnNbaW5wdXQudXNlci5rZXldLnJvbGVBc3NpZ25tZW50c1tpbnB1dC5yZXNvdXJjZS5wcm9qZWN0XQ0KfQ0KDQpfX2dlbmVyYXRlZF91c2VyX2F0dHJpYnV0ZXMgPSB7InJvbGVzIjogcm9sZXN9DQoNCl9fZ2VuZXJhdGVkX3Jlc291cmNlX2F0dHJpYnV0ZXMgPSB7InR5cGUiOiBpbnB1dC5yZXNvdXJjZS50eXBlfQ0KDQpkZWZhdWx0IF9fc3RvcmVkX3VzZXJfYXR0cmlidXRlcyA9IHt9DQoNCl9fc3RvcmVkX3VzZXJfYXR0cmlidXRlcyA9IGRhdGEudXNlcnNbaW5wdXQudXNlci5rZXldLmF0dHJpYnV0ZXMNCg0KZGVmYXVsdCBfX2lucHV0X3VzZXJfYXR0cmlidXRlcyA9IHt9DQoNCmRlZmF1bHQgX19pbnB1dF9yZXNvdXJjZV9hdHRyaWJ1dGVzID0ge30NCg0KZGVmYXVsdCBfX2lucHV0X2NvbnRleHRfYXR0cmlidXRlcyA9IHt9DQoNCl9faW5wdXRfdXNlcl9hdHRyaWJ1dGVzID0gaW5wdXQudXNlci5hdHRyaWJ1dGVzDQoNCl9faW5wdXRfcmVzb3VyY2VfYXR0cmlidXRlcyA9IGlucHV0LnJlc291cmNlLmF0dHJpYnV0ZXMNCg0KX19pbnB1dF9jb250ZXh0X2F0dHJpYnV0ZXMgPSBpbnB1dC5jb250ZXh0DQoNCl9fdXNlcl9hdHRyaWJ1dGVzID0gbWVyZ2Vfb2JqZWN0cyhfX2lucHV0X3VzZXJfYXR0cmlidXRlcywgX19zdG9yZWRfdXNlcl9hdHRyaWJ1dGVzKQ0KDQphdHRyaWJ1dGVzID0gew0KICAgICJ1c2VyIjogbWVyZ2Vfb2JqZWN0cyhfX3VzZXJfYXR0cmlidXRlcywgX19nZW5lcmF0ZWRfdXNlcl9hdHRyaWJ1dGVzKSwNCiAgICAicmVzb3VyY2UiOiBtZXJnZV9vYmplY3RzKF9faW5wdXRfcmVzb3VyY2VfYXR0cmlidXRlcywgX19nZW5lcmF0ZWRfcmVzb3VyY2VfYXR0cmlidXRlcyksDQogICAgImNvbnRleHQiOiBfX2lucHV0X2NvbnRleHRfYXR0cmlidXRlcywNCn0NCg0KaW5wdXRfcXVlcnkgOj0gew0KICAgICJhY3Rpb24iOiBpbnB1dC5hY3Rpb24sDQogICAgInVzZXIiOiB7DQogICAgICAgICJrZXkiOiBpbnB1dC51c2VyLmtleSwNCiAgICB9LA0KICAgICJyZXNvdXJjZSI6IHsNCiAgICAgICAgInR5cGUiOiBpbnB1dC5yZXNvdXJjZS50eXBlLA0KICAgICAgICAiYnAiOiBpbnB1dC5yZXNvdXJjZS5icCwNCiAgICAgICAgInByb2plY3QiOmlucHV0LnJlc291cmNlLnByb2plY3QsDQogICAgfQ0KfQ0KDQpwcm9qZWN0IDo9IHByb2plY3Rfa2V5IHsNCiAgICBpbnB1dF9xdWVyeS5yZXNvdXJjZS5wcm9qZWN0ICE9IG51bGwNCiAgICBwcm9qZWN0X2tleSA6PSBpbnB1dF9xdWVyeS5yZXNvdXJjZS5wcm9qZWN0DQp9DQoNCnVzZXJfcm9sZXNbcm9sZV9rZXldIHsNCiAgICBzb21lIHJvbGVfa2V5IGluIGRhdGEudXNlcnNbaW5wdXRfcXVlcnkudXNlci5rZXldLnJvbGVBc3NpZ25tZW50c1twcm9qZWN0XQ0KfQ0KDQpyb2xlX3J1bGVzW3J1bGVdIHsNCiAgICBzb21lIHJvbGVfa2V5IGluIHVzZXJfcm9sZXMNCiAgICBzb21lIHJ1bGUgaW4gZGF0YS5jb25kaXRpb25fc2V0X3JvbGVfcnVsZXNbcm9sZV9rZXldLnJ1bGVzDQp9DQoNCiMgdXNlcnNldCByZXNvdXJjZXNldA0KY29uZGl0aW9uX3NldF9wZXJtaXNzaW9ucyA6PSBkYXRhLmNvbmRpdGlvbl9zZXRfcGVybWlzc2lvbnMNCg0KdXNlcl9ydWxlc1tydWxlXSB7DQogICAgc29tZSBydWxlIGluIGRhdGEuY29uZGl0aW9uX3NldF91c2VyX3J1bGVzW2lucHV0X3F1ZXJ5LnVzZXIua2V5XVtfXS5ydWxlcw0KfQ0KDQojIGFjdGlvbiB1c2VyDQpjb25kaXRpb25fc2V0X3J1bGVzIDo9IHVzZXJfcnVsZXMgfCByb2xlX3J1bGVz","package":"lnjoying.abac.utils.rego"},{"rule":"cGFja2FnZSBsbmpveWluZy5nZW5lcmF0ZWQuY29uZGl0aW9uc2V0CgppbXBvcnQgZnV0dXJlLmtleXdvcmRzLmluCmltcG9ydCBkYXRhLmxuam95aW5nLmdlbmVyYXRlZC5hYmFjLnV0aWxzLmF0dHJpYnV0ZXMKaW1wb3J0IGRhdGEubG5qb3lpbmcuZ2VuZXJhdGVkLnJlc291cmNlLnVzZXIudXRpbHMKCgpyZXNvdXJjZXNldF9hZG1pbl9raW5kIHsKICAgIHV0aWxzLmFkbWluX2tpbmQKfQoKcmVzb3VyY2VfYnBfYWRtaW5fa2luZCB7CiAgICB1dGlscy5icF9hZG1pbl9raW5kCn0KCnJlc291cmNlX2JwX3VzZXJfa2luZCB7CiAgICB1dGlscy5icF91c2VyX2tpbmQKfQoKcmVzb3VyY2VzZXRfYnBfa2luZCB7CiAgICB1dGlscy5icF9hZG1pbl9raW5kCn0KCnJlc291cmNlc2V0X2JwX2tpbmQgewogICAgdXRpbHMuYnBfdXNlcl9raW5kCn0KCg==","package":"lnjoying.common.user.user_kind.rego"},{"rule":"cGFja2FnZSBsbmpveWluZy5yb290DQoNCmltcG9ydCBkYXRhLmxuam95aW5nLnBvbGljaWVzDQppbXBvcnQgZGF0YS5sbmpveWluZy5jdXN0b20NCg0KICMgVGhlIHBvbGljeSB3aWxsIGFsbG93IGlmIGJvdGggcG9saWNpZXMuYWxsb3cgYW5kIG15X2N1c3RvbV9ydWxlIGFyZSB0cnVlDQoNCmRlZmF1bHQgYWxsb3cgOj0gZmFsc2UNCg0KYWxsb3cgew0KICAgIHBvbGljaWVzLmFsbG93DQp9DQoNCmFsbG93IHsNCiAgICBjdXN0b20uYWxsb3cNCn0NCg0KZGVidWcgPSBwb2xpY2llcy5kZWJ1Zw==","package":"root.rego"},{"rule":"cGFja2FnZSBsbmpveWluZy5hYmFjDQoNCmltcG9ydCBmdXR1cmUua2V5d29yZHMuaW4NCg0KaW1wb3J0IGRhdGEubG5qb3lpbmcuZ2VuZXJhdGVkLmNvbmRpdGlvbnNldA0KaW1wb3J0IGRhdGEubG5qb3lpbmcuZ2VuZXJhdGVkLmFiYWMudXRpbHMNCg0KZGVmYXVsdCBhbGxvdyA9IGZhbHNlDQoNCmFsbG93IHsNCiAgICAjY291bnQoYWxsb3dpbmdfcnVsZXMpID4gMA0KICAgIGNvdW50KG1hdGNoaW5nX3J1bGVzKSA+IDANCn0NCg0KI2FsbG93aW5nX3J1bGVzW3J1bGVdIHsNCiMgICAgc29tZSBydWxlLCB2YWx1ZSBpbiBjb25kaXRpb25zZXQucnVsZXMNCiMgICAgdmFsdWUgPT0gdHJ1ZQ0KI30NCg0KbWF0Y2hpbmdfcnVsZXNbeyJydWxlIjpydWxlLCAiYWN0aW9ucyI6dmFsdWV9XSB7DQogICAgc29tZSBydWxlLCB2YWx1ZSBpbiBjb25kaXRpb25zZXQucnVsZXMNCiAgICBydWxlIGluIHV0aWxzLmNvbmRpdGlvbl9zZXRfcnVsZXMNCiAgICBjb3VudCh2YWx1ZSk+MA0KICAgICN2YWx1ZSA9PSB0cnVlDQp9DQoNCm1hdGNoaW5nX3VzZXJzZXRzW3VzZXJzZXRdIHsNCiAgICBzb21lIHNldCwgdmFsdWUgaW4gY29uZGl0aW9uc2V0DQogICAgc3RhcnRzd2l0aChzZXQsICJ1c2Vyc2V0XyIpDQogICAgdmFsdWUgPT0gdHJ1ZQ0KICAgIHVzZXJzZXQgOj0gdHJpbV9wcmVmaXgoc2V0LCAidXNlcnNldF8iKQ0KfQ0KDQptYXRjaGluZ19yZXNvdXJjZXNldHNbcmVzb3VyY2VzZXRdIHsNCiAgICBzb21lIHNldCwgdmFsdWUgaW4gY29uZGl0aW9uc2V0DQogICAgc3RhcnRzd2l0aChzZXQsICJyZXNvdXJjZXNldF8iKQ0KICAgIHZhbHVlID09IHRydWUNCiAgICByZXNvdXJjZXNldCA6PSB0cmltX3ByZWZpeChzZXQsICJyZXNvdXJjZXNldF8iKQ0KfQ0KDQptYXRjaGluZ19hY3Rpb25zZXRzW2FjdGlvbnNldF0gew0KICAgIHNvbWUgc2V0LCB2YWx1ZSBpbiBjb25kaXRpb25zZXQNCiAgICBzdGFydHN3aXRoKHNldCwgImFjdGlvbnNldF8iKQ0KICAgIHZhbHVlID09IHRydWUNCiAgICBhY3Rpb25zZXQgOj0gdHJpbV9wcmVmaXgoc2V0LCAiYWN0aW9uc2V0XyIpDQp9DQoNCg0KdXNlcnNldF9wZXJtaXNzaW9uc1t1c2Vyc2V0XSA9IHJlc291cmNlc2V0X3Blcm1pc3Npb25zIHsNCiAgICBzb21lIHVzZXJzZXQgaW4gbWF0Y2hpbmdfdXNlcnNldHMNCiAgICByZXNvdXJjZXNldF9wZXJtaXNzaW9ucyA6PSB7DQogICAgICAgIHJlc291cmNlc2V0OiBwZXJtaXNzaW9ucyB8DQogICAgICAgICAgICBzb21lIHJlc291cmNlc2V0IGluIG1hdGNoaW5nX3Jlc291cmNlc2V0cw0KICAgICAgICAgICAgcGVybWlzc2lvbnMgOj0gdXRpbHMuY29uZGl0aW9uX3NldF9wZXJtaXNzaW9uc1t1c2Vyc2V0XVtyZXNvdXJjZXNldF0NCiAgICB9DQp9DQoNCmRlZmF1bHQgZGVidWcgPSBudWxsDQpkZWJ1ZyA9IHsNCiAgICAjImFsbG93aW5nX3J1bGVzIjogYWxsb3dpbmdfcnVsZXMsDQogICAgIm1hdGNoaW5nX3J1bGVzIjptYXRjaGluZ19ydWxlcywNCiAgICAibWF0Y2hpbmdfYWN0aW9uc2V0cyI6bWF0Y2hpbmdfYWN0aW9uc2V0cywNCiAgICAibWF0Y2hpbmdfdXNlcnNldHMiOiBtYXRjaGluZ191c2Vyc2V0cywNCiAgICAibWF0Y2hpbmdfcmVzb3VyY2VzZXRzIjogbWF0Y2hpbmdfcmVzb3VyY2VzZXRzLA0KICAgICJ1c2Vyc2V0X3Blcm1pc3Npb25zIjogdXNlcnNldF9wZXJtaXNzaW9ucywNCiAgICAiYXR0cmlidXRlcyI6IHsNCiAgICAgICAgImNvbnRleHQiOiB7DQogICAgICAgICAgICAiZ2VuZXJhdGVkIjoge30sDQogICAgICAgICAgICAiaW5wdXQiOiB1dGlscy5fX2lucHV0X2NvbnRleHRfYXR0cmlidXRlcywNCiAgICAgICAgICAgICJyZXN1bHQiOiB1dGlscy5hdHRyaWJ1dGVzLmNvbnRleHQsDQogICAgICAgIH0sDQogICAgICAgICJ1c2VyIjogew0KICAgICAgICAgICAgImdlbmVyYXRlZCI6IHV0aWxzLl9fZ2VuZXJhdGVkX3VzZXJfYXR0cmlidXRlcywNCiAgICAgICAgICAgICJpbnB1dCI6IHV0aWxzLl9faW5wdXRfdXNlcl9hdHRyaWJ1dGVzLA0KICAgICAgICAgICAgInJlc3VsdCI6IHV0aWxzLmF0dHJpYnV0ZXMudXNlciwNCiAgICAgICAgfSwNCiAgICAgICAgInJlc291cmNlIjogew0KICAgICAgICAgICAgImdlbmVyYXRlZCI6IHV0aWxzLl9fZ2VuZXJhdGVkX3Jlc291cmNlX2F0dHJpYnV0ZXMsDQogICAgICAgICAgICAiaW5wdXQiOiB1dGlscy5fX2lucHV0X3Jlc291cmNlX2F0dHJpYnV0ZXMsDQogICAgICAgICAgICAicmVzdWx0IjogdXRpbHMuYXR0cmlidXRlcy5yZXNvdXJjZSwNCiAgICAgICAgfSwNCiAgICB9DQp9","package":"lnjoying.abac.abac.rego"},{"rule":"cGFja2FnZSBsbmpveWluZy5jdXN0b20NCg0KZGVmYXVsdCBhbGxvdyA6PSBmYWxzZQ0K","package":"custom.root.rego"},{"rule":"cGFja2FnZSBsbmpveWluZy5nZW5lcmF0ZWQucmVzb3VyY2UudXNlci51dGlscwoKaXNfYWRtaW4oa2luZCkgewogICAga2luZCA9PSAiQURNSU4iCn0KCmlzX2FkbWluKGtpbmQpIHsKICAgIGtpbmQgPT0gIlNZU1RFTSIKfQoKaXNfYnBfYWRtaW4oa2luZCkgewogICAga2luZCA9PSAiQlBfQURNSU4iCn0KCmlzX2JwX3VzZXIoa2luZCkgewogICAga2luZCA9PSAiQlBfU1VCX1VTRVIiCn0KCmlzX3BlcnNvbmFsKGtpbmQpIHsKICAgIGtpbmQgPT0gIlBFUlNPTkFMIgp9CgphZG1pbl9raW5kewogaXNfYWRtaW4odXNlcl9raW5kKQp9CgpicF9hZG1pbl9raW5kewogaXNfYnBfYWRtaW4odXNlcl9raW5kKQp9CgpicF91c2VyX2tpbmR7CiBpc19icF91c2VyKHVzZXJfa2luZCkKfQoKcGVyc29uYWxfa2luZHsKIGlzX3BlcnNvbmFsKHVzZXJfa2luZCkKfQoKdXNlcl9raW5kIDo9IGtpbmQgewogICAgIyBraW5kIDo9IGRhdGEudXNlcnNbaW5wdXRfcXVlcnkudXNlci5rZXldLmF0dHJpYnV0ZXMua2luZAogICAga2luZCA6PSBpbnB1dC51c2VyLmF0dHJpYnV0ZXMua2luZAp9","package":"lnjoying.resource.user_utils.rego"},{"rule":"cGFja2FnZSBsbmpveWluZy5yYmFjDQoNCmltcG9ydCBmdXR1cmUua2V5d29yZHMNCmltcG9ydCBkYXRhLmxuam95aW5nLmdlbmVyYXRlZC5yYmFjLnV0aWxzDQppbXBvcnQgZGF0YS5sbmpveWluZy5nZW5lcmF0ZWQucmVzb3VyY2UudXNlci51dGlscyBhcyB1c2VyX3V0aWxzDQoNCmlucHV0X3F1ZXJ5IDo9IHsNCiAgICAiYWN0aW9uIjogaW5wdXQuYWN0aW9uLA0KICAgICAgICAidXNlciI6IHsNCiAgICAgICAgICAgICJrZXkiOiBpbnB1dC51c2VyLmtleSwNCiAgICAgICAgICAgICJraW5kIjogaW5wdXQudXNlci5hdHRyaWJ1dGVzLmtpbmQsDQogICAgICAgIH0sDQogICAgICAgICJyZXNvdXJjZSI6IHsNCiAgICAgICAgICAgICJ0eXBlIjogaW5wdXQucmVzb3VyY2UudHlwZSwNCiAgICAgICAgICAgICJicCI6IGlucHV0LnJlc291cmNlLmJwLA0KICAgICAgICAgICAgInByb2plY3QiOmlucHV0LnJlc291cmNlLnByb2plY3QsDQogICAgICAgIH0NCn0NCg0KIyBCeSBkZWZhdWx0LCBkZW55IHJlcXVlc3RzLg0KZGVmYXVsdCBhbGxvdyA9IGZhbHNlDQoNCiMgQWxsb3cgdGhlIGFjdGlvbiBpZiB0aGUgdXNlciBpcyBncmFudGVkIHBlcm1pc3Npb24gdG8gcGVyZm9ybSB0aGUgYWN0aW9uLg0KYWxsb3cgew0KICAgIGNvdW50KG1hdGNoaW5nX2dyYW50cykgPiAwDQp9DQoNCmFsbG93IHsNCiAgdXNlcl91dGlscy5hZG1pbl9raW5kDQp9DQoNCm1hdGNoaW5nX2dyYW50c1tncmFudF0gew0KICAgICMgRmluZCBncmFudHMgZm9yIHRoZSB1c2VyLg0KICAgIHNvbWUgZ3JhbnQgaW4gZ3JhbnRzDQoNCiAgICAjIENoZWNrIGlmIHRoZSBncmFudCBwZXJtaXRzIHRoZSBhY3Rpb24uDQogICAgaW5wdXRfcXVlcnkuYWN0aW9uID09IGdyYW50DQp9DQoNCnByb2plY3QgOj0gcHJvamVjdF9rZXkgew0KICAgIGlucHV0X3F1ZXJ5LnJlc291cmNlLnByb2plY3QgIT0gbnVsbA0KICAgIHByb2plY3Rfa2V5IDo9IGlucHV0X3F1ZXJ5LnJlc291cmNlLnByb2plY3QNCn0NCg0KdXNlcl9yb2xlc1tyb2xlX2tleV0gew0KICAgIHNvbWUgcm9sZV9rZXkgaW4gZGF0YS51c2Vyc1tpbnB1dF9xdWVyeS51c2VyLmtleV0ucm9sZUFzc2lnbm1lbnRzW3Byb2plY3RdDQp9DQoNCmdyYW50c1tncmFudF0gew0KICAgIHNvbWUgcm9sZV9rZXkgaW4gdXNlcl9yb2xlcw0KICAgIHNvbWUgZ3JhbnQgaW4gZGF0YS5yb2xlc1tyb2xlX2tleV0uZ3JhbnRzW2lucHV0X3F1ZXJ5LnJlc291cmNlLnR5cGVdDQp9DQoNCg0KZGVmYXVsdCBkZWJ1ZyA9IG51bGwNCmRlYnVnIDo9IHsNCiAgICAiaW5wdXRfcXVlcnkiOiBpbnB1dF9xdWVyeSwNCiAgICAicHJvamV0IjogcHJvamVjdCwNCiAgICAidXNlcl9yb2xlcyI6IHVzZXJfcm9sZXMsDQogICAgImdyYW50cyI6IGdyYW50cywNCiAgICAibWF0Y2hpbmdfZ3JhbnRzIjogbWF0Y2hpbmdfZ3JhbnRzLA0KfQ0KDQo=","package":"lnjoying.rbac.rbac.rego"},{"rule":"cGFja2FnZSBsbmpveWluZy5wb2xpY2llcw0KDQppbXBvcnQgZGF0YS5sbmpveWluZy5yYmFjDQppbXBvcnQgZGF0YS5sbmpveWluZy5hYmFjDQoNCmRlZmF1bHQgYWxsb3cgOj0gZmFsc2UNCg0KYWxsb3cgew0KICAgIHJiYWMuYWxsb3cNCn0NCg0KYWxsb3cgew0KICAgIGFiYWMuYWxsb3cNCn0NCg0KDQpfX2FsbG93X3NvdXJjZXNbImFiYWMiXSB7DQogICAgYWJhYy5hbGxvdw0KfQ0KDQpkZWZhdWx0IF9fZGVidWdfaW5wdXQgOj0gbnVsbA0KX19kZWJ1Z19pbnB1dCA9IHsNCiAgICAiYWN0aW9uIjogaW5wdXQuYWN0aW9uLA0KICAgICJ1c2VyIjogaW5wdXQudXNlciwNCiAgICAicmVzb3VyY2UiOiBpbnB1dC5yZXNvdXJjZSwNCn0NCg0KZGVidWcgOj0gew0KICAgICJhbGxvd19zb3VyY2UiOiBfX2FsbG93X3NvdXJjZXMsDQogICAgInJiYWMiOiByYmFjLmRlYnVnLA0KICAgICJhYmFjIjogYWJhYy5kZWJ1ZywNCiAgICAiaW5wdXQiOiBfX2RlYnVnX2lucHV0LA0KfQ==","package":"lnjoying.root.rego"}]}', '2023-04-13 11:52:13.118+08', '2023-04-13 11:52:13.118+08', NULL);
INSERT INTO "public"."tbl_iam_policy_version" ("policy_id", "version_id", "document", "create_time", "update_time", "description") VALUES ('d1bb7fe1312f46cfa5a1c9185f8a6d37', 'v1', '{"version":"","type":"rego","statement":[{"package":"","rule":"cGFja2FnZSBsbmpveWluZy5nZW5lcmF0ZWQuY29uZGl0aW9uc2V0LnJ1bGVzCgppbXBvcnQgZnV0dXJlLmtleXdvcmRzLmluCgppbXBvcnQgZGF0YS5sbmpveWluZy5nZW5lcmF0ZWQuYWJhYy51dGlscy5hdHRyaWJ1dGVzCiNpbXBvcnQgZGF0YS5sbmpveWluZy5nZW5lcmF0ZWQuYWJhYy51dGlscy5jb25kaXRpb25fc2V0X3Blcm1pc3Npb25zCmltcG9ydCBkYXRhLmxuam95aW5nLmdlbmVyYXRlZC5jb25kaXRpb25zZXQKCiNkZWZhdWx0IHJ1bGVfX3Byb2plY3QgPSBmYWxzZQoKcnVsZV9fY2lzX2FsbFthY3Rpb25dIHsKCQoJc29tZSBhY3Rpb24gaW4gY29uZGl0aW9uc2V0LmFjdGlvbnNldF9jaXNfYWxsX2FjdGlvbnMKIAp9"},{"package":"","rule":"cGFja2FnZSBsbmpveWluZy5nZW5lcmF0ZWQuY29uZGl0aW9uc2V0CgoKaW1wb3J0IGZ1dHVyZS5rZXl3b3Jkcy5pbgppbXBvcnQgZGF0YS5sbmpveWluZy5nZW5lcmF0ZWQuYWJhYy51dGlscy5hdHRyaWJ1dGVzCmltcG9ydCBkYXRhLmxuam95aW5nLmdlbmVyYXRlZC5hYmFjLnV0aWxzLl9tYXRjaGVzX2FjdGlvbnMKCiNkZWZhdWx0IGFjdGlvbnNldF9wcm9qZWN0bGlzdCA9IGZhbHNlCmFjdGlvbnNldF9jaXNfYWxsX2FjdGlvbnNbYWN0aW9uc117CgoKICAgICMgZXhhY3QgbWF0Y2gKCSNpbnB1dC5hY3Rpb24gaW4gWyJpYW06Z2V0UHJvamVjdCIsICJpYW06Z2V0UHJvamVjdExpc3QiXQogICAgIyBmdXp6eSBtYXRjaAogICAgIGFjdGlvbnMgOj0gWyJjaXM6KiJdCiAgICBfbWF0Y2hlc19hY3Rpb25zKGlucHV0LmFjdGlvbiwgYWN0aW9ucykKfQ=="}]}', '2023-04-14 20:17:57.688+08', '2023-04-14 20:17:57.688+08', NULL);
INSERT INTO "public"."tbl_iam_policy_version" ("policy_id", "version_id", "document", "create_time", "update_time", "description") VALUES ('c50acd3fdec84edca9a68a7375d41afc', 'v1', '{"version":"","type":"rego","statement":[{"package":"","rule":"cGFja2FnZSBsbmpveWluZy5nZW5lcmF0ZWQuY29uZGl0aW9uc2V0LnJ1bGVzCgppbXBvcnQgZnV0dXJlLmtleXdvcmRzLmluCgppbXBvcnQgZGF0YS5sbmpveWluZy5nZW5lcmF0ZWQuYWJhYy51dGlscy5hdHRyaWJ1dGVzCiNpbXBvcnQgZGF0YS5sbmpveWluZy5nZW5lcmF0ZWQuYWJhYy51dGlscy5jb25kaXRpb25fc2V0X3Blcm1pc3Npb25zCmltcG9ydCBkYXRhLmxuam95aW5nLmdlbmVyYXRlZC5jb25kaXRpb25zZXQKCiNkZWZhdWx0IHJ1bGVfX3Byb2plY3QgPSBmYWxzZQoKcnVsZV9fY2lzX3JlYWRvbmx5X2FjY2Vzc1thY3Rpb25dIHsKCQoJc29tZSBhY3Rpb24gaW4gY29uZGl0aW9uc2V0LmFjdGlvbnNldF9jaXNfcmVhZG9ubHlfYWN0aW9ucwogCn0="},{"package":"","rule":"cGFja2FnZSBsbmpveWluZy5nZW5lcmF0ZWQuY29uZGl0aW9uc2V0CgoKaW1wb3J0IGZ1dHVyZS5rZXl3b3Jkcy5pbgppbXBvcnQgZGF0YS5sbmpveWluZy5nZW5lcmF0ZWQuYWJhYy51dGlscy5hdHRyaWJ1dGVzCmltcG9ydCBkYXRhLmxuam95aW5nLmdlbmVyYXRlZC5hYmFjLnV0aWxzLl9tYXRjaGVzX2FjdGlvbnMKCgphY3Rpb25zZXRfY2lzX3JlYWRvbmx5X2FjdGlvbnMgW2FjdGlvbnNdewoKICAgICBhY3Rpb25zIDo9IFsiY2lzOmdldENvbnRhaW5lckRlcGxveUluZm8iLAogICAgICAgICAgICAgICJjaXM6Z2V0Q29udGFpbmVySW5zdE9wZXJMb2dzIiwKICAgICAgICAgICAgICAiY2lzOmdldENvbnRhaW5lcnNCeUNmZyIsCiAgICAgICAgICAgICAgImNpczpnZXRDb250YWluZXJJbnN0SW5mbyIsCiAgICAgICAgICAgICAgImNpczpnZXRDb250YWluZXJJbnN0UnVuTG9ncyIsCiAgICAgICAgICAgICAgImNpczpnZXRDb250YWluZXJJbnN0U3RhdHMiLAogICAgICAgICAgICAgICJjaXM6Z2V0Q29udGFpbmVySW5zdEluZm9zIiwKICAgICAgICAgICAgICAiY2lzOmdldENvbnRhaW5lckRlcGxveUluZm9zIiwKICAgICAgICAgICAgICAiY2lzOmdldENvbnRhaW5lckRlcGxveUluc3RhbmNlc0luZm8iXQogICAgX21hdGNoZXNfYWN0aW9ucyhpbnB1dC5hY3Rpb24sIGFjdGlvbnMpCn0="}]}', '2023-04-14 20:25:07.776+08', '2023-04-14 20:25:07.776+08', NULL);
INSERT INTO "public"."tbl_iam_policy_version" ("policy_id", "version_id", "document", "create_time", "update_time", "description") VALUES ('4ab45b4573ce4b96b582fb049400e0a8', 'v1', '{"version":"","type":"rego","statement":[{"package":"","rule":"cGFja2FnZSBsbmpveWluZy5nZW5lcmF0ZWQuY29uZGl0aW9uc2V0LnJ1bGVzCgppbXBvcnQgZnV0dXJlLmtleXdvcmRzLmluCgppbXBvcnQgZGF0YS5sbmpveWluZy5nZW5lcmF0ZWQuYWJhYy51dGlscy5hdHRyaWJ1dGVzCmltcG9ydCBkYXRhLmxuam95aW5nLmdlbmVyYXRlZC5jb25kaXRpb25zZXQKCgpydWxlX19hb3NfYWxsW2FjdGlvbl0gewoJCglzb21lIGFjdGlvbiBpbiBjb25kaXRpb25zZXQuYWN0aW9uc2V0X2Fvc19hbGxfYWN0aW9ucwogCn0="},{"package":"","rule":"cGFja2FnZSBsbmpveWluZy5nZW5lcmF0ZWQuY29uZGl0aW9uc2V0CgoKaW1wb3J0IGZ1dHVyZS5rZXl3b3Jkcy5pbgppbXBvcnQgZGF0YS5sbmpveWluZy5nZW5lcmF0ZWQuYWJhYy51dGlscy5hdHRyaWJ1dGVzCmltcG9ydCBkYXRhLmxuam95aW5nLmdlbmVyYXRlZC5hYmFjLnV0aWxzLl9tYXRjaGVzX2FjdGlvbnMKCmFjdGlvbnNldF9hb3NfYWxsX2FjdGlvbnNbYWN0aW9uc117CgogICAgIGFjdGlvbnMgOj0gWyJhb3M6KiJdCiAgICBfbWF0Y2hlc19hY3Rpb25zKGlucHV0LmFjdGlvbiwgYWN0aW9ucykKfQ=="}]}', '2023-04-14 20:26:44.532+08', '2023-04-14 20:26:44.532+08', NULL);
INSERT INTO "public"."tbl_iam_policy_version" ("policy_id", "version_id", "document", "create_time", "update_time", "description") VALUES ('c4d6f09bb6d34846acdf6131fc52e7b4', 'v1', '{"version":"","type":"rego","statement":[{"package":"","rule":"cGFja2FnZSBsbmpveWluZy5nZW5lcmF0ZWQuY29uZGl0aW9uc2V0LnJ1bGVzCgppbXBvcnQgZnV0dXJlLmtleXdvcmRzLmluCgppbXBvcnQgZGF0YS5sbmpveWluZy5nZW5lcmF0ZWQuYWJhYy51dGlscy5hdHRyaWJ1dGVzCmltcG9ydCBkYXRhLmxuam95aW5nLmdlbmVyYXRlZC5jb25kaXRpb25zZXQKCgpydWxlX19hb3NfcmVhZG9ubHlfYWNjZXNzW2FjdGlvbl0gewoJCglzb21lIGFjdGlvbiBpbiBjb25kaXRpb25zZXQuYWN0aW9uc2V0X2Fvc19yZWFkb25seV9hY3Rpb25zCiAKfQ=="},{"package":"","rule":"cGFja2FnZSBsbmpveWluZy5nZW5lcmF0ZWQuY29uZGl0aW9uc2V0CgoKaW1wb3J0IGZ1dHVyZS5rZXl3b3Jkcy5pbgppbXBvcnQgZGF0YS5sbmpveWluZy5nZW5lcmF0ZWQuYWJhYy51dGlscy5hdHRyaWJ1dGVzCmltcG9ydCBkYXRhLmxuam95aW5nLmdlbmVyYXRlZC5hYmFjLnV0aWxzLl9tYXRjaGVzX2FjdGlvbnMKCgphY3Rpb25zZXRfYW9zX3JlYWRvbmx5X2FjdGlvbnMgW2FjdGlvbnNdewoKICAgICBhY3Rpb25zIDo9IFsiYW9zOmdldFN0YWNrIiwKICAgICAgICAgICAgICAiYW9zOmdldENoYXJ0U3RhdHMiLAogICAgICAgICAgICAgICJhb3M6Z2V0U2VydmljZSIsCiAgICAgICAgICAgICAgImFvczpnZXRDaGFydCIsCiAgICAgICAgICAgICAgImFvczpnZXRDaGFydFZlcnNpb25GaWxlcyIsCiAgICAgICAgICAgICAgImFvczpnZXRSZXBvIiwKICAgICAgICAgICAgICAiYW9zOmdldFNlcnZpY2VJbnN0TGlzdCIsCiAgICAgICAgICAgICAgImFvczpnZXRTZXJ2aWNlTGlzdCIsCiAgICAgICAgICAgICAgImFvczpnZXRUZW1wbGF0ZUxpc3QiLAogICAgICAgICAgICAgICJhb3M6Z2V0U3RhY2tTZXJ2aWNlcyIsCiAgICAgICAgICAgICAgImFvczpnZXRUZW1wbGF0ZVZlcnNpb25MaXN0IiwKICAgICAgICAgICAgICAiYW9zOmdldFN0YWNrRGVwbG95SW5mb3MiLAogICAgICAgICAgICAgICJhb3M6Z2V0Q2hhcnRWZXJzaW9ucyIsCiAgICAgICAgICAgICAgImFvczpnZXRTdGFja0NvbXBvc2UiLAogICAgICAgICAgICAgICJhb3M6Z2V0VGVtcGxhdGUiLAogICAgICAgICAgICAgICJhb3M6Z2V0U3RhY2tEZXBsb3lJbnN0YW5jZXNJbmZvIiwKICAgICAgICAgICAgICAiYW9zOmdldE5vZGVTdGFjayIsCiAgICAgICAgICAgICAgImFvczpnZXRTdGFja0xpc3QiLAogICAgICAgICAgICAgICJhb3M6Z2V0U3RhY2tEZXBsb3lJbmZvIiwKICAgICAgICAgICAgICAiYW9zOmdldENmZ1N0YWNrcyIsCiAgICAgICAgICAgICAgImFvczpnZXRTdGFja0FyY2hpdmVzIiwKICAgICAgICAgICAgICAiYW9zOmdldENoYXJ0TGlzdCIsCiAgICAgICAgICAgICAgImFvczpnZXRSZXBvTGlzdCJdCiAgICBfbWF0Y2hlc19hY3Rpb25zKGlucHV0LmFjdGlvbiwgYWN0aW9ucykKfQ=="}]}', '2023-04-14 20:28:20.854+08', '2023-04-14 20:28:20.854+08', NULL);
INSERT INTO "public"."tbl_iam_policy_version" ("policy_id", "version_id", "document", "create_time", "update_time", "description") VALUES ('81ce3af5bfb5429cb917dfe344900b27', 'v1', '{"version":"","type":"rego","statement":[{"package":"","rule":"cGFja2FnZSBsbmpveWluZy5nZW5lcmF0ZWQuY29uZGl0aW9uc2V0LnJ1bGVzCgppbXBvcnQgZnV0dXJlLmtleXdvcmRzLmluCgppbXBvcnQgZGF0YS5sbmpveWluZy5nZW5lcmF0ZWQuYWJhYy51dGlscy5hdHRyaWJ1dGVzCmltcG9ydCBkYXRhLmxuam95aW5nLmdlbmVyYXRlZC5jb25kaXRpb25zZXQKCgpydWxlX19zeXNfcmVhZG9ubHlfYWNjZXNzW2FjdGlvbl0gewoJCglzb21lIGFjdGlvbiBpbiBjb25kaXRpb25zZXQuYWN0aW9uc2V0X3N5c19yZWFkb25seV9hY3Rpb25zCiAKfQ=="},{"package":"","rule":"cGFja2FnZSBsbmpveWluZy5nZW5lcmF0ZWQuY29uZGl0aW9uc2V0CgoKaW1wb3J0IGZ1dHVyZS5rZXl3b3Jkcy5pbgppbXBvcnQgZGF0YS5sbmpveWluZy5nZW5lcmF0ZWQuYWJhYy51dGlscy5hdHRyaWJ1dGVzCmltcG9ydCBkYXRhLmxuam95aW5nLmdlbmVyYXRlZC5hYmFjLnV0aWxzLl9tYXRjaGVzX2FjdGlvbnMKCgphY3Rpb25zZXRfc3lzX3JlYWRvbmx5X2FjdGlvbnMgW2FjdGlvbnNdewoKICAgICBhY3Rpb25zIDo9IFtdCiAgICBfbWF0Y2hlc19hY3Rpb25zKGlucHV0LmFjdGlvbiwgYWN0aW9ucykKfQ=="}]}', '2023-04-14 20:35:05.821+08', '2023-04-14 20:35:05.821+08', NULL);
INSERT INTO "public"."tbl_iam_policy_version" ("policy_id", "version_id", "document", "create_time", "update_time", "description") VALUES ('ff1a20a3efad4a518ea4d3515088ead8', 'v1', '{"version":"","type":"rego","statement":[{"package":"","rule":"cGFja2FnZSBsbmpveWluZy5nZW5lcmF0ZWQuY29uZGl0aW9uc2V0LnJ1bGVzCgppbXBvcnQgZnV0dXJlLmtleXdvcmRzLmluCgppbXBvcnQgZGF0YS5sbmpveWluZy5nZW5lcmF0ZWQuYWJhYy51dGlscy5hdHRyaWJ1dGVzCmltcG9ydCBkYXRhLmxuam95aW5nLmdlbmVyYXRlZC5jb25kaXRpb25zZXQKCgpydWxlX19lY3JtX2FsbFthY3Rpb25dIHsKCQoJc29tZSBhY3Rpb24gaW4gY29uZGl0aW9uc2V0LmFjdGlvbnNldF9lY3JtX2FsbF9hY3Rpb25zCiAKfQ=="},{"package":"","rule":"cGFja2FnZSBsbmpveWluZy5nZW5lcmF0ZWQuY29uZGl0aW9uc2V0CgoKaW1wb3J0IGZ1dHVyZS5rZXl3b3Jkcy5pbgppbXBvcnQgZGF0YS5sbmpveWluZy5nZW5lcmF0ZWQuYWJhYy51dGlscy5hdHRyaWJ1dGVzCmltcG9ydCBkYXRhLmxuam95aW5nLmdlbmVyYXRlZC5hYmFjLnV0aWxzLl9tYXRjaGVzX2FjdGlvbnMKCmFjdGlvbnNldF9lY3JtX2FsbF9hY3Rpb25zW2FjdGlvbnNdewoKICAgICBhY3Rpb25zIDo9IFsiZWNybToqIl0KICAgIF9tYXRjaGVzX2FjdGlvbnMoaW5wdXQuYWN0aW9uLCBhY3Rpb25zKQogICAgaW5wdXQuYWN0aW9uICE9ICJlY3JtOmFkZFJlZ2lvbiIKfQ=="}]}', '2023-04-14 20:37:17.219+08', '2023-05-26 19:54:10.123+08', '节点服务所有权限');
INSERT INTO "public"."tbl_iam_policy_version" ("policy_id", "version_id", "document", "create_time", "update_time", "description") VALUES ('9aaaf279c3714949828d66ef5548907e', 'v1', '{"version":"","type":"rego","statement":[{"package":"","rule":"cGFja2FnZSBsbmpveWluZy5nZW5lcmF0ZWQuY29uZGl0aW9uc2V0LnJ1bGVzCgppbXBvcnQgZnV0dXJlLmtleXdvcmRzLmluCgppbXBvcnQgZGF0YS5sbmpveWluZy5nZW5lcmF0ZWQuYWJhYy51dGlscy5hdHRyaWJ1dGVzCmltcG9ydCBkYXRhLmxuam95aW5nLmdlbmVyYXRlZC5jb25kaXRpb25zZXQKCgpydWxlX19lY3JtX3JlYWRvbmx5X2FjY2Vzc1thY3Rpb25dIHsKCQoJc29tZSBhY3Rpb24gaW4gY29uZGl0aW9uc2V0LmFjdGlvbnNldF9lY3JtX3JlYWRvbmx5X2FjdGlvbnMKIAp9"},{"package":"","rule":"cGFja2FnZSBsbmpveWluZy5nZW5lcmF0ZWQuY29uZGl0aW9uc2V0CgoKaW1wb3J0IGZ1dHVyZS5rZXl3b3Jkcy5pbgppbXBvcnQgZGF0YS5sbmpveWluZy5nZW5lcmF0ZWQuYWJhYy51dGlscy5hdHRyaWJ1dGVzCmltcG9ydCBkYXRhLmxuam95aW5nLmdlbmVyYXRlZC5hYmFjLnV0aWxzLl9tYXRjaGVzX2FjdGlvbnMKCgphY3Rpb25zZXRfZWNybV9yZWFkb25seV9hY3Rpb25zIFthY3Rpb25zXXsKCiAgICAgYWN0aW9ucyA6PSBbImVjcm06Z2V0VmVyc2lvbnMiLAogICAgICAgICAgICAgICJlY3JtOmdldFFyY29kZXMiLAogICAgICAgICAgICAgICJlY3JtOmdldERpdmlzaW9uIiwKICAgICAgICAgICAgICAiZWNybTpnZXRMZXZlbDFEaXZpc2lvbnMiLAogICAgICAgICAgICAgICJlY3JtOmdldFRhaW50T3B0aW9uIiwKICAgICAgICAgICAgICAiZWNybTpnZXRMYWJlbE9wdGlvbiIsCiAgICAgICAgICAgICAgImVjcm06Z2V0Tm9kZUJ5Tm9kZUlkIiwKICAgICAgICAgICAgICAiZWNybTpnZXROYXRpb25zIiwKICAgICAgICAgICAgICAiZWNybTpnZXRVcGdyYWRlTG9nIiwKICAgICAgICAgICAgICAiZWNybTpnZXROb2RlSW1hZ2UiLAogICAgICAgICAgICAgICJlY3JtOmdldFJlZ2lvbnMiLAogICAgICAgICAgICAgICJlY3JtOmdldFNpdGVzIiwKICAgICAgICAgICAgICAiZWNybTpnZXROb2RlcyJdCiAgICBfbWF0Y2hlc19hY3Rpb25zKGlucHV0LmFjdGlvbiwgYWN0aW9ucykKfQ=="}]}', '2023-04-14 20:39:21.643+08', '2023-04-14 20:39:21.643+08', NULL);
INSERT INTO "public"."tbl_iam_policy_version" ("policy_id", "version_id", "document", "create_time", "update_time", "description") VALUES ('e825d8969dab4040acd51dfb3461f230', 'v1', '{"version":"","type":"rego","statement":[{"package":"","rule":"cGFja2FnZSBsbmpveWluZy5nZW5lcmF0ZWQuY29uZGl0aW9uc2V0LnJ1bGVzCgppbXBvcnQgZnV0dXJlLmtleXdvcmRzLmluCgppbXBvcnQgZGF0YS5sbmpveWluZy5nZW5lcmF0ZWQuYWJhYy51dGlscy5hdHRyaWJ1dGVzCmltcG9ydCBkYXRhLmxuam95aW5nLmdlbmVyYXRlZC5jb25kaXRpb25zZXQKCgpydWxlX19zdGF0X2FsbFthY3Rpb25dIHsKCQoJc29tZSBhY3Rpb24gaW4gY29uZGl0aW9uc2V0LmFjdGlvbnNldF9zdGF0X2FsbF9hY3Rpb25zCiAKfQ=="},{"package":"","rule":"cGFja2FnZSBsbmpveWluZy5nZW5lcmF0ZWQuY29uZGl0aW9uc2V0CgoKaW1wb3J0IGZ1dHVyZS5rZXl3b3Jkcy5pbgppbXBvcnQgZGF0YS5sbmpveWluZy5nZW5lcmF0ZWQuYWJhYy51dGlscy5hdHRyaWJ1dGVzCmltcG9ydCBkYXRhLmxuam95aW5nLmdlbmVyYXRlZC5hYmFjLnV0aWxzLl9tYXRjaGVzX2FjdGlvbnMKCmFjdGlvbnNldF9zdGF0X2FsbF9hY3Rpb25zW2FjdGlvbnNdewoKICAgICBhY3Rpb25zIDo9IFsic3RhdDoqIl0KICAgIF9tYXRjaGVzX2FjdGlvbnMoaW5wdXQuYWN0aW9uLCBhY3Rpb25zKQp9"}]}', '2023-04-14 20:41:07.941+08', '2023-04-14 20:41:07.941+08', NULL);
INSERT INTO "public"."tbl_iam_policy_version" ("policy_id", "version_id", "document", "create_time", "update_time", "description") VALUES ('4daba9fdf6104b38b373952410b09965', 'v1', '{"version":"","type":"rego","statement":[{"package":"","rule":"cGFja2FnZSBsbmpveWluZy5nZW5lcmF0ZWQuY29uZGl0aW9uc2V0LnJ1bGVzCgppbXBvcnQgZnV0dXJlLmtleXdvcmRzLmluCmltcG9ydCBkYXRhLmxuam95aW5nLmdlbmVyYXRlZC5hYmFjLnV0aWxzLmF0dHJpYnV0ZXMKaW1wb3J0IGRhdGEubG5qb3lpbmcuZ2VuZXJhdGVkLmNvbmRpdGlvbnNldAoKCnJ1bGVfX3N0YXRfcmVhZG9ubHlfYWNjZXNzW2FjdGlvbl0gewoJCglzb21lIGFjdGlvbiBpbiBjb25kaXRpb25zZXQuYWN0aW9uc2V0X3N0YXRfcmVhZG9ubHlfYWN0aW9ucwogCn0="},{"package":"","rule":"cGFja2FnZSBsbmpveWluZy5nZW5lcmF0ZWQuY29uZGl0aW9uc2V0CgoKaW1wb3J0IGZ1dHVyZS5rZXl3b3Jkcy5pbgppbXBvcnQgZGF0YS5sbmpveWluZy5nZW5lcmF0ZWQuYWJhYy51dGlscy5hdHRyaWJ1dGVzCmltcG9ydCBkYXRhLmxuam95aW5nLmdlbmVyYXRlZC5hYmFjLnV0aWxzLl9tYXRjaGVzX2FjdGlvbnMKCgphY3Rpb25zZXRfZWNybV9yZWFkb25seV9hY3Rpb25zIFthY3Rpb25zXXsKCiAgICAgYWN0aW9ucyA6PSBbXQogICAgX21hdGNoZXNfYWN0aW9ucyhpbnB1dC5hY3Rpb24sIGFjdGlvbnMpCn0="}]}', '2023-04-14 20:42:11.875+08', '2023-04-14 20:42:11.875+08', NULL);
INSERT INTO "public"."tbl_iam_policy_version" ("policy_id", "version_id", "document", "create_time", "update_time", "description") VALUES ('d7750459223042cdbd08fcc2072327ba', 'v1', '{"version":"","type":"rego","statement":[{"package":"","rule":"cGFja2FnZSBsbmpveWluZy5nZW5lcmF0ZWQuY29uZGl0aW9uc2V0LnJ1bGVzCgppbXBvcnQgZnV0dXJlLmtleXdvcmRzLmluCmltcG9ydCBkYXRhLmxuam95aW5nLmdlbmVyYXRlZC5hYmFjLnV0aWxzLmF0dHJpYnV0ZXMKaW1wb3J0IGRhdGEubG5qb3lpbmcuZ2VuZXJhdGVkLmNvbmRpdGlvbnNldAoKCnJ1bGVfX2Nsc19hbGxbYWN0aW9uXSB7CgkKCXNvbWUgYWN0aW9uIGluIGNvbmRpdGlvbnNldC5hY3Rpb25zZXRfY2xzX2FsbF9hY3Rpb25zCiAKfQ=="},{"package":"","rule":"cGFja2FnZSBsbmpveWluZy5nZW5lcmF0ZWQuY29uZGl0aW9uc2V0CgoKaW1wb3J0IGZ1dHVyZS5rZXl3b3Jkcy5pbgppbXBvcnQgZGF0YS5sbmpveWluZy5nZW5lcmF0ZWQuYWJhYy51dGlscy5hdHRyaWJ1dGVzCmltcG9ydCBkYXRhLmxuam95aW5nLmdlbmVyYXRlZC5hYmFjLnV0aWxzLl9tYXRjaGVzX2FjdGlvbnMKCmFjdGlvbnNldF9jbHNfYWxsX2FjdGlvbnNbYWN0aW9uc117CgogICAgIGFjdGlvbnMgOj0gWyJjbHM6KiJdCiAgICBfbWF0Y2hlc19hY3Rpb25zKGlucHV0LmFjdGlvbiwgYWN0aW9ucykKfQ=="}]}', '2023-04-14 20:50:12.752+08', '2023-04-14 20:50:12.752+08', NULL);
INSERT INTO "public"."tbl_iam_policy_version" ("policy_id", "version_id", "document", "create_time", "update_time", "description") VALUES ('0e198a1430754d5087adfe97de647e41', 'v1', '{"version":"","type":"rego","statement":[{"package":"","rule":"cGFja2FnZSBsbmpveWluZy5nZW5lcmF0ZWQuY29uZGl0aW9uc2V0LnJ1bGVzCgppbXBvcnQgZnV0dXJlLmtleXdvcmRzLmluCmltcG9ydCBkYXRhLmxuam95aW5nLmdlbmVyYXRlZC5hYmFjLnV0aWxzLmF0dHJpYnV0ZXMKaW1wb3J0IGRhdGEubG5qb3lpbmcuZ2VuZXJhdGVkLmNvbmRpdGlvbnNldAoKCnJ1bGVfX2Nsc19yZWFkb25seV9hY2Nlc3NbYWN0aW9uXSB7CgkKCXNvbWUgYWN0aW9uIGluIGNvbmRpdGlvbnNldC5hY3Rpb25zZXRfY2xzX3JlYWRvbmx5X2FjdGlvbnMKIAp9"},{"package":"","rule":"cGFja2FnZSBsbmpveWluZy5nZW5lcmF0ZWQuY29uZGl0aW9uc2V0CgoKaW1wb3J0IGZ1dHVyZS5rZXl3b3Jkcy5pbgppbXBvcnQgZGF0YS5sbmpveWluZy5nZW5lcmF0ZWQuYWJhYy51dGlscy5hdHRyaWJ1dGVzCmltcG9ydCBkYXRhLmxuam95aW5nLmdlbmVyYXRlZC5hYmFjLnV0aWxzLl9tYXRjaGVzX2FjdGlvbnMKCgphY3Rpb25zZXRfY2xzX3JlYWRvbmx5X2FjdGlvbnMgW2FjdGlvbnNdewoKICAgICBhY3Rpb25zIDo9IFsiY2xzOmdldEltcG9ydENsdXN0ZXJDbWQiLAogICAgICAgICAgICAgICJjbHM6Z2V0Q2x1c3RlclRlcm1pbmFsIiwKICAgICAgICAgICAgICAiY2xzOmdldENsdXN0ZXIiLAogICAgICAgICAgICAgICJjbHM6Z2V0Q2x1c3RlclRlbXBsYXRlVmVyc2lvbiIsCiAgICAgICAgICAgICAgImNsczpnZXRDbHVzdGVyTGlzdCIsCiAgICAgICAgICAgICAgImNsczpnZXRDbHVzdGVyVmVyc2lvbnMiLAogICAgICAgICAgICAgICJjbHM6Z2V0Q2x1c3RlclRlbXBsYXRlIiwKICAgICAgICAgICAgICAiY2xzOmdldENsdXN0ZXJCYXNpY0luZm9MaXN0IiwKICAgICAgICAgICAgICAiY2xzOmdldEt1YmVjb25maWciLAogICAgICAgICAgICAgICJjbHM6Z2V0Q2x1c3RlckNvcmVTZXJ2aWNlTWV0cmljcyIsCiAgICAgICAgICAgICAgImNsczpnZXRDbHVzdGVyTm9kZXMiLAogICAgICAgICAgICAgICJjbHM6Z2V0Q2x1c3Rlck5vZGVJbmZvQnlOb2RlSWQiLAogICAgICAgICAgICAgICJjbHM6Z2V0Q2x1c3RlclRlbXBsYXRlcyJdCiAgICBfbWF0Y2hlc19hY3Rpb25zKGlucHV0LmFjdGlvbiwgYWN0aW9ucykKfQ=="}]}', '2023-04-14 20:52:21.542+08', '2023-04-14 20:52:21.542+08', NULL);
INSERT INTO "public"."tbl_iam_policy_version" ("policy_id", "version_id", "document", "create_time", "update_time", "description") VALUES ('8a8e9d9bfa0b4ae5ace09c7f2123826a', 'v1', '{"version":"","type":"rego","statement":[{"package":"","rule":"cGFja2FnZSBsbmpveWluZy5nZW5lcmF0ZWQuY29uZGl0aW9uc2V0LnJ1bGVzCgppbXBvcnQgZnV0dXJlLmtleXdvcmRzLmluCmltcG9ydCBkYXRhLmxuam95aW5nLmdlbmVyYXRlZC5hYmFjLnV0aWxzLmF0dHJpYnV0ZXMKaW1wb3J0IGRhdGEubG5qb3lpbmcuZ2VuZXJhdGVkLmNvbmRpdGlvbnNldAoKCnJ1bGVfX2lhbV91c2VyX2Jhc2VbYWN0aW9uXSB7Cglzb21lIGFjdGlvbiBpbiBjb25kaXRpb25zZXQuYWN0aW9uc2V0X19pYW1fdXNlcl9iYXNlCgp9"},{"package":"","rule":"cGFja2FnZSBsbmpveWluZy5nZW5lcmF0ZWQuY29uZGl0aW9uc2V0CgppbXBvcnQgZnV0dXJlLmtleXdvcmRzLmluCmltcG9ydCBkYXRhLmxuam95aW5nLmdlbmVyYXRlZC5hYmFjLnV0aWxzLmF0dHJpYnV0ZXMKaW1wb3J0IGRhdGEubG5qb3lpbmcuZ2VuZXJhdGVkLmFiYWMudXRpbHMuX21hdGNoZXNfYWN0aW9ucwoKYWN0aW9uc2V0X19pYW1fdXNlcl9iYXNlIFthY3Rpb25zXXsKICAKICBhY3Rpb25zIDo9IFsiaWFtOmdldEN1cnJlbnRVc2VySW5mbyIsCiAgICAgICAgICAgICAgImlhbTp1cGRhdGVDdXJyZW50VXNlciIsCiAgICAgICAgICAgICAgImlhbTp1cGRhdGVVc2VycGhvbmUiLAogICAgICAgICAgICAgICJpYW06dXBkYXRlVXNlckluZm9WaWFXZWl4aW4iLAogICAgICAgICAgICAgICJpYW06cmV0cmlldmVQYXNzd29yZCIsCiAgICAgICAgICAgICAgImlhbTp1bmlxdWVuZXNzIiwKICAgICAgICAgICAgICAiaWFtOnVwZGF0ZVVzZXJFbWFpbCIsCiAgICAgICAgICAgICAgImlhbTpyZWdpc3RlciIsCiAgICAgICAgICAgICAgImlhbTphdXRoVmVyaWZpY2F0aW9uU21zIiwKICAgICAgICAgICAgICAiaWFtOmF1dGhWZXJpZmljYXRpb25TbXMiLAogICAgICAgICAgICAgICJpYW06cGF0Y2hWZXJpZmljYXRpb25TbXMiLAogICAgICAgICAgICAgICJpYW06YXV0aFZlcmlmaWNhdGlvbkVtYWlsIiwKICAgICAgICAgICAgICAiaWFtOnJlZ1ZlcmlmaWNhdGlvblNtcyIsCiAgICAgICAgICAgICAgImlhbTpyZWdWZXJpZmljYXRpb25FbWFpbCIsCiAgICAgICAgICAgICAgInN5czpnZXRMaWNlbnNlSW5mbyIKICAgICAgICAgICAgICBdCiAgIyBleGFjdCBtYXRjaAogICNpbnB1dC5hY3Rpb24gaW4gYWN0aW9ucwogICMgZnV6enkgbWF0Y2gKICBfbWF0Y2hlc19hY3Rpb25zKGlucHV0LmFjdGlvbiwgYWN0aW9ucykKfQ=="}]}', '2023-05-22 20:44:19.98+08', '2023-12-29 14:52:36.662+08', 'IAM用户基本权限');
INSERT INTO "public"."tbl_iam_policy_version" ("policy_id", "version_id", "document", "create_time", "update_time", "description") VALUES ('04efa7dc98bb41debc0a442265851aa7', 'v1', '{"version":"","type":"rego","statement":[{"package":"","rule":"cGFja2FnZSBsbmpveWluZy5nZW5lcmF0ZWQuY29uZGl0aW9uc2V0LnJ1bGVzCgppbXBvcnQgZnV0dXJlLmtleXdvcmRzLmluCmltcG9ydCBkYXRhLmxuam95aW5nLmdlbmVyYXRlZC5hYmFjLnV0aWxzLmF0dHJpYnV0ZXMKaW1wb3J0IGRhdGEubG5qb3lpbmcuZ2VuZXJhdGVkLmNvbmRpdGlvbnNldAoKCmJvdW5kYXJ5X19ydWxlX19saW1pdF9wcm9qZWN0X2FkZCB7CgogICAgY29uZGl0aW9uc2V0LmFjdGlvbnNldF9fbGltaXRfcHJvamVjdF9hZGQKICAgCn0="},{"package":"","rule":"cGFja2FnZSBsbmpveWluZy5nZW5lcmF0ZWQuY29uZGl0aW9uc2V0CgppbXBvcnQgZnV0dXJlLmtleXdvcmRzLmluCmltcG9ydCBkYXRhLmxuam95aW5nLmdlbmVyYXRlZC5hYmFjLnV0aWxzLmF0dHJpYnV0ZXMKaW1wb3J0IGRhdGEubG5qb3lpbmcuZ2VuZXJhdGVkLmFiYWMudXRpbHMuX21hdGNoZXNfYWN0aW9ucwoKYWN0aW9uc2V0X19saW1pdF9wcm9qZWN0X2FkZCAgewoKICAgIGF0dHJpYnV0ZXMucmVzb3VyY2UudHlwZSA9PSAiaWFtOnByb2plY3QiCiAgICBhY3Rpb25zIDo9IFsiaWFtOmFkZFByb2plY3QiXQoKICAgICMgZXhhY3QgbWF0Y2gKICAgICNpbnB1dC5hY3Rpb24gaW4gYWN0aW9ucwogICAgIyBmdXp6eSBtYXRjaAogICAgX21hdGNoZXNfYWN0aW9ucyhpbnB1dC5hY3Rpb24sIGFjdGlvbnMpCn0KI2Vsc2UgewogICAKICAgIyAgYWN0aW9ucyA6PSBbImlhbTphZGRQcm9qZWN0Il0KCiAgICAjIGV4YWN0IG1hdGNoCiAgICAjaW5wdXQuYWN0aW9uIGluIGFjdGlvbnMKICAgICMgZnV6enkgbWF0Y2gKICAjIG5vdCAgX21hdGNoZXNfYWN0aW9ucyhpbnB1dC5hY3Rpb24sIGFjdGlvbnMpCiN9"}]}', '2023-05-22 19:32:49.269+08', '2023-05-22 20:05:59.801+08', '只允许添加项目');
INSERT INTO "public"."tbl_iam_policy_version" ("policy_id", "version_id", "document", "create_time", "update_time", "description") VALUES ('a8fcb2a0022147e6bebd6fd404c4e290', 'v1', '{"version":"","type":"rego","statement":[{"package":"","rule":"cGFja2FnZSBsbmpveWluZy5nZW5lcmF0ZWQuY29uZGl0aW9uc2V0LnJ1bGVzCgppbXBvcnQgZnV0dXJlLmtleXdvcmRzLmluCmltcG9ydCBkYXRhLmxuam95aW5nLmdlbmVyYXRlZC5hYmFjLnV0aWxzLmF0dHJpYnV0ZXMKaW1wb3J0IGRhdGEubG5qb3lpbmcuZ2VuZXJhdGVkLmNvbmRpdGlvbnNldAoKYm91bmRhcnlfX3J1bGVfX2JwX3Jlc291cmNlX2lzb2xhdGlvbiB7CiAgc29tZSBhY3Rpb24gaW4gY29uZGl0aW9uc2V0LmFjdGlvbnNldF9fYnBfcmVzb3VyY2VfaXNvbGF0aW9uCiAgY29uZGl0aW9uc2V0LnJlc291cmNlc2V0X2JwX3Jlc291cmNlX2lzb2xhdGlvbngKfQ=="},{"package":"","rule":"cGFja2FnZSBsbmpveWluZy5nZW5lcmF0ZWQuY29uZGl0aW9uc2V0CgppbXBvcnQgZnV0dXJlLmtleXdvcmRzLmluCmltcG9ydCBkYXRhLmxuam95aW5nLmdlbmVyYXRlZC5hYmFjLnV0aWxzLmF0dHJpYnV0ZXMKaW1wb3J0IGRhdGEubG5qb3lpbmcuZ2VuZXJhdGVkLmFiYWMudXRpbHMuX21hdGNoZXNfYWN0aW9ucwoKYWN0aW9uc2V0X19icF9yZXNvdXJjZV9pc29sYXRpb24gW2FjdGlvbnNdewogCiAgYWN0aW9ucyA6PSBbIioiXQogICMgZXhhY3QgbWF0Y2gKICAjaW5wdXQuYWN0aW9uIGluIGFjdGlvbnMKICAjIGZ1enp5IG1hdGNoCiAgX21hdGNoZXNfYWN0aW9ucyhpbnB1dC5hY3Rpb24sIGFjdGlvbnMpCn0="},{"package":"","rule":"cGFja2FnZSBsbmpveWluZy5nZW5lcmF0ZWQuY29uZGl0aW9uc2V0CgppbXBvcnQgZnV0dXJlLmtleXdvcmRzLmluCmltcG9ydCBkYXRhLmxuam95aW5nLmdlbmVyYXRlZC5hYmFjLnV0aWxzLmF0dHJpYnV0ZXMKCmRlZmF1bHQgcmVzb3VyY2VzZXRfYnBfcmVzb3VyY2VfaXNvbGF0aW9ueCA6PSBmYWxzZQoKCnJlc291cmNlc2V0X2JwX3Jlc291cmNlX2lzb2xhdGlvbnggewogIGlucHV0LnVzZXIuYnAKICBpbnB1dC51c2VyLmJwICE9ICIiCiAgcmVzb3VyY2VCcCA9IG9iamVjdC5nZXQoaW5wdXQucmVzb3VyY2UuYXR0cmlidXRlcywiYnAiLCAiIikKICByZXNvdXJjZV9icF9pc29sYXRpb254Cn0KCnJlc291cmNlX2JwX2lzb2xhdGlvbnggewogICBvYmplY3QuZ2V0KGlucHV0LnJlc291cmNlLmF0dHJpYnV0ZXMsImJwIiwgIiIpID09ICIiCn0KCnJlc291cmNlX2JwX2lzb2xhdGlvbnggewoJcmVzb3VyY2VCcCA9IG9iamVjdC5nZXQoaW5wdXQucmVzb3VyY2UuYXR0cmlidXRlcywiYnAiLCAiIikKICAgIHJlc291cmNlQnAgIT0gIiIKICAgIGlucHV0LnVzZXIuYnAgPT0gcmVzb3VyY2VCcAogICAgCn0KCgo="}]}', '2023-05-17 20:37:36.852+08', '2023-05-23 09:59:47.403+08', '边界策略，bp之间隔离');
INSERT INTO "public"."tbl_iam_policy_version" ("policy_id", "version_id", "document", "create_time", "update_time", "description") VALUES ('91b8979cdedf4dd691bfe1311af09ed6', 'v1', '{"version":"","type":"rego","statement":[{"package":"","rule":"cGFja2FnZSBsbmpveWluZy5nZW5lcmF0ZWQuY29uZGl0aW9uc2V0LnJ1bGVzCgppbXBvcnQgZnV0dXJlLmtleXdvcmRzLmluCmltcG9ydCBkYXRhLmxuam95aW5nLmdlbmVyYXRlZC5hYmFjLnV0aWxzLmF0dHJpYnV0ZXMKaW1wb3J0IGRhdGEubG5qb3lpbmcuZ2VuZXJhdGVkLmNvbmRpdGlvbnNldAoKCnJ1bGVfX3VzZXJfYnBfbGlzdFthY3Rpb25dIHsKCiAgICBzb21lIGFjdGlvbiBpbiBjb25kaXRpb25zZXQuYWN0aW9uc2V0X191c2VyX2JwX2xpc3QKCn0="},{"package":"","rule":"cGFja2FnZSBsbmpveWluZy5nZW5lcmF0ZWQuY29uZGl0aW9uc2V0CgppbXBvcnQgZnV0dXJlLmtleXdvcmRzLmluCmltcG9ydCBkYXRhLmxuam95aW5nLmdlbmVyYXRlZC5hYmFjLnV0aWxzLmF0dHJpYnV0ZXMKaW1wb3J0IGRhdGEubG5qb3lpbmcuZ2VuZXJhdGVkLmFiYWMudXRpbHMuX21hdGNoZXNfYWN0aW9ucwoKYWN0aW9uc2V0X191c2VyX2JwX2xpc3QgW2FjdGlvbnNdewoKICAKICAgICBhY3Rpb25zIDo9IFsiaWFtOmdldFVzZXJJbmZvcyIsICJpYW06Z2V0QnBzIl0KCiAgICAjIGV4YWN0IG1hdGNoCiAgICAjaW5wdXQuYWN0aW9uIGluIGFjdGlvbnMKICAgICMgZnV6enkgbWF0Y2gKICAgIF9tYXRjaGVzX2FjdGlvbnMoaW5wdXQuYWN0aW9uLCBhY3Rpb25zKQp9"}]}', '2023-05-26 16:49:07.646+08', '2023-05-26 16:49:07.646+08', NULL);
INSERT INTO "public"."tbl_iam_policy_version" ("policy_id", "version_id", "document", "create_time", "update_time", "description") VALUES ('bdca21ea834a41cc84c830ab17df025c', 'v1', '{"version":"","type":"rego","statement":[{"package":"","rule":"cGFja2FnZSBsbmpveWluZy5nZW5lcmF0ZWQuY29uZGl0aW9uc2V0LnJ1bGVzCgppbXBvcnQgZnV0dXJlLmtleXdvcmRzLmluCmltcG9ydCBkYXRhLmxuam95aW5nLmdlbmVyYXRlZC5hYmFjLnV0aWxzLmF0dHJpYnV0ZXMKaW1wb3J0IGRhdGEubG5qb3lpbmcuZ2VuZXJhdGVkLmNvbmRpdGlvbnNldAoKCnJ1bGVfX2JpbGxfYWxsW2FjdGlvbl0gewoJCglzb21lIGFjdGlvbiBpbiBjb25kaXRpb25zZXQuYWN0aW9uc2V0X2JpbGxfYWxsX2FjdGlvbnMKIAp9"},{"package":"","rule":"cGFja2FnZSBsbmpveWluZy5nZW5lcmF0ZWQuY29uZGl0aW9uc2V0CgoKaW1wb3J0IGZ1dHVyZS5rZXl3b3Jkcy5pbgppbXBvcnQgZGF0YS5sbmpveWluZy5nZW5lcmF0ZWQuYWJhYy51dGlscy5hdHRyaWJ1dGVzCmltcG9ydCBkYXRhLmxuam95aW5nLmdlbmVyYXRlZC5hYmFjLnV0aWxzLl9tYXRjaGVzX2FjdGlvbnMKCmFjdGlvbnNldF9iaWxsX2FsbF9hY3Rpb25zW2FjdGlvbnNdewoKICAgICBhY3Rpb25zIDo9IFsiYmlsbDoqIl0KICAgIF9tYXRjaGVzX2FjdGlvbnMoaW5wdXQuYWN0aW9uLCBhY3Rpb25zKQoKfQ=="}]}', '2023-07-06 20:53:30.37+08', '2023-07-06 20:53:30.37+08', NULL);
INSERT INTO "public"."tbl_iam_policy_version" ("policy_id", "version_id", "document", "create_time", "update_time", "description") VALUES ('1ab58464a62545e3a1fc5bb034bb1342', 'v1', '{"version":"","type":"rego","statement":[{"package":"","rule":"cGFja2FnZSBsbmpveWluZy5nZW5lcmF0ZWQuY29uZGl0aW9uc2V0LnJ1bGVzCgppbXBvcnQgZnV0dXJlLmtleXdvcmRzLmluCmltcG9ydCBkYXRhLmxuam95aW5nLmdlbmVyYXRlZC5hYmFjLnV0aWxzLmF0dHJpYnV0ZXMKaW1wb3J0IGRhdGEubG5qb3lpbmcuZ2VuZXJhdGVkLmNvbmRpdGlvbnNldAoKCnJ1bGVfX2JpbGxfcmVhZG9ubHlfYWNjZXNzW2FjdGlvbl0gewoJCglzb21lIGFjdGlvbiBpbiBjb25kaXRpb25zZXQuYWN0aW9uc2V0X2JpbGxfcmVhZG9ubHlfYWN0aW9ucwogCn0="},{"package":"","rule":"cGFja2FnZSBsbmpveWluZy5nZW5lcmF0ZWQuY29uZGl0aW9uc2V0CgoKaW1wb3J0IGZ1dHVyZS5rZXl3b3Jkcy5pbgppbXBvcnQgZGF0YS5sbmpveWluZy5nZW5lcmF0ZWQuYWJhYy51dGlscy5hdHRyaWJ1dGVzCmltcG9ydCBkYXRhLmxuam95aW5nLmdlbmVyYXRlZC5hYmFjLnV0aWxzLl9tYXRjaGVzX2FjdGlvbnMKCgphY3Rpb25zZXRfYmlsbF9yZWFkb25seV9hY3Rpb25zIFthY3Rpb25zXXsKCiAgICAgYWN0aW9ucyA6PSBbImJpbGw6Z2V0Q29uc3VtZVJlcG9ydCIsCiAgICAgICAgICAgICAgICAiYmlsbDpnZXRDb25zdW1lU3VtbWFyeSIsCiAgICAgICAgICAgICAgICAiYmlsbDpnZXRDb25zdW1lT3ZlcnZpZXciLAogICAgICAgICAgICAgICAgImJpbGw6Z2V0RnVuZEZsb3ciLAogICAgICAgICAgICAgICAgImJpbGw6Z2V0UGF5Q2hhbm5lbExpc3QiLAogICAgICAgICAgICAgICAgImJpbGw6Z2V0UHJvZHVjdCIsCiAgICAgICAgICAgICAgICAiYmlsbDpnZXRDb25zdW1lRGV0YWlsIiwKICAgICAgICAgICAgICAgICJiaWxsOmdldFByb2R1Y3RTcGVjTGlzdCIsCiAgICAgICAgICAgICAgICAiYmlsbDpnZXREaXNjb3VudExpc3QiLAogICAgICAgICAgICAgICAgImJpbGw6Z2V0T3JkZXIiLAogICAgICAgICAgICAgICAgImJpbGw6Z2V0RGlzY291bnQiLAogICAgICAgICAgICAgICAgImJpbGw6Z2V0Q2F0ZWdvcnlMaXN0IiwKICAgICAgICAgICAgICAgICJiaWxsOmdldENvbnN1bWVNb250aGx5U3VtbWFyeSIsCiAgICAgICAgICAgICAgICAiYmlsbDpnZXRQcm9kdWN0TGlzdCIsCiAgICAgICAgICAgICAgICAiYmlsbDpnZXRDYXRlZ29yeSIsCiAgICAgICAgICAgICAgICAiYmlsbDpnZXRPcmRlckxpc3QiLAogICAgICAgICAgICAgICAgImJpbGw6Z2V0QWNjb3VudCIsCiAgICAgICAgICAgICAgICAiYmlsbDpnZXRDaGFyZ2VSZWNvcmRzIiwKICAgICAgICAgICAgICAgICJiaWxsOmdldEFjY291bnRMaXN0IiwKICAgICAgICAgICAgICAgICJiaWxsOmdldENvbnN1bWVUcmVuZFN1bW1hcnkiXQogICAgX21hdGNoZXNfYWN0aW9ucyhpbnB1dC5hY3Rpb24sIGFjdGlvbnMpCn0="}]}', '2023-08-23 15:55:47.32+08', '2024-05-18 15:03:54.39+08', '计费服务只读权限');
INSERT INTO "public"."tbl_iam_policy_version" ("policy_id", "version_id", "document", "create_time", "update_time", "description") VALUES ('db4f61e3f12a456d942f12a9056f6647', 'v2', '{"version":"","type":"rego","statement":[{"package":"","rule":"cGFja2FnZSBsbmpveWluZy5nZW5lcmF0ZWQuY29uZGl0aW9uc2V0LnJ1bGVzCgppbXBvcnQgZnV0dXJlLmtleXdvcmRzLmluCmltcG9ydCBkYXRhLmxuam95aW5nLmdlbmVyYXRlZC5hYmFjLnV0aWxzLmF0dHJpYnV0ZXMKaW1wb3J0IGRhdGEubG5qb3lpbmcuZ2VuZXJhdGVkLmNvbmRpdGlvbnNldAoKCnJ1bGVfX2JpbGxfYnBbYWN0aW9uXSB7CgkKCXNvbWUgYWN0aW9uIGluIGNvbmRpdGlvbnNldC5hY3Rpb25zZXRfYmlsbF9icF9hY3Rpb25zCiAKfQ=="},{"package":"","rule":"cGFja2FnZSBsbmpveWluZy5nZW5lcmF0ZWQuY29uZGl0aW9uc2V0CgoKaW1wb3J0IGZ1dHVyZS5rZXl3b3Jkcy5pbgppbXBvcnQgZGF0YS5sbmpveWluZy5nZW5lcmF0ZWQuYWJhYy51dGlscy5hdHRyaWJ1dGVzCmltcG9ydCBkYXRhLmxuam95aW5nLmdlbmVyYXRlZC5hYmFjLnV0aWxzLl9tYXRjaGVzX2FjdGlvbnMKCmFjdGlvbnNldF9iaWxsX2JwX2FjdGlvbnNbYWN0aW9uc117CiAgICAgbm90X2FjdGlvbnMgOj0gWyJiaWxsOnVwZGF0ZUNhdGVnb3J5IiwKICAgICAgICAgICAgICAgICAgICAiYmlsbDphZGRDYXRlZ29yeSIsCiAgICAgICAgICAgICAgICAgICAgImJpbGw6ZGVsZXRlQ2F0ZWdvcnkiLAogICAgICAgICAgICAgICAgICAgICJiaWxsOmdldENhdGVnb3J5IiwKICAgICAgICAgICAgICAgICAgICAKICAgICAgICAgICAgICAgICAgICAiYmlsbDpnZXRQcm9kdWN0U3BlY0xpc3QiLAogICAgICAgICAgICAgICAgICAgICJiaWxsOmRlbGV0ZVByb2R1Y3QiLAogICAgICAgICAgICAgICAgICAgICJiaWxsOnVwZGF0ZVByb2R1Y3QiLAogICAgICAgICAgICAgICAgICAgIAogICAgICAgICAgICAgICAgICAgICJiaWxsOmFkZFByb2R1Y3QiLAogICAgICAgICAgICAgICAgICAgICJiaWxsOmdldFByb2R1Y3QiXQogICAgIG5vdCAgX21hdGNoZXNfYWN0aW9ucyhpbnB1dC5hY3Rpb24sIG5vdF9hY3Rpb25zKQogICAgIGFjdGlvbnMgOj0gWyJiaWxsOioiXQogICAgX21hdGNoZXNfYWN0aW9ucyhpbnB1dC5hY3Rpb24sIGFjdGlvbnMpCiAgIAoKfQ=="}]}', '2023-09-19 19:11:08.089+08', '2023-09-19 21:11:32.204+08', '计费服务组织用户权限');
INSERT INTO "public"."tbl_iam_policy_version" ("policy_id", "version_id", "document", "create_time", "update_time", "description") VALUES ('ac66fb2f414b4925b9ba56ee1672ffc1', 'v1', '{"version":"","type":"rego","statement":[{"package":"","rule":"cGFja2FnZSBsbmpveWluZy5nZW5lcmF0ZWQuY29uZGl0aW9uc2V0LnJ1bGVzCgppbXBvcnQgZnV0dXJlLmtleXdvcmRzLmluCmltcG9ydCBkYXRhLmxuam95aW5nLmdlbmVyYXRlZC5hYmFjLnV0aWxzLmF0dHJpYnV0ZXMKaW1wb3J0IGRhdGEubG5qb3lpbmcuZ2VuZXJhdGVkLmNvbmRpdGlvbnNldAoKCnJ1bGVfX29tY19hbGxbYWN0aW9uXSB7CgkKCXNvbWUgYWN0aW9uIGluIGNvbmRpdGlvbnNldC5hY3Rpb25zZXRfb21jX2FsbF9hY3Rpb25zCiAKfQ=="},{"package":"","rule":"cGFja2FnZSBsbmpveWluZy5nZW5lcmF0ZWQuY29uZGl0aW9uc2V0CgoKaW1wb3J0IGZ1dHVyZS5rZXl3b3Jkcy5pbgppbXBvcnQgZGF0YS5sbmpveWluZy5nZW5lcmF0ZWQuYWJhYy51dGlscy5hdHRyaWJ1dGVzCmltcG9ydCBkYXRhLmxuam95aW5nLmdlbmVyYXRlZC5hYmFjLnV0aWxzLl9tYXRjaGVzX2FjdGlvbnMKCmFjdGlvbnNldF9vbWNfYWxsX2FjdGlvbnNbYWN0aW9uc117CgogICAgIGFjdGlvbnMgOj0gWyJvbWM6KiJdCiAgICBfbWF0Y2hlc19hY3Rpb25zKGlucHV0LmFjdGlvbiwgYWN0aW9ucykKCn0="}]}', '2023-11-03 20:48:47.724+08', '2023-11-03 20:48:47.724+08', NULL);
INSERT INTO "public"."tbl_iam_policy_version" ("policy_id", "version_id", "document", "create_time", "update_time", "description") VALUES ('6a1aa8f873e144a5bf098e89682000ce', 'v1', '{"version":"","type":"rego","statement":[{"package":"","rule":"cGFja2FnZSBsbmpveWluZy5nZW5lcmF0ZWQuY29uZGl0aW9uc2V0LnJ1bGVzCgppbXBvcnQgZnV0dXJlLmtleXdvcmRzLmluCmltcG9ydCBkYXRhLmxuam95aW5nLmdlbmVyYXRlZC5hYmFjLnV0aWxzLmF0dHJpYnV0ZXMKaW1wb3J0IGRhdGEubG5qb3lpbmcuZ2VuZXJhdGVkLmNvbmRpdGlvbnNldAoKCnJ1bGVfX29tY19yZWFkb25seV9hY2Nlc3NbYWN0aW9uXSB7CgkKCXNvbWUgYWN0aW9uIGluIGNvbmRpdGlvbnNldC5hY3Rpb25zZXRfb21jX3JlYWRvbmx5X2FjdGlvbnMKIAp9"},{"package":"","rule":"cGFja2FnZSBsbmpveWluZy5nZW5lcmF0ZWQuY29uZGl0aW9uc2V0CgoKaW1wb3J0IGZ1dHVyZS5rZXl3b3Jkcy5pbgppbXBvcnQgZGF0YS5sbmpveWluZy5nZW5lcmF0ZWQuYWJhYy51dGlscy5hdHRyaWJ1dGVzCmltcG9ydCBkYXRhLmxuam95aW5nLmdlbmVyYXRlZC5hYmFjLnV0aWxzLl9tYXRjaGVzX2FjdGlvbnMKCgphY3Rpb25zZXRfb21jX3JlYWRvbmx5X2FjdGlvbnMgW2FjdGlvbnNdewoKICAgICBhY3Rpb25zIDo9IFsib21jOmdldEFsYXJtTWV0cmljTGlzdCIsCiAgICAgICJvbWM6Z2V0SW50ZWdyYXRpb25QYXJhbXMiLAogICAgICAib21jOmdldEFsYXJtIiwKICAgICAgIm9tYzpnZXRMb2dzKG9wZXJhdGlvbkV2ZW50KSIsCiAgICAgICJvbWM6Z2V0TG9ncyIsCiAgICAgICJvbWM6Z2V0UmVjZWl2ZXJMaXN0IiwKICAgICAgIm9tYzpnZXRTdGF0c0NvdW50cyIsCiAgICAgICJvbWM6Z2V0RGFpbHlTdGF0dXNDb3VudHMiLAogICAgICAib21jOmdldFByb21ldGhldXNJbnN0YW5jZUxpc3QiLAogICAgICAib21jOmdldEludGVncmF0aW9uTGlzdCIsCiAgICAgICJvbWM6Z2V0RGFzaGJvYXJkTGlua0xpc3QiLAogICAgICAib21jOmdldEFsZXJ0TG9ncyIsCiAgICAgICJvbWM6Z2V0QWxhcm1MaXN0IiwKICAgICAgIm9tYzpnZXRBbGFybUdyb3VwTGlzdCJdCiAgICBfbWF0Y2hlc19hY3Rpb25zKGlucHV0LmFjdGlvbiwgYWN0aW9ucykKfQ=="}]}', '2023-11-17 17:34:08.068+08', '2023-11-17 17:34:08.068+08', NULL);
INSERT INTO "public"."tbl_iam_policy_version" ("policy_id", "version_id", "document", "create_time", "update_time", "description") VALUES ('dfc134e8a5374fc3a9c29ceba5353206', 'v1', '{"version":"","type":"rego","statement":[{"package":"","rule":"cGFja2FnZSBsbmpveWluZy5nZW5lcmF0ZWQuY29uZGl0aW9uc2V0LnJ1bGVzCgppbXBvcnQgZnV0dXJlLmtleXdvcmRzLmluCmltcG9ydCBkYXRhLmxuam95aW5nLmdlbmVyYXRlZC5hYmFjLnV0aWxzLmF0dHJpYnV0ZXMKaW1wb3J0IGRhdGEubG5qb3lpbmcuZ2VuZXJhdGVkLmNvbmRpdGlvbnNldAoKCnJ1bGVfX3NlcnZpY2VfbWFuYWdlcl9yZWFkb25seV9hY2Nlc3NbYWN0aW9uXSB7CgkKCXNvbWUgYWN0aW9uIGluIGNvbmRpdGlvbnNldC5hY3Rpb25zZXRfc2VydmljZV9tYW5hZ2VyX3JlYWRvbmx5X2FjdGlvbnMKIAp9"},{"package":"","rule":"cGFja2FnZSBsbmpveWluZy5nZW5lcmF0ZWQuY29uZGl0aW9uc2V0CgoKaW1wb3J0IGZ1dHVyZS5rZXl3b3Jkcy5pbgppbXBvcnQgZGF0YS5sbmpveWluZy5nZW5lcmF0ZWQuYWJhYy51dGlscy5hdHRyaWJ1dGVzCmltcG9ydCBkYXRhLmxuam95aW5nLmdlbmVyYXRlZC5hYmFjLnV0aWxzLl9tYXRjaGVzX2FjdGlvbnMKCgphY3Rpb25zZXRfc2VydmljZV9tYW5hZ2VyX3JlYWRvbmx5X2FjdGlvbnMgW2FjdGlvbnNdewoKICAgICBhY3Rpb25zIDo9IFsic2VydmljZS1tYW5hZ2VyOmdldFRhcmdldFNlcnZpY2UiLAogICAgICAic2VydmljZS1tYW5hZ2VyOmdldFNlcnZpY2VHYXRld2F5cyIsCiAgICAgICJzZXJ2aWNlLW1hbmFnZXI6Z2V0U2VydmljZVBvcnRzIiwKICAgICAgInNlcnZpY2UtbWFuYWdlcjpnZXRTZXJ2aWNlUG9ydCIsCiAgICAgICJzZXJ2aWNlLW1hbmFnZXI6dGVzdFNlcnZpY2VQb3J0IiwKICAgICAgInNlcnZpY2UtbWFuYWdlcjp0ZXN0VGFyZ2V0U2VydmljZVBvcnQiXQogICAgX21hdGNoZXNfYWN0aW9ucyhpbnB1dC5hY3Rpb24sIGFjdGlvbnMpCn0="}]}', '2024-01-22 15:35:41.615+08', '2024-05-31 15:11:22.266+08', '服务管理只读权限');
INSERT INTO "public"."tbl_iam_policy_version" ("policy_id", "version_id", "document", "create_time", "update_time", "description") VALUES ('aa449b09dcd14cecbec61f466dc1f1f4', 'v1', '{"version":"","type":"rego","statement":[{"package":"","rule":"cGFja2FnZSBsbmpveWluZy5nZW5lcmF0ZWQuY29uZGl0aW9uc2V0LnJ1bGVzCgppbXBvcnQgZnV0dXJlLmtleXdvcmRzLmluCmltcG9ydCBkYXRhLmxuam95aW5nLmdlbmVyYXRlZC5hYmFjLnV0aWxzLmF0dHJpYnV0ZXMKaW1wb3J0IGRhdGEubG5qb3lpbmcuZ2VuZXJhdGVkLmNvbmRpdGlvbnNldAoKCnJ1bGVfX3NlcnZpY2VfbWFuYWdlcl9hbGxbYWN0aW9uXSB7CgkKCXNvbWUgYWN0aW9uIGluIGNvbmRpdGlvbnNldC5hY3Rpb25zZXRfc2VydmljZV9tYW5hZ2VyX2FsbF9hY3Rpb25zCiAKfQ=="},{"package":"","rule":"cGFja2FnZSBsbmpveWluZy5nZW5lcmF0ZWQuY29uZGl0aW9uc2V0CgoKaW1wb3J0IGZ1dHVyZS5rZXl3b3Jkcy5pbgppbXBvcnQgZGF0YS5sbmpveWluZy5nZW5lcmF0ZWQuYWJhYy51dGlscy5hdHRyaWJ1dGVzCmltcG9ydCBkYXRhLmxuam95aW5nLmdlbmVyYXRlZC5hYmFjLnV0aWxzLl9tYXRjaGVzX2FjdGlvbnMKCmFjdGlvbnNldF9zZXJ2aWNlX21hbmFnZXJfYWxsX2FjdGlvbnNbYWN0aW9uc117CgogICAgIGFjdGlvbnMgOj0gWyJzZXJ2aWNlLW1hbmFnZXI6ZGVsZXRlU2VydmljZVBvcnQiLAoic2VydmljZS1tYW5hZ2VyOmdldFRhcmdldFNlcnZpY2UiLAoic2VydmljZS1tYW5hZ2VyOmdldFNlcnZpY2VHYXRld2F5cyIsCiJzZXJ2aWNlLW1hbmFnZXI6Z2V0U2VydmljZUdhdGV3YXlQb3J0U3RhdHVzIiwKInNlcnZpY2UtbWFuYWdlcjpnZXRTZXJ2aWNlUG9ydHMiLAoic2VydmljZS1tYW5hZ2VyOmdldFNlcnZpY2VQb3J0IiwKInNlcnZpY2UtbWFuYWdlcjp1cGRhdGVTZXJ2aWNlUG9ydCIsCiJzZXJ2aWNlLW1hbmFnZXI6YWRkU2VydmljZVBvcnQiLAoic2VydmljZS1tYW5hZ2VyOnJlYWxsb2NhdGVTZXJ2aWNlUG9ydCIsCiJzZXJ2aWNlLW1hbmFnZXI6dGVzdFNlcnZpY2VQb3J0IiwKInNlcnZpY2UtbWFuYWdlcjp0ZXN0VGFyZ2V0U2VydmljZVBvcnQiXQogICAgX21hdGNoZXNfYWN0aW9ucyhpbnB1dC5hY3Rpb24sIGFjdGlvbnMpCn0="}]}', '2024-01-22 15:03:43.631+08', '2024-05-31 15:03:54.617+08', '服务管理组织用户权限');


INSERT INTO "public"."tbl_iam_service" ("id", "name", "display_name", "iam_code", "parent_id", "lrn_format", "lrn_regex", "status", "enable", "description", "create_time", "update_time") VALUES ('2', 'ims', '镜像服务', 'ims', NULL, NULL, NULL, 1, 1, '镜像服务包含镜像的生命周期管理功能。', '2023-04-07 11:41:41+08', '2023-04-07 11:41:44+08');
INSERT INTO "public"."tbl_iam_service" ("id", "name", "display_name", "iam_code", "parent_id", "lrn_format", "lrn_regex", "status", "enable", "description", "create_time", "update_time") VALUES ('7c3c07c1c10b4402b76c67d7cddfb9be', 'cis', '容器服务', 'cis', NULL, NULL, NULL, 1, 1, '容器服务是容器全生命周期的管理。', '2023-04-14 10:31:43.217+08', '2023-04-14 10:31:43.217+08');
INSERT INTO "public"."tbl_iam_service" ("id", "name", "display_name", "iam_code", "parent_id", "lrn_format", "lrn_regex", "status", "enable", "description", "create_time", "update_time") VALUES ('0c79e6f572ea460391b97aa4db7fd052', 'aos', '应用服务', 'aos', NULL, NULL, NULL, 1, 1, '应用服务为docker-compose应用提供生命周期管理能力。', '2023-04-14 14:26:46.912+08', '2023-04-14 14:26:46.912+08');
INSERT INTO "public"."tbl_iam_service" ("id", "name", "display_name", "iam_code", "parent_id", "lrn_format", "lrn_regex", "status", "enable", "description", "create_time", "update_time") VALUES ('b426b21f259c44b8a27fd4b4e1509c58', 'ecrm', '节点服务', 'ecrm', NULL, NULL, NULL, 1, 1, '节点管理包含对网关、站点和节点的管理。', '2023-04-14 15:22:44.648+08', '2023-04-14 15:22:44.648+08');
INSERT INTO "public"."tbl_iam_service" ("id", "name", "display_name", "iam_code", "parent_id", "lrn_format", "lrn_regex", "status", "enable", "description", "create_time", "update_time") VALUES ('3e7a63b56ba7458d8c13d1092b95a7c9', 'cls', '集群服务', 'cls', NULL, NULL, NULL, 1, 1, '集群服务支持对k8s、k3s的管理。', '2023-04-14 15:23:25.198+08', '2023-04-14 15:23:25.198+08');
INSERT INTO "public"."tbl_iam_service" ("id", "name", "display_name", "iam_code", "parent_id", "lrn_format", "lrn_regex", "status", "enable", "description", "create_time", "update_time") VALUES ('6eb97668955842ef9d359eeb0cea475c', 'sys', '系统配置服务', 'sys', NULL, NULL, NULL, 1, 1, '系统配置服务包含系统的各种配置，可以实时更新。', '2023-04-14 20:53:23.291+08', '2023-04-14 20:53:23.291+08');
INSERT INTO "public"."tbl_iam_service" ("id", "name", "display_name", "iam_code", "parent_id", "lrn_format", "lrn_regex", "status", "enable", "description", "create_time", "update_time") VALUES ('6c0b9602d46e410bb4651417d6b20361', 'stat', '统计服务', 'stat', NULL, NULL, NULL, 1, 1, '统计服务用于生成各种统计报表。', '2023-04-14 20:53:59.811+08', '2023-04-14 20:53:59.811+08');
INSERT INTO "public"."tbl_iam_service" ("id", "name", "display_name", "iam_code", "parent_id", "lrn_format", "lrn_regex", "status", "enable", "description", "create_time", "update_time") VALUES ('27c53fa4b7c64d4ebb9d799cd58a6e5f', 'cmp', '多云服务', 'cmp', NULL, NULL, NULL, 1, 1, '多云服务用于管理多个云。', '2023-04-14 20:56:58.452+08', '2023-04-14 20:56:58.452+08');
INSERT INTO "public"."tbl_iam_service" ("id", "name", "display_name", "iam_code", "parent_id", "lrn_format", "lrn_regex", "status", "enable", "description", "create_time", "update_time") VALUES ('1', 'iam', '身份与访问控制', 'iam', '1', NULL, NULL, 1, 1, '身份与访问控制服务用于用户管理和权限验证。', '2023-02-17 10:22:51.009701+08', '2023-04-11 10:51:29.564+08');
INSERT INTO "public"."tbl_iam_service" ("id", "name", "display_name", "iam_code", "parent_id", "lrn_format", "lrn_regex", "status", "enable", "description", "create_time", "update_time") VALUES ('e58ee444bcf74e8d8f83761e6ce97543', 'bill', '计费服务', 'bill', NULL, NULL, NULL, 1, 1, NULL, '2023-07-06 19:43:08.03+08', '2023-07-06 19:43:08.03+08');
INSERT INTO "public"."tbl_iam_service" ("id", "name", "display_name", "iam_code", "parent_id", "lrn_format", "lrn_regex", "status", "enable", "description", "create_time", "update_time") VALUES ('900b331ba285486592c6e2662a553bcc', 'omc', '运维监控', 'omc', NULL, NULL, NULL, 1, 1, NULL, '2023-11-03 20:45:57.581+08', '2023-11-03 20:45:57.581+08');
INSERT INTO "public"."tbl_iam_service" ("id", "name", "display_name", "iam_code", "parent_id", "lrn_format", "lrn_regex", "status", "enable", "description", "create_time", "update_time") VALUES ('cda43e71e3344018962e8f76255f318a', 'service-manager', '服务管理', 'service-manager', NULL, NULL, NULL, 1, 1, NULL, '2023-11-17 19:27:18.896+08', '2023-11-17 19:27:18.896+08');


-- 20240428 issue role
INSERT INTO "public"."tbl_iam_role" ("role_id", "platform", "role", "project_id", "description", "role_type", "bp_id", "user_id", "create_time", "update_time") VALUES (140, 'issue', 'COPOTE_NORMAL', NULL, '工单普通', 1, NULL, '39937079-99fe-4cd8-881f-04ca8c4fe09d', '2024-04-17 21:08:28.882+08', '2024-04-17 21:10:45.791+08');
INSERT INTO "public"."tbl_iam_role" ("role_id", "platform", "role", "project_id", "description", "role_type", "bp_id", "user_id", "create_time", "update_time") VALUES (139, 'issue', 'COPOTE_REVIEWER', NULL, '工单审批者', 1, NULL, '39937079-99fe-4cd8-881f-04ca8c4fe09d', '2024-04-17 21:08:16.938+08', '2024-04-17 21:09:54.831+08');
INSERT INTO "public"."tbl_iam_role" ("role_id", "platform", "role", "project_id", "description", "role_type", "bp_id", "user_id", "create_time", "update_time") VALUES (138, 'issue', 'COPOTE_ADMIN', NULL, '工单管理员', 1, NULL, '39937079-99fe-4cd8-881f-04ca8c4fe09d', '2024-04-17 21:08:00.456+08', '2024-04-17 21:09:24.234+08');

INSERT INTO "public"."tbl_iam_attachment" ("project_id", "project_name", "principal_id", "principal_type", "target_id", "target_type", "description", "id", "attach_time", "bp_id", "user_id") VALUES (NULL, NULL, '140', 3, '5323a00e61494952be49f29d6a9d760f', 1, NULL, '29c4d37e29134924820dba67dc008bc5', '2024-04-22 20:11:47.199934+08', NULL, '39937079-99fe-4cd8-881f-04ca8c4fe09d');
INSERT INTO "public"."tbl_iam_attachment" ("project_id", "project_name", "principal_id", "principal_type", "target_id", "target_type", "description", "id", "attach_time", "bp_id", "user_id") VALUES (NULL, NULL, '139', 3, '5e5c2de0bf6743058627579a82d65280', 1, NULL, 'e465ab059b2448ea8bc40be8c93de570', '2024-04-22 20:11:58.925826+08', NULL, '39937079-99fe-4cd8-881f-04ca8c4fe09d');
INSERT INTO "public"."tbl_iam_attachment" ("project_id", "project_name", "principal_id", "principal_type", "target_id", "target_type", "description", "id", "attach_time", "bp_id", "user_id") VALUES (NULL, NULL, '138', 3, '918cf7b058b94f4d817e5cb7aba354d3', 1, NULL, 'def2359c0c56428fb23bf452de72e324', '2024-04-22 20:12:10.166787+08', NULL, '39937079-99fe-4cd8-881f-04ca8c4fe09d');


INSERT INTO "public"."tbl_iam_policy" ("id", "name", "description", "display_name", "policy_type", "is_autogen", "default_version", "attachment_count", "is_attachable", "tags", "arn", "create_time", "update_time", "bp_id", "user_id", "is_base") VALUES ('918cf7b058b94f4d817e5cb7aba354d3', 's-GwJADp', '充当工单系统管理员的用户拥有的权限策略。', '工单系统管理员策略', 1, 'f', 'v1', 8, 't', NULL, NULL, '2024-04-22 18:56:47.994+08', '2024-04-22 19:00:11.98+08', NULL, '39937079-99fe-4cd8-881f-04ca8c4fe09d', 'f');
INSERT INTO "public"."tbl_iam_policy" ("id", "name", "description", "display_name", "policy_type", "is_autogen", "default_version", "attachment_count", "is_attachable", "tags", "arn", "create_time", "update_time", "bp_id", "user_id", "is_base") VALUES ('5e5c2de0bf6743058627579a82d65280', 's-SEpctG', '充当工单系统审批人的用户拥有的权限策略。', '工单系统审批人策略', 1, 'f', 'v1', 8, 't', NULL, NULL, '2024-04-22 19:05:12.916+08', '2024-04-28 14:59:17.749+08', NULL, '39937079-99fe-4cd8-881f-04ca8c4fe09d', 'f');
INSERT INTO "public"."tbl_iam_policy" ("id", "name", "description", "display_name", "policy_type", "is_autogen", "default_version", "attachment_count", "is_attachable", "tags", "arn", "create_time", "update_time", "bp_id", "user_id", "is_base") VALUES ('5323a00e61494952be49f29d6a9d760f', 's-I.lEXV', '充当工单系统普通用户的用户拥有的权限策略。', '工单系统普通用户策略', 1, 'f', 'v1', 8, 't', NULL, NULL, '2024-04-22 19:18:50.043+08', '2024-04-28 15:00:01.932+08', NULL, '39937079-99fe-4cd8-881f-04ca8c4fe09d', 'f');

INSERT INTO "public"."tbl_iam_policy_version" ("policy_id", "version_id", "document", "create_time", "update_time", "description") VALUES ('5323a00e61494952be49f29d6a9d760f', 'v1', '{"version":"","type":"rego","statement":[{"package":"","rule":"cGFja2FnZSBsbmpveWluZy5nZW5lcmF0ZWQuY29uZGl0aW9uc2V0LnJ1bGVzCgppbXBvcnQgZnV0dXJlLmtleXdvcmRzLmluCmltcG9ydCBkYXRhLmxuam95aW5nLmdlbmVyYXRlZC5hYmFjLnV0aWxzLmF0dHJpYnV0ZXMKaW1wb3J0IGRhdGEubG5qb3lpbmcuZ2VuZXJhdGVkLmNvbmRpdGlvbnNldAoKCnJ1bGVfX2lzc3VlX25vcm1hbF9hY2Nlc3NbYWN0aW9uXSB7CgkKCXNvbWUgYWN0aW9uIGluIGNvbmRpdGlvbnNldC5hY3Rpb25zZXRfaXNzdWVfbm9ybWFsX2FjdGlvbnMKIAp9"},{"package":"","rule":"cGFja2FnZSBsbmpveWluZy5nZW5lcmF0ZWQuY29uZGl0aW9uc2V0CgoKaW1wb3J0IGZ1dHVyZS5rZXl3b3Jkcy5pbgppbXBvcnQgZGF0YS5sbmpveWluZy5nZW5lcmF0ZWQuYWJhYy51dGlscy5hdHRyaWJ1dGVzCmltcG9ydCBkYXRhLmxuam95aW5nLmdlbmVyYXRlZC5hYmFjLnV0aWxzLl9tYXRjaGVzX2FjdGlvbnMKCgphY3Rpb25zZXRfaXNzdWVfbm9ybWFsX2FjdGlvbnMgW2FjdGlvbnNdewoKICAgICBhY3Rpb25zIDo9IFsKImlzc3VlOmdldFByb2plY3RPdmVydmlldyIsCiJpc3N1ZTpnZXRNZW1iZXJzQnlLZXkiLAoiaXNzdWU6Z2V0UHJvamVjdEJ5S2V5IiwKImlzc3VlOmdldFRpbWVUcmFja2luZ1NldHRpbmdzIiwKImlzc3VlOmdldFZlcnNpb25zMiIsCiJpc3N1ZTpnZXRQcm9qZWN0IiwKImlzc3VlOmdldFZlcnNpb25zIiwKImlzc3VlOmdldEFsbFJldmlld2VycyIsCiJpc3N1ZTpnZXRJc3N1ZUNvbW1lbnRzMiIsCiJpc3N1ZTpnZXRJc3N1ZUF0dGFjaG1lbnRzIiwKImlzc3VlOmdldEFsbFdvcmtmbG93c0V4Y2VwdCIsCiJpc3N1ZTpnZXRBbGxXb3JrZmxvd3MiLAoiaXNzdWU6Z2V0SXNzdWVDb21tZW50cyIsCiJpc3N1ZTpnZXRCYXNlRmlsdGVyX3N1Ym1pdHRlZCIsCiJpc3N1ZTpnZXRBbGxJc3N1ZVR5cGVzIiwKImlzc3VlOmdldEF0dGFjaG1lbnQiLAoiaXNzdWU6Z2V0V29ya2Zsb3ciLAoiaXNzdWU6Z2V0SXNzdWUiLAoiaXNzdWU6Z2V0QWxsSXNzdWVUeXBlczIiLAoiaXNzdWU6Z2V0QWxsU3RhdHVzZXMiLAoiaXNzdWU6Z2V0SXNzdWVIaXN0b3J5IiwKImlzc3VlOnByb2plY3RzIiwKImlzc3VlOmFkZElzc3VlMiIsCiJpc3N1ZTphZGRJc3N1ZSIsCiJpc3N1ZTpzZWFyY2hJc3N1ZXNMdWNlbmVfc3VibWl0dGVkIgpdCiAgICBfbWF0Y2hlc19hY3Rpb25zKGlucHV0LmFjdGlvbiwgYWN0aW9ucykKfQ=="}]}', '2024-04-22 19:18:50.045+08', '2024-05-06 18:58:20.788+08', '充当工单系统普通用户的用户拥有的权限策略。');
INSERT INTO "public"."tbl_iam_policy_version" ("policy_id", "version_id", "document", "create_time", "update_time", "description") VALUES ('5e5c2de0bf6743058627579a82d65280', 'v1', '{"version":"","type":"rego","statement":[{"package":"","rule":"cGFja2FnZSBsbmpveWluZy5nZW5lcmF0ZWQuY29uZGl0aW9uc2V0LnJ1bGVzCgppbXBvcnQgZnV0dXJlLmtleXdvcmRzLmluCmltcG9ydCBkYXRhLmxuam95aW5nLmdlbmVyYXRlZC5hYmFjLnV0aWxzLmF0dHJpYnV0ZXMKaW1wb3J0IGRhdGEubG5qb3lpbmcuZ2VuZXJhdGVkLmNvbmRpdGlvbnNldAoKCnJ1bGVfX2lzc3VlX3Jldmlld2VyX2FjY2Vzc1thY3Rpb25dIHsKCQoJc29tZSBhY3Rpb24gaW4gY29uZGl0aW9uc2V0LmFjdGlvbnNldF9pc3N1ZV9yZXZpZXdlcl9hY3Rpb25zCiAKfQ=="},{"package":"","rule":"cGFja2FnZSBsbmpveWluZy5nZW5lcmF0ZWQuY29uZGl0aW9uc2V0CgoKaW1wb3J0IGZ1dHVyZS5rZXl3b3Jkcy5pbgppbXBvcnQgZGF0YS5sbmpveWluZy5nZW5lcmF0ZWQuYWJhYy51dGlscy5hdHRyaWJ1dGVzCmltcG9ydCBkYXRhLmxuam95aW5nLmdlbmVyYXRlZC5hYmFjLnV0aWxzLl9tYXRjaGVzX2FjdGlvbnMKCgphY3Rpb25zZXRfaXNzdWVfcmV2aWV3ZXJfYWN0aW9ucyBbYWN0aW9uc117CgogICAgIGFjdGlvbnMgOj0gWwoiaXNzdWU6Z2V0UHJvamVjdE92ZXJ2aWV3IiwKImlzc3VlOmdldE1lbWJlcnNCeUtleSIsCiJpc3N1ZTpnZXRQcm9qZWN0QnlLZXkiLAoiaXNzdWU6Z2V0VGltZVRyYWNraW5nU2V0dGluZ3MiLAoiaXNzdWU6Z2V0VmVyc2lvbnMyIiwKImlzc3VlOmdldFByb2plY3QiLAoiaXNzdWU6Z2V0VmVyc2lvbnMiLAoiaXNzdWU6Z2V0QWxsUmV2aWV3ZXJzIiwKImlzc3VlOmdldElzc3VlQ29tbWVudHMyIiwKImlzc3VlOmdldElzc3VlQXR0YWNobWVudHMiLAoiaXNzdWU6Z2V0QWxsV29ya2Zsb3dzRXhjZXB0IiwKImlzc3VlOmdldEJhc2VGaWx0ZXJfcmVsYXRlZCIsCiJpc3N1ZTpnZXRBbGxXb3JrZmxvd3MiLAoiaXNzdWU6Z2V0QmFzZUZpbHRlcl9hbGwiLAoiaXNzdWU6Z2V0SXNzdWVDb21tZW50cyIsCiJpc3N1ZTpnZXRCYXNlRmlsdGVyX3N1Ym1pdHRlZCIsCiJpc3N1ZTpnZXRBbGxJc3N1ZVR5cGVzIiwKImlzc3VlOmdldEF0dGFjaG1lbnQiLAoiaXNzdWU6Z2V0V29ya2Zsb3ciLAoiaXNzdWU6Z2V0SXNzdWUiLAoiaXNzdWU6Z2V0QmFzZUZpbHRlcl9yZXZpZXdpbmciLAoiaXNzdWU6Z2V0QWxsSXNzdWVUeXBlczIiLAoiaXNzdWU6Z2V0QWxsU3RhdHVzZXMiLAoiaXNzdWU6Z2V0SXNzdWVIaXN0b3J5IiwKImlzc3VlOnByb2plY3RzIiwKImlzc3VlOnNlYXJjaElzc3Vlc0x1Y2VuZV9hbGwiLAoiaXNzdWU6c2VhcmNoSXNzdWVzTHVjZW5lX3JlbGF0ZWQiLAoiaXNzdWU6dXBkYXRlSXNzdWVUcmFuc2l0aW9uIiwKImlzc3VlOmFkZElzc3VlMiIsCiJpc3N1ZTpzZWFyY2hJc3N1ZXNMdWNlbmVfcmV2aWV3aW5nIiwKImlzc3VlOmFkZElzc3VlIiwKImlzc3VlOnNlYXJjaElzc3Vlc0x1Y2VuZV9zdWJtaXR0ZWQiLAoiaXNzdWU6Y29tbWVudCIKXQogICAgX21hdGNoZXNfYWN0aW9ucyhpbnB1dC5hY3Rpb24sIGFjdGlvbnMpCn0="}]}', '2024-04-22 19:05:12.918+08', '2024-05-06 18:48:26.874+08', '充当工单系统审批人的用户拥有的权限策略。');
INSERT INTO "public"."tbl_iam_policy_version" ("policy_id", "version_id", "document", "create_time", "update_time", "description") VALUES ('918cf7b058b94f4d817e5cb7aba354d3', 'v1', '{"version":"","type":"rego","statement":[{"package":"","rule":"cGFja2FnZSBsbmpveWluZy5nZW5lcmF0ZWQuY29uZGl0aW9uc2V0LnJ1bGVzCgppbXBvcnQgZnV0dXJlLmtleXdvcmRzLmluCmltcG9ydCBkYXRhLmxuam95aW5nLmdlbmVyYXRlZC5hYmFjLnV0aWxzLmF0dHJpYnV0ZXMKaW1wb3J0IGRhdGEubG5qb3lpbmcuZ2VuZXJhdGVkLmNvbmRpdGlvbnNldAoKCnJ1bGVfX2lzc3VlX2FkbWluX2FjY2Vzc1thY3Rpb25dIHsKCQoJc29tZSBhY3Rpb24gaW4gY29uZGl0aW9uc2V0LmFjdGlvbnNldF9pc3N1ZV9hZG1pbl9hY3Rpb25zCiAKfQ=="},{"package":"","rule":"cGFja2FnZSBsbmpveWluZy5nZW5lcmF0ZWQuY29uZGl0aW9uc2V0CgoKaW1wb3J0IGZ1dHVyZS5rZXl3b3Jkcy5pbgppbXBvcnQgZGF0YS5sbmpveWluZy5nZW5lcmF0ZWQuYWJhYy51dGlscy5hdHRyaWJ1dGVzCmltcG9ydCBkYXRhLmxuam95aW5nLmdlbmVyYXRlZC5hYmFjLnV0aWxzLl9tYXRjaGVzX2FjdGlvbnMKCgphY3Rpb25zZXRfaXNzdWVfYWRtaW5fYWN0aW9ucyBbYWN0aW9uc117CgogICAgIGFjdGlvbnMgOj0gWyJpc3N1ZToqIl0KICAgIF9tYXRjaGVzX2FjdGlvbnMoaW5wdXQuYWN0aW9uLCBhY3Rpb25zKQp9"}]}', '2024-04-22 18:56:48+08', '2024-04-22 19:00:11.987+08', '充当工单系统管理员的用户拥有的权限策略。');

INSERT INTO "public"."tbl_iam_service" ("id", "name", "display_name", "iam_code", "parent_id", "lrn_format", "lrn_regex", "status", "enable", "description", "create_time", "update_time") VALUES ('c0bb14e524f44dd8906f69129e69d079', 'issuse', '工单', 'issue', NULL, NULL, NULL, 1, 1, NULL, '2024-04-17 19:03:54.542+08', '2024-04-17 21:40:19.997+08');


-- 20240705 oss role
INSERT INTO "public"."tbl_iam_service" ("id", "name", "display_name", "iam_code", "parent_id", "lrn_format", "lrn_regex", "status", "enable", "description", "create_time", "update_time") VALUES ('6cc011cf451f4cf59222660a92393fb7', 'oss', '运营支撑', 'oss', NULL, NULL, NULL, 1, 1, '服务商管理和分账管理', '2024-06-28 19:43:50.63+08', '2024-06-28 19:43:50.63+08');

INSERT INTO "public"."tbl_iam_role" ("role_id", "platform", "role", "project_id", "description", "role_type", "bp_id", "user_id", "create_time", "update_time") VALUES (116, 'oss', 'PROVIDER', NULL, '服务商角色', 1, NULL, '39937079-99fe-4cd8-881f-04ca8c4fe09d', '2024-06-28 19:44:19.846+08', '2024-06-28 19:44:19.846+08');
INSERT INTO "public"."tbl_iam_role" ("role_id", "platform", "role", "project_id", "description", "role_type", "bp_id", "user_id", "create_time", "update_time") VALUES (117, 'oss','OPERATION_SUPPORTER', NULL, '运营角色', 1, NULL, '39937079-99fe-4cd8-881f-04ca8c4fe09d', '2024-06-28 19:46:01.785+08', '2024-06-28 19:46:01.785+08');
INSERT INTO "public"."tbl_iam_role" ("role_id", "platform", "role", "project_id", "description", "role_type", "bp_id", "user_id", "create_time", "update_time") VALUES (125, 'cmp', 'PUBLIC_TEST', NULL, '多云公开测试角色', 1, NULL, '39937079-99fe-4cd8-881f-04ca8c4fe09d', '2024-07-01 10:45:59.361+08', '2024-07-01 10:45:59.361+08');
INSERT INTO "public"."tbl_iam_role" ("role_id", "platform", "role", "project_id", "description", "role_type", "bp_id", "user_id", "create_time", "update_time") VALUES (124, 'cmp', 'INTERNAL_TEST', NULL, '多云内部测试角色', 1, NULL, '39937079-99fe-4cd8-881f-04ca8c4fe09d', '2024-07-01 10:45:39.677+08', '2024-07-01 10:46:17.404+08');

INSERT INTO "public"."tbl_iam_policy" ("id", "name", "description", "display_name", "policy_type", "is_autogen", "default_version", "attachment_count", "is_attachable", "tags", "arn", "create_time", "update_time", "bp_id", "user_id", "is_base") VALUES ('6816a3a18d5045cebfa4f95ff4bd2acd', 's-SW8AJ3', '运营支撑只读权限', '运营支撑只读权限', 1, 'f', 'v1', 0, 'f', NULL, NULL, '2024-07-05 20:54:07.048+08', '2024-07-05 20:54:07.048+08', NULL, '39937079-99fe-4cd8-881f-04ca8c4fe09d', 'f');
INSERT INTO "public"."tbl_iam_policy" ("id", "name", "description", "display_name", "policy_type", "is_autogen", "default_version", "attachment_count", "is_attachable", "tags", "arn", "create_time", "update_time", "bp_id", "user_id", "is_base") VALUES ('14b2c2a9c997465da948b43144a8ea33', 's-cASgmV', '运营支撑服务所有权限', '运营支撑服务所有权限', 1, 'f', 'v1', 0, 'f', NULL, NULL, '2024-07-05 20:51:04.616+08', '2024-07-05 20:51:04.616+08', NULL, '39937079-99fe-4cd8-881f-04ca8c4fe09d', 'f');
INSERT INTO "public"."tbl_iam_policy" ("id", "name", "description", "display_name", "policy_type", "is_autogen", "default_version", "attachment_count", "is_attachable", "tags", "arn", "create_time", "update_time", "bp_id", "user_id", "is_base") VALUES ('046a4ab94f3b48ee84892b0b52af1394', 's-t9h3jC', '服务商只允许看分账记录。', '服务商权限', 1, 'f', 'v1', 0, 'f', NULL, NULL, '2024-07-05 21:03:40.89+08', '2024-07-05 21:03:40.89+08', NULL, '39937079-99fe-4cd8-881f-04ca8c4fe09d', 'f');

INSERT INTO "public"."tbl_iam_policy_version" ("policy_id", "version_id", "document", "create_time", "update_time", "description") VALUES ('14b2c2a9c997465da948b43144a8ea33', 'v1', '{"version":"","type":"rego","statement":[{"package":"","rule":"cGFja2FnZSBsbmpveWluZy5nZW5lcmF0ZWQuY29uZGl0aW9uc2V0LnJ1bGVzCgppbXBvcnQgZnV0dXJlLmtleXdvcmRzLmluCmltcG9ydCBkYXRhLmxuam95aW5nLmdlbmVyYXRlZC5hYmFjLnV0aWxzLmF0dHJpYnV0ZXMKaW1wb3J0IGRhdGEubG5qb3lpbmcuZ2VuZXJhdGVkLmNvbmRpdGlvbnNldAoKCnJ1bGVfX29zc19hbGxbYWN0aW9uXSB7CgkKCXNvbWUgYWN0aW9uIGluIGNvbmRpdGlvbnNldC5hY3Rpb25zZXRfb3NzX2FsbF9hY3Rpb25zCiAKfQ=="},{"package":"","rule":"cGFja2FnZSBsbmpveWluZy5nZW5lcmF0ZWQuY29uZGl0aW9uc2V0CgoKaW1wb3J0IGZ1dHVyZS5rZXl3b3Jkcy5pbgppbXBvcnQgZGF0YS5sbmpveWluZy5nZW5lcmF0ZWQuYWJhYy51dGlscy5hdHRyaWJ1dGVzCmltcG9ydCBkYXRhLmxuam95aW5nLmdlbmVyYXRlZC5hYmFjLnV0aWxzLl9tYXRjaGVzX2FjdGlvbnMKCmFjdGlvbnNldF9vc3NfYWxsX2FjdGlvbnNbYWN0aW9uc117CgogICAgIGFjdGlvbnMgOj0gWyJvc3M6KiJdCiAgICBfbWF0Y2hlc19hY3Rpb25zKGlucHV0LmFjdGlvbiwgYWN0aW9ucykKCn0="}]}', '2024-07-05 20:51:04.619+08', '2024-07-05 20:51:04.619+08', NULL);
INSERT INTO "public"."tbl_iam_policy_version" ("policy_id", "version_id", "document", "create_time", "update_time", "description") VALUES ('6816a3a18d5045cebfa4f95ff4bd2acd', 'v1', '{"version":"","type":"rego","statement":[{"package":"","rule":"cGFja2FnZSBsbmpveWluZy5nZW5lcmF0ZWQuY29uZGl0aW9uc2V0LnJ1bGVzCgppbXBvcnQgZnV0dXJlLmtleXdvcmRzLmluCmltcG9ydCBkYXRhLmxuam95aW5nLmdlbmVyYXRlZC5hYmFjLnV0aWxzLmF0dHJpYnV0ZXMKaW1wb3J0IGRhdGEubG5qb3lpbmcuZ2VuZXJhdGVkLmNvbmRpdGlvbnNldAoKCnJ1bGVfX29zc19yZWFkb25seV9hY2Nlc3NbYWN0aW9uXSB7CgkKCXNvbWUgYWN0aW9uIGluIGNvbmRpdGlvbnNldC5hY3Rpb25zZXRfb3NzX3JlYWRvbmx5X2FjdGlvbnMKIAp9"},{"package":"","rule":"cGFja2FnZSBsbmpveWluZy5nZW5lcmF0ZWQuY29uZGl0aW9uc2V0CgoKaW1wb3J0IGZ1dHVyZS5rZXl3b3Jkcy5pbgppbXBvcnQgZGF0YS5sbmpveWluZy5nZW5lcmF0ZWQuYWJhYy51dGlscy5hdHRyaWJ1dGVzCmltcG9ydCBkYXRhLmxuam95aW5nLmdlbmVyYXRlZC5hYmFjLnV0aWxzLl9tYXRjaGVzX2FjdGlvbnMKCgphY3Rpb25zZXRfb3NzX3JlYWRvbmx5X2FjdGlvbnMgW2FjdGlvbnNdewoKICAgICBhY3Rpb25zIDo9IFsib3NzOmdldFNldHRsZSIsCiAgICAgICAgICAgICAgICAib3NzOmdldFNldHRsZXMiLAogICAgICAgICAgICAgICAgIm9zczpnZXRQcm92aWRlciIsCiAgICAgICAgICAgICAgICAib3NzOmdldE1vbnRobHlPcmRlclN1bW1hcnkiLAogICAgICAgICAgICAgICAgIm9zczpnZXRQcm92aWRlckxpc3QiLAogICAgICAgICAgICAgICAgIm9zczpnZXRQcm92aWRlclN1bW1hcnkiLAogICAgICAgICAgICAgICAgIm9zczpnZXRTZXR0bGVSdWxlU2V0dGxlcyIsCiAgICAgICAgICAgICAgICAib3NzOmdldFNldHRsZVJ1bGVPcmRlckFtb3VudCIsCiAgICAgICAgICAgICAgICAib3NzOmdldFNldHRsZVJ1bGVTZXR0bGVBbW91bnQiLAogICAgICAgICAgICAgICAgIm9zczpnZXRTZXR0bGVSdWxlUGVyaW9kcyIsCiAgICAgICAgICAgICAgICAib3NzOmdldFNldHRsZVJ1bGVPcmRlcnMiLAogICAgICAgICAgICAgICAgIm9zczpnZXRTZXR0bGVSdWxlT3JkZXJzRXhwb3J0IiwKICAgICAgICAgICAgICAgICJvc3M6Z2V0U2V0dGxlUnVsZUxpc3QiLAogICAgICAgICAgICAgICAgIm9zczpnZXRTZXR0bGVSdWxlIl0KICAgIF9tYXRjaGVzX2FjdGlvbnMoaW5wdXQuYWN0aW9uLCBhY3Rpb25zKQp9"}]}', '2024-07-05 20:54:07.05+08', '2024-07-05 20:54:07.05+08', NULL);
INSERT INTO "public"."tbl_iam_policy_version" ("policy_id", "version_id", "document", "create_time", "update_time", "description") VALUES ('046a4ab94f3b48ee84892b0b52af1394', 'v1', '{"version":"","type":"rego","statement":[{"package":"","rule":"cGFja2FnZSBsbmpveWluZy5nZW5lcmF0ZWQuY29uZGl0aW9uc2V0LnJ1bGVzCgppbXBvcnQgZnV0dXJlLmtleXdvcmRzLmluCmltcG9ydCBkYXRhLmxuam95aW5nLmdlbmVyYXRlZC5hYmFjLnV0aWxzLmF0dHJpYnV0ZXMKaW1wb3J0IGRhdGEubG5qb3lpbmcuZ2VuZXJhdGVkLmNvbmRpdGlvbnNldAoKCnJ1bGVfX29zc19wcm92aWRlcl9hbGxbYWN0aW9uXSB7CgkKCXNvbWUgYWN0aW9uIGluIGNvbmRpdGlvbnNldC5hY3Rpb25zZXRfb3NzX3Byb3ZpZGVyX2FsbF9hY3Rpb25zCiAKfQ=="},{"package":"","rule":"cGFja2FnZSBsbmpveWluZy5nZW5lcmF0ZWQuY29uZGl0aW9uc2V0CgoKaW1wb3J0IGZ1dHVyZS5rZXl3b3Jkcy5pbgppbXBvcnQgZGF0YS5sbmpveWluZy5nZW5lcmF0ZWQuYWJhYy51dGlscy5hdHRyaWJ1dGVzCmltcG9ydCBkYXRhLmxuam95aW5nLmdlbmVyYXRlZC5hYmFjLnV0aWxzLl9tYXRjaGVzX2FjdGlvbnMKCmFjdGlvbnNldF9vc3NfcHJvdmlkZXJfYWxsX2FjdGlvbnNbYWN0aW9uc117CgogICAgIGFjdGlvbnMgOj0gWyJvc3M6Z2V0U2V0dGxlIiwKICAgICAgICAib3NzOmdldFNldHRsZXMiLAogICAgICAgICJvc3M6Z2V0TW9udGhseU9yZGVyU3VtbWFyeSIsCiAgICAgICAgIm9zczpnZXRQcm92aWRlclN1bW1hcnkiLAogICAgICAgICJvc3M6Z2V0UHJvdmlkZXIiLAogICAgICAgICJvc3M6Z2V0UHJvdmlkZXJMaXN0IiwKICAgICAgICAib3NzOmdldENvbXB1dGVSZXNvdXJjZUxpc3QyIiwKICAgICAgICAKICAgICAgICAib3NzOmdldEdwdVN0YXRpc3RpYyIsCiAgICAgICAgIm9zczpnZXRHcHVVc2FnZSIsCiAgICAgICAgIm9zczpnZXRHcHVOYW1lcyIsCiAgICAgICAgIm9zczpnZXRHcHVTdGF0aXN0aWNzIl0KICAgIF9tYXRjaGVzX2FjdGlvbnMoaW5wdXQuYWN0aW9uLCBhY3Rpb25zKQoKfQ=="}]}', '2024-07-05 21:03:40.894+08', '2024-08-30 20:49:37.902+08', '服务商只允许看分账记录。');


INSERT INTO "public"."tbl_iam_attachment" ("project_id", "project_name", "principal_id", "principal_type", "target_id", "target_type", "description", "id", "attach_time", "bp_id", "user_id") VALUES (NULL, NULL, '117', 3, '14b2c2a9c997465da948b43144a8ea33', 1, NULL, '57616298e44d46bdb5a39d68e94371c0', '2024-07-05 20:59:10.91487+08', NULL, '39937079-99fe-4cd8-881f-04ca8c4fe09d');
INSERT INTO "public"."tbl_iam_attachment" ("project_id", "project_name", "principal_id", "principal_type", "target_id", "target_type", "description", "id", "attach_time", "bp_id", "user_id") VALUES (NULL, NULL, '116', 3, '046a4ab94f3b48ee84892b0b52af1394', 1, NULL, 'e369d7060b3045d4bd485020f8f6f2af', '2024-07-05 21:05:03.105531+08', NULL, '39937079-99fe-4cd8-881f-04ca8c4fe09d');

-- 20240705 update sys policy
delete from "public"."tbl_iam_policy_version" where policy_id = '81ce3af5bfb5429cb917dfe344900b27';
INSERT INTO "public"."tbl_iam_policy_version" ("policy_id", "version_id", "document", "create_time", "update_time", "description") VALUES ('81ce3af5bfb5429cb917dfe344900b27', 'v1', '{"version":"","type":"rego","statement":[{"package":"","rule":"cGFja2FnZSBsbmpveWluZy5nZW5lcmF0ZWQuY29uZGl0aW9uc2V0LnJ1bGVzCgppbXBvcnQgZnV0dXJlLmtleXdvcmRzLmluCgppbXBvcnQgZGF0YS5sbmpveWluZy5nZW5lcmF0ZWQuYWJhYy51dGlscy5hdHRyaWJ1dGVzCmltcG9ydCBkYXRhLmxuam95aW5nLmdlbmVyYXRlZC5jb25kaXRpb25zZXQKCgpydWxlX19zeXNfcmVhZG9ubHlfYWNjZXNzW2FjdGlvbl0gewoJCglzb21lIGFjdGlvbiBpbiBjb25kaXRpb25zZXQuYWN0aW9uc2V0X3N5c19yZWFkb25seV9hY3Rpb25zCiAKfQ=="},{"package":"","rule":"cGFja2FnZSBsbmpveWluZy5nZW5lcmF0ZWQuY29uZGl0aW9uc2V0CgoKaW1wb3J0IGZ1dHVyZS5rZXl3b3Jkcy5pbgppbXBvcnQgZGF0YS5sbmpveWluZy5nZW5lcmF0ZWQuYWJhYy51dGlscy5hdHRyaWJ1dGVzCmltcG9ydCBkYXRhLmxuam95aW5nLmdlbmVyYXRlZC5hYmFjLnV0aWxzLl9tYXRjaGVzX2FjdGlvbnMKCgphY3Rpb25zZXRfc3lzX3JlYWRvbmx5X2FjdGlvbnMgW2FjdGlvbnNdewoKICAgICBhY3Rpb25zIDo9IFsic3lzOmdldENvbmZpZ0xpc3QiLCAic3lzOmdldENvbmZpZyIsICJzeXM6Z2V0TGljZW5zZUluZm8iXQogICAgX21hdGNoZXNfYWN0aW9ucyhpbnB1dC5hY3Rpb24sIGFjdGlvbnMpCn0="}]}', '2023-04-14 20:35:05.821+08', '2024-07-23 15:27:32.638+08', '系统配置服务只读权限');

delete from "public"."tbl_iam_attachment" where id = '567e28b30d8d44628f5ee2c134704c9d';
INSERT INTO "public"."tbl_iam_attachment" ("project_id", "project_name", "principal_id", "principal_type", "target_id", "target_type", "description", "id", "attach_time", "bp_id", "user_id") VALUES (NULL, NULL, '102', 3, '81ce3af5bfb5429cb917dfe344900b27', 1, NULL, '567e28b30d8d44628f5ee2c134704c9d', '2024-07-22 15:40:30.362206+08', NULL, '39937079-99fe-4cd8-881f-04ca8c4fe09d');


-- 20240727 update order policy

INSERT INTO "public"."tbl_iam_policy_version" ("policy_id", "version_id", "document", "create_time", "update_time", "description") VALUES ('db4f61e3f12a456d942f12a9056f6647', 'v3', '{"version":"","type":"rego","statement":[{"package":"","rule":"cGFja2FnZSBsbmpveWluZy5nZW5lcmF0ZWQuY29uZGl0aW9uc2V0LnJ1bGVzCgppbXBvcnQgZnV0dXJlLmtleXdvcmRzLmluCmltcG9ydCBkYXRhLmxuam95aW5nLmdlbmVyYXRlZC5hYmFjLnV0aWxzLmF0dHJpYnV0ZXMKaW1wb3J0IGRhdGEubG5qb3lpbmcuZ2VuZXJhdGVkLmNvbmRpdGlvbnNldAoKCnJ1bGVfX2JpbGxfYnBbYWN0aW9uXSB7CgkKCXNvbWUgYWN0aW9uIGluIGNvbmRpdGlvbnNldC5hY3Rpb25zZXRfYmlsbF9icF9hY3Rpb25zCiAKfQ=="},{"package":"","rule":"cGFja2FnZSBsbmpveWluZy5nZW5lcmF0ZWQuY29uZGl0aW9uc2V0CgoKaW1wb3J0IGZ1dHVyZS5rZXl3b3Jkcy5pbgppbXBvcnQgZGF0YS5sbmpveWluZy5nZW5lcmF0ZWQuYWJhYy51dGlscy5hdHRyaWJ1dGVzCmltcG9ydCBkYXRhLmxuam95aW5nLmdlbmVyYXRlZC5hYmFjLnV0aWxzLl9tYXRjaGVzX2FjdGlvbnMKCmFjdGlvbnNldF9iaWxsX2JwX2FjdGlvbnNbYWN0aW9uc117CiAgICAgbm90X2FjdGlvbnMgOj0gWyJiaWxsOnVwZGF0ZUNhdGVnb3J5IiwKICAgICAgICAgICAgICAgICAgICAiYmlsbDphZGRDYXRlZ29yeSIsCiAgICAgICAgICAgICAgICAgICAgImJpbGw6ZGVsZXRlQ2F0ZWdvcnkiLAogICAgICAgICAgICAgICAgICAgICJiaWxsOmdldENhdGVnb3J5IiwKICAgICAgICAgICAgICAgICAgICAKICAgICAgICAgICAgICAgICAgICAiYmlsbDpnZXRQcm9kdWN0U3BlY0xpc3QiLAogICAgICAgICAgICAgICAgICAgICJiaWxsOmRlbGV0ZVByb2R1Y3QiLAogICAgICAgICAgICAgICAgICAgICJiaWxsOnVwZGF0ZVByb2R1Y3QiLAogICAgICAgICAgICAgICAgICAgICJiaWxsOmN0ck9yZGVyIiwKICAgICAgICAgICAgICAgICAgICAiYmlsbDphZGRPcmRlciIsCiAgICAgICAgICAgICAgICAgICAgImJpbGw6ZGVsZXRlT3JkZXIiLAogICAgICAgICAgICAgICAgICAgICJiaWxsOmRlbGV0ZU9yZGVySXRlbSIsCiAgICAgICAgICAgICAgICAgICAgImJpbGw6YWRkUHJvZHVjdCIsCiAgICAgICAgICAgICAgICAgICAgImJpbGw6Z2V0UHJvZHVjdCJdCiAgICAgbm90ICBfbWF0Y2hlc19hY3Rpb25zKGlucHV0LmFjdGlvbiwgbm90X2FjdGlvbnMpCiAgICAgYWN0aW9ucyA6PSBbImJpbGw6KiJdCiAgICBfbWF0Y2hlc19hY3Rpb25zKGlucHV0LmFjdGlvbiwgYWN0aW9ucykKICAgCgp9"}]}', '2023-09-19 19:11:08.089+08', '2024-07-27 19:48:49.775+08', '计费服务组织用户权限');
UPDATE "public"."tbl_iam_policy" SET "default_version" = 'v3'  WHERE "id" = 'db4f61e3f12a456d942f12a9056f6647';

-- 20240827 update bill policy
INSERT INTO "tbl_iam_policy_version" ("policy_id", "version_id", "document", "create_time", "update_time", "description") VALUES ('db4f61e3f12a456d942f12a9056f6647', 'v4', '{"version":"","type":"rego","statement":[{"package":"","rule":"cGFja2FnZSBsbmpveWluZy5nZW5lcmF0ZWQuY29uZGl0aW9uc2V0LnJ1bGVzCgppbXBvcnQgZnV0dXJlLmtleXdvcmRzLmluCmltcG9ydCBkYXRhLmxuam95aW5nLmdlbmVyYXRlZC5hYmFjLnV0aWxzLmF0dHJpYnV0ZXMKaW1wb3J0IGRhdGEubG5qb3lpbmcuZ2VuZXJhdGVkLmNvbmRpdGlvbnNldAoKCnJ1bGVfX2JpbGxfYnBbYWN0aW9uXSB7CgkKCXNvbWUgYWN0aW9uIGluIGNvbmRpdGlvbnNldC5hY3Rpb25zZXRfYmlsbF9icF9hY3Rpb25zCiAKfQ=="},{"package":"","rule":"cGFja2FnZSBsbmpveWluZy5nZW5lcmF0ZWQuY29uZGl0aW9uc2V0CgoKaW1wb3J0IGZ1dHVyZS5rZXl3b3Jkcy5pbgppbXBvcnQgZGF0YS5sbmpveWluZy5nZW5lcmF0ZWQuYWJhYy51dGlscy5hdHRyaWJ1dGVzCmltcG9ydCBkYXRhLmxuam95aW5nLmdlbmVyYXRlZC5hYmFjLnV0aWxzLl9tYXRjaGVzX2FjdGlvbnMKCmFjdGlvbnNldF9iaWxsX2JwX2FjdGlvbnNbYWN0aW9uc117CiAgICAgbm90X2FjdGlvbnMgOj0gWyJiaWxsOnVwZGF0ZUNhdGVnb3J5IiwKICAgICAgICAgICAgICAgICAgICAiYmlsbDphZGRDYXRlZ29yeSIsCiAgICAgICAgICAgICAgICAgICAgImJpbGw6ZGVsZXRlQ2F0ZWdvcnkiLAogICAgICAgICAgICAgICAgICAgICJiaWxsOmdldENhdGVnb3J5IiwKICAgICAgICAgICAgICAgICAgICAiYmlsbDp1cGRhdGVEaXNjb3VudCIsCiAgICAgICAgICAgICAgICAgICAgImJpbGw6Z2V0RGlzY291bnQiLAogICAgICAgICAgICAgICAgICAgICJiaWxsOmdldERpc2NvdW50TGlzdCIsCiAgICAgICAgICAgICAgICAgICAgImJpbGw6ZGVsZXRlRGlzY291bnQiLAogICAgICAgICAgICAgICAgICAgICJiaWxsOmFkZERpc2NvdW50IiwKICAgICAgICAgICAgICAgICAgICAiYmlsbDpnZXRQcm9kdWN0U3BlY0xpc3QiLAogICAgICAgICAgICAgICAgICAgICJiaWxsOmRlbGV0ZVByb2R1Y3QiLAogICAgICAgICAgICAgICAgICAgICJiaWxsOnVwZGF0ZVByb2R1Y3QiLAogICAgICAgICAgICAgICAgICAgICJiaWxsOmN0ck9yZGVyIiwKICAgICAgICAgICAgICAgICAgICAiYmlsbDphZGRPcmRlciIsCiAgICAgICAgICAgICAgICAgICAgImJpbGw6ZGVsZXRlT3JkZXIiLAogICAgICAgICAgICAgICAgICAgICJiaWxsOmRlbGV0ZU9yZGVySXRlbSIsCiAgICAgICAgICAgICAgICAgICAgImJpbGw6YWRkUHJvZHVjdCIsCiAgICAgICAgICAgICAgICAgICAgImJpbGw6Z2V0UHJvZHVjdCJdCiAgICAgbm90ICBfbWF0Y2hlc19hY3Rpb25zKGlucHV0LmFjdGlvbiwgbm90X2FjdGlvbnMpCiAgICAgYWN0aW9ucyA6PSBbImJpbGw6KiJdCiAgICBfbWF0Y2hlc19hY3Rpb25zKGlucHV0LmFjdGlvbiwgYWN0aW9ucykKICAgCgp9"}]}', '2023-09-19 19:11:08.089+08', '2024-08-27 15:47:28.465+08', '计费服务组织用户权限');
UPDATE "public"."tbl_iam_policy" SET "default_version" = 'v4'  WHERE "id" = 'db4f61e3f12a456d942f12a9056f6647';

-- 20240907 update aos helm policy
INSERT INTO "tbl_iam_policy_version" ("policy_id", "version_id", "document", "create_time", "update_time", "description") VALUES ('4ab45b4573ce4b96b582fb049400e0a8', 'v2', '{"version":"","type":"rego","statement":[{"package":"","rule":"cGFja2FnZSBsbmpveWluZy5nZW5lcmF0ZWQuY29uZGl0aW9uc2V0LnJ1bGVzCgppbXBvcnQgZnV0dXJlLmtleXdvcmRzLmluCgppbXBvcnQgZGF0YS5sbmpveWluZy5nZW5lcmF0ZWQuYWJhYy51dGlscy5hdHRyaWJ1dGVzCmltcG9ydCBkYXRhLmxuam95aW5nLmdlbmVyYXRlZC5jb25kaXRpb25zZXQKCgpydWxlX19hb3NfYWxsW2FjdGlvbl0gewoJCglzb21lIGFjdGlvbiBpbiBjb25kaXRpb25zZXQuYWN0aW9uc2V0X2Fvc19hbGxfYWN0aW9ucwogCn0="},{"package":"","rule":"cGFja2FnZSBsbmpveWluZy5nZW5lcmF0ZWQuY29uZGl0aW9uc2V0CgoKaW1wb3J0IGZ1dHVyZS5rZXl3b3Jkcy5pbgppbXBvcnQgZGF0YS5sbmpveWluZy5nZW5lcmF0ZWQuYWJhYy51dGlscy5hdHRyaWJ1dGVzCmltcG9ydCBkYXRhLmxuam95aW5nLmdlbmVyYXRlZC5hYmFjLnV0aWxzLl9tYXRjaGVzX2FjdGlvbnMKCmFjdGlvbnNldF9hb3NfYWxsX2FjdGlvbnNbYWN0aW9uc117CiAgICBub3RfYWN0aW9ucyA6PSBbImFvczphZGRSZXBvIiwKCQkJCQkiYW9zOmltcG9ydENoYXJ0cyIsCgkJCQkJImFvczpkZWxldGVDaGFydCIsCiAgICAgICAgICAgICAgICAgICAgImFvczpkZWxldGVSZXBvIl0KCW5vdCAgX21hdGNoZXNfYWN0aW9ucyhpbnB1dC5hY3Rpb24sIG5vdF9hY3Rpb25zKQoKICAgICBhY3Rpb25zIDo9IFsiYW9zOioiXQogICAgX21hdGNoZXNfYWN0aW9ucyhpbnB1dC5hY3Rpb24sIGFjdGlvbnMpCn0="}]}', '2023-04-14 20:26:44.532+08', '2024-09-07 17:18:00.925+08', '应用服务所有权限');
UPDATE "public"."tbl_iam_policy" SET "default_version" = 'v2'  WHERE "id" = '4ab45b4573ce4b96b582fb049400e0a8';

-- 20241211 update cmp eip policy
INSERT INTO "tbl_iam_policy_version" ("policy_id", "version_id", "document", "create_time", "update_time", "description") VALUES ('a9db49b87a6442a28db589085f2bab9b', 'v2', '{"version":"","type":"rego","statement":[{"package":"","rule":"cGFja2FnZSBsbmpveWluZy5nZW5lcmF0ZWQuY29uZGl0aW9uc2V0LnJ1bGVzCgppbXBvcnQgZnV0dXJlLmtleXdvcmRzLmluCmltcG9ydCBkYXRhLmxuam95aW5nLmdlbmVyYXRlZC5hYmFjLnV0aWxzLmF0dHJpYnV0ZXMKaW1wb3J0IGRhdGEubG5qb3lpbmcuZ2VuZXJhdGVkLmNvbmRpdGlvbnNldAoKCnJ1bGVfX2NtcF9hbGxbYWN0aW9uXSB7CgkKCXNvbWUgYWN0aW9uIGluIGNvbmRpdGlvbnNldC5hY3Rpb25zZXRfY21wX2FsbF9hY3Rpb25zCiAKfQ=="},{"package":"","rule":"cGFja2FnZSBsbmpveWluZy5nZW5lcmF0ZWQuY29uZGl0aW9uc2V0CgoKaW1wb3J0IGZ1dHVyZS5rZXl3b3Jkcy5pbgppbXBvcnQgZGF0YS5sbmpveWluZy5nZW5lcmF0ZWQuYWJhYy51dGlscy5hdHRyaWJ1dGVzCmltcG9ydCBkYXRhLmxuam95aW5nLmdlbmVyYXRlZC5hYmFjLnV0aWxzLl9tYXRjaGVzX2FjdGlvbnMKCmFjdGlvbnNldF9jbXBfYWxsX2FjdGlvbnNbYWN0aW9uc117CgogICAgIGFjdGlvbnMgOj0gWwojb3NfZXh0X3JvdXRlcgoiY21wOmdldFJvdXRlcnMiLAoiY21wOnVwZGF0ZVJvdXRlciIsCiJjbXA6Z2V0Um91dGVyRGV0YWlscyIsCgojZXNfZXh0X2ZpcmV3YWxsX3BvbGljeQoiY21wOmdldEZpcmV3YWxsUG9saWNpZXMiLAoKI25zX3Jlc291cmNlX3N0YXQKImNtcDpnZXRWbUNvdW50IiwKImNtcDpnZXRNZW1TdGF0cyIsCiJjbXA6Z2V0Q3B1U3RhdHMiLAoiY21wOmdldFZtU3RhdHMiLAoiY21wOmdldFJlc291cmNlU3RhdHMiLAoiY21wOmdldFN0b3JhZ2VTdGF0cyIsCiJjbXA6Z2V0VXNlclN0b3JhZ2VTdGF0cyIsCgojbnNfaHlwZXJ2aXNvcl9ub2RlCiJjbXA6Z2V0SHlwZXJ2aXNvck5vZGUiLAoj4oCdY21wOmFkZEh5cGVydmlzb3JOb2RlIiwKI+KAnWNtcDp1cGRhdGVIeXBlcnZpc29yTm9kZSIsCiJjbXA6Z2V0SHlwZXJ2aXNvck5vZGVzIiwKI+KAnWNtcDpyZW1vdmVIeXBlcnZpc29yTm9kZSIsCiJjbXA6Z2V0UmVzb3VyY2VBbGxvY2F0aW9uIiwKCiNvc19leHRfa2V5cGFpcgoiY21wOmdldEtleXBhaXJzIiwKCiNuc19mbGF2b3IKImNtcDpnZXRHcHVGbGF2b3JzIiwKI+KAnWNtcDp1cGRhdGVGbGF2b3JOYW1lIiwKI+KAnWNtcDpyZW1vdmVGbGF2b3IiLAoiY21wOmdldEZsYXZvcnMiLAoiY21wOmdldG13YXhmbGF2b3JpbmZvIiwKImNtcDpnZXRGbGF2b3IiLAoj4oCdY21wOmNyZWF0ZUZsYXZvciIsCgojbnNfdm1faW5zdGFuY2UKImNtcDpnZXRWbUluc3RhbmNlRGV0YWlsSW5mbyIsCiJjbXA6Ym91bmRTZ3MiLAoiY21wOnJlc2V0SW5zdGFuY2UiLAoiY21wOmF0dGFjaFZvbHVtZXNzIiwKImNtcDpyZW1vdmVJbnN0YW5jZSIsCiJjbXA6cmVuZXdPcmRlcihuc192bV9pbnN0YW5jZSkiLAoiY21wOnVwZGF0ZUJvdW5kU2dzIiwKImNtcDpyZXN0YXJ0SW5zdGFuY2UiLAoiY21wOnBvd2Vyb2ZmSW5zdGFuY2UiLAoiY21wOmNyZWF0ZVZtSW5zdGFuY2UiLAoiY21wOmdldEluc3RhbmNlcyIsCiJjbXA6dXBkYXRlSW5zdGFuY2UiLAoiY21wOmdldFZuY0luZm8iLAoiY21wOmlzSW5qZWN0ZWQiLAoiY21wOmNyZWF0ZVZtSW5zdGFuY2VzIiwKImNtcDpyZW5ld1ZtSW5zdGFuY2UiLAoiY21wOnBvd2Vyb25JbnN0YW5jZSIsCiJjbXA6Z2V0SW5zdGFuY2VJZEZyb21BZ2VudCIsCiJjbXA6bWlncmF0ZVZtSW5zdGFuY2UiLAoiY21wOmdldFNuYXBzVHJlZSIsCgojb3NfZXh0X3ZvbHVtZV9iYWNrdXAKImNtcDpnZXRCYWNrdXBzV2l0aERldGFpbHMiLAoiY21wOmdldEJhY2t1cERldGFpbHMiLAoKI25zX2VpcF9tYXAKImNtcDpwb3N0UG9ydE1hcHMiLAoiY21wOnVwZGF0ZVBvcnRNYXAiLAoiY21wOmdldFBvcnRNYXAiLAoiY21wOmRlbFBvcnRNYXAiLAoiY21wOmdldFBvcnRNYXBzIiwKImNtcDp1cGRhdGVQb3J0TWFwTmFtZSIsCgojb3Nfdm9sdW1lX2JhY2t1cAoiY21wOnJlbW92ZUJhY2t1cCIsCiJjbXA6Z2V0QmFja3Vwc1dpdGhEZXRhaWxzKG9zX3ZvbHVtZV9iYWNrdXApIiwKImNtcDphZGRCYWNrdXAiLAoiY21wOnJlc3RvcmVCYWNrdXAiLAoiY21wOmdldEJhY2t1cERldGFpbHMob3Nfdm9sdW1lX2JhY2t1cCkiLAoiY21wOmdldEJhY2t1cHMiLAoiY21wOnVwZGF0ZUJhY2t1cCIsCgojb3NfZXh0X3NlcnZlcgoiY21wOmdldFJlYnVpbGRTZXJ2ZXJJbWFnZXMiLAoiY21wOmdldFNlcnZlck9zSW50ZXJmYWNlcyIsCiJjbXA6Z2V0U2VydmVyRGV0YWlscyIsCiJjbXA6Z2V0U2VydmVyVm9sdW1lQXR0YWNobWVudHMiLAoiY21wOnJlbmV3T3JkZXIiLAoiY21wOmFjdGlvblNlcnZlciIsCiJjbXA6Z2V0U2VydmVyc0RldGFpbGVkIiwKCiNuc192b2x1bWVfc25hcAoiY21wOmdldFZvbHVtZVNuYXAiLAoiY21wOmdldFZvbHVtZVNuYXBzIiwKImNtcDp1cGRhdGVWb2x1bWUobnNfdm9sdW1lX3NuYXApIiwKImNtcDpyZW1vdmVWb2x1bWVTbmFwIiwKImNtcDpjcmVhdGVWb2x1bWVTbmFwIiwKImNtcDpzd2l0Y2hWb2x1bWUiLAoKI25zX3BjaV9kZXZpY2UKImNtcDpkZXRhY2hWb2x1bWUobnNfcGNpX2RldmljZSkiLAoiY21wOmdldEF2YWlsYWJsZU5vZGVzIiwKImNtcDphdHRhY2hEZXZpY2UiLAoiY21wOmdldERldmljZXMiLAoiY21wOmdldEF2YWlsYWJsZURldmljZXMiLAoKI25zX3ZtX3NuYXAKImNtcDpnZXRTbmFwcyIsCiJjbXA6c3dpdGNoVm1TbmFwIiwKImNtcDp1cGRhdGVTbmFwIiwKImNtcDpyZW1vdmVTbmFwIiwKImNtcDpjcmVhdGVWbVNuYXAiLAoiY21wOmdldFZtU25hcERldGFpbEluZm8iLAoKI2VzX3NlcnZlcgoiY21wOnJlbW92ZVNlcnZlcihlc19zZXJ2ZXIpIiwKCiNvc192b2x1bWUKImNtcDpnZXRWb2x1bWVzV2l0aERldGFpbHMiLAoiY21wOmFjdGlvblZvbHVtZSIsCiJjbXA6dXBkYXRlVm9sdW1lKG9zX3ZvbHVtZSkiLAoiY21wOmFkZFZvbHVtZSIsCiJjbXA6Z2V0Vm9sdW1lcyhvc192b2x1bWUpIiwKImNtcDpyZW1vdmVWb2x1bWUob3Nfdm9sdW1lKSIsCiJjbXA6Z2V0Vm9sdW1lRGV0YWlscyIsCgojb3NfbmV0d29yawoiY21wOmdldE5ldHdvcmtEZXRhaWxzIiwKImNtcDphZGROZXR3b3JrIiwKImNtcDp1cGRhdGVOZXR3b3JrIiwKImNtcDpnZXROZXR3b3JrcyIsCiJjbXA6cmVtb3ZlTmV0d29yayIsCgojb3Nfc3VibmV0CiJjbXA6YWRkU3VibmV0IiwKImNtcDpnZXRTdWJuZXREZXRhaWxzIiwKImNtcDp1cGRhdGVTdWJuZXQob3Nfc3VibmV0KSIsCiJjbXA6Z2V0U3VibmV0cyhvc19zdWJuZXQpIiwKImNtcDpyZW1vdmVTdWJuZXQob3Nfc3VibmV0KSIsCgojbnNfc2VjdXJpdHlfZ3JvdXAKImNtcDp1cGRhdGVSdWxlIiwKImNtcDp1cGRhdGVTZyIsCiJjbXA6YWRkU2dSdWxlIiwKImNtcDpyZW1vdmVTZyIsCiJjbXA6dW5ib3VuZFZtSW5zdGFuY2UiLAoiY21wOmRlbGV0ZVJ1bGUiLAoiY21wOmdldFNlY3VyaXR5R3JvdXBEZXRhaWxJbmZvIiwKImNtcDpib3VuZFZtSW5zdGFuY2UiLAoiY21wOmFkZFNnIiwKImNtcDpnZXRTZ3MiLAoKI25zX3N1Ym5ldAoiY21wOnJlbW92ZVN1Ym5ldCIsCiJjbXA6Z2V0U3VibmV0IiwKImNtcDpnZXRTdWJuZXRDb3VudCIsCiJjbXA6Z2V0U3VibmV0cyIsCiJjbXA6Z2V0VmlwcyIsCiJjbXA6cG9zdFN1Ym5ldCIsCiJjbXA6dXBkYXRlU3VibmV0IiwKCiNvc19mbGF2b3IKImNtcDpnZXRGbGF2b3JzKG9zX2ZsYXZvcikiLAoj4oCdY21wOnJlbW92ZUZsYXZvcihvc19mbGF2b3IpIiwKI+KAnWNtcDphZGRGbGF2b3IiLAoj4oCdY21wOnVwZGF0ZUZsYXZvciIsCiJjbXA6Z2V0Rmxhdm9yKG9zX2ZsYXZvcikiLAoiY21wOmdldEZsYXZvcnNXaXRoRGV0YWlscyIsCgojb3Nfa2V5cGFpcgoiY21wOmdldEtleXBhaXJzKG9zX2tleXBhaXIpIiwKImNtcDpnZXRLZXlwYWlyRGV0YWlscyIsCiJjbXA6cmVtb3ZlS2V5cGFpciIsCiJjbXA6YWRkS2V5cGFpciIsCgojb3NfaW1hZ2UKImNtcDpnZXRJbWFnZXMob3NfaW1hZ2UpIiwKImNtcDpyZW1vdmVJbWFnZShvc19pbWFnZSkiLAoiY21wOmdldEltYWdlKG9zX2ltYWdlKSIsCiJjbXA6YWRkSW1hZ2UiLAoKI2VzX2ZpcmV3YWxsX3BvbGljeQoiY21wOmFkZEZpcmV3YWxsUnVsZVRvUG9saWN5IiwKImNtcDpnZXRGaXJld2FsbFBvbGljaWVzKGVzX2ZpcmV3YWxsX3BvbGljeSkiLAoiY21wOnJlbW92ZUZpcmV3YWxsUnVsZUZyb21Qb2xpY3kiLAoiY21wOnVwZGF0ZUZpcmV3YWxsUG9saWN5IiwKImNtcDphZGRGaXJld2FsbFBvbGljeSIsCiJjbXA6Z2V0RmlyZXdhbGxQb2xpY3kiLAoiY21wOnJlbW92ZUZpcmV3YWxsUG9saWN5IiwKCiNvc19zZWN1cml0eWdyb3VwCiJjbXA6YWRkU2VjdXJpdHlHcm91cCIsCiJjbXA6Z2V0U2VjdXJpdHlHcm91cERldGFpbHMiLAoiY21wOnJlbW92ZVNlY3VyaXR5R3JvdXAiLAoiY21wOmdldFNlY3VyaXR5R3JvdXBzIiwKImNtcDp1cGRhdGVTZWN1cml0eUdyb3VwIiwKCiNuc19iYXJlbWV0YWxfZGV2aWNlCiJjbXA6Z2V0QmFyZW1ldGFsRGV2aWNlIiwKImNtcDpyZW1vdmVCYXJlbWV0YWxEZXZpY2UiLAoiY21wOmdldEJhcmVtZXRhbEF2YWlsYWJsZURldmljZSIsCiJjbXA6Z2V0QmFyZW1ldGFsRGV2aWNlQ29uZmlncyIsCiJjbXA6dXBkYXRlSW5zdGFuY2UobnNfYmFyZW1ldGFsX2RldmljZSkiLAoiY21wOmFkZEJhcmVtZXRhbERldmljZSIsCiJjbXA6Z2V0QmFyZW1ldGFsRGV2aWNlcyIsCgojbnNfdnBjCiJjbXA6cG9zdFZwYyIsCiJjbXA6cmVtb3ZlVnBjIiwKImNtcDpnZXROZXRTdGF0cyIsCiJjbXA6Z2V0VnBjcyIsCiJjbXA6Z2V0QWRtaW5Ub3BvbG9neSIsCiJjbXA6dXBkYXRlVnBjIiwKImNtcDpnZXRWcGMiLAoiY21wOmdldFZwY0NvdW50IiwKCiNvc19wb3J0CiJjbXA6Z2V0UG9ydERldGFpbHMiLAoiY21wOmFkZFBvcnQiLAoiY21wOnVwZGF0ZVBvcnQiLAoiY21wOnJlbW92ZVBvcnQiLAoiY21wOmdldFBvcnRzIiwKCiNjbXBkZWZhdWx0CiJjbXA6ZGVmYXVsdFB1dFJlcXVlc3QiLAoiY21wOmRlZmF1bHRQb3N0UmVxdWVzdCIsCiJjbXA6ZGVmYXVsdERlbGV0ZVJlcXVlc3QiLAoiY21wOmRlZmF1bHRHZXRSZXF1ZXN0IiwKCiNuc19laXBfcG9vbAoiY21wOmdldEVpcFBvb2xzIiwKI+KAnWNtcDphZGRFaXBQb29sIiwKI+KAnWNtcDp1cGRhdGVFaXBQb29sIiwKI+KAnWNtcDpyZW1vdmVFaXBQb29sIiwKImNtcDpnZXRFaXBQb29sIiwKCiNlc19leHRfcm91dGVyCiJjbXA6Z2V0Um91dGVyRGV0YWlscyhlc19leHRfcm91dGVyKSIsCiJjbXA6Z2V0Um91dGVycyhlc19leHRfcm91dGVyKSIsCgojbnNfYmFyZW1ldGFsX2luc3RhbmNlCiJjbXA6Z2V0QmFyZW1ldGFsSW5zdGFuY2VzIiwKImNtcDpnZXRCbVN0YXRzIiwKImNtcDpwb3dlcm9uQmFyZW1ldGFsSW5zdGFuY2UiLAoiY21wOmdldEJhcmVtZXRhbEluc3RhbmNlIiwKImNtcDphZGRCYXJlbWV0YWxJbnN0YW5jZSIsCiJjbXA6cG93ZXJvZmZCYXJlbWV0YWxJbnN0YW5jZSIsCiJjbXA6cmVzZXRCYXJlbWV0YWxJbnN0YW5jZSIsCiJjbXA6cmVib290QmFyZW1ldGFsSW5zdGFuY2UiLAoiY21wOnVwZGF0ZUJhcmVtZXRhbEluc3RhbmNlIiwKImNtcDpyZW9tdmVCYXJlbWV0YWxJbnN0YW5jZSIsCgojb3NfZXh0X3N1Ym5ldAoiY21wOmdldFN1Ym5ldHMob3NfZXh0X3N1Ym5ldCkiLAoKI29zX2V4dF92b2x1bWUKImNtcDpnZXRWb2x1bWVzV2l0aERldGFpbHMob3NfZXh0X3ZvbHVtZSkiLAoiY21wOnJlbmV3T3JkZXIob3NfZXh0X3ZvbHVtZSkiLAoiY21wOmdldFZvbHVtZURldGFpbHMob3NfZXh0X3ZvbHVtZSkiLAoKI29zX3ZvbHVtZV90eXBlCiJjbXA6Z2V0Vm9sdW1lVHlwZXNXaXRoRGV0YWlscyIsCgojb3NfZXh0X3NlY3VyaXR5Z3JvdXAKImNtcDpnZXRTZWN1cml0eUdyb3Vwcyhvc19leHRfc2VjdXJpdHlncm91cCkiLAoKI2VzX2V4dF9zZXJ2ZXIKImNtcDpnZXRTZXJ2ZXJzRGV0YWlsZWQoZXNfZXh0X3NlcnZlcikiLAoKI29zX2V4dF92b2x1bWVfdHlwZQoiY21wOmdldFZvbHVtZVR5cGVzV2l0aERldGFpbHMob3NfZXh0X3ZvbHVtZV90eXBlKSIsCgojb3NfZmxvYXRpbmdpcAoiY21wOmdldFBvcnRGb3J3YXJkaW5nIiwKImNtcDphZGRQb3J0Rm9yd2FyZGluZyIsCiJjbXA6cmVtb3ZlRmxvYXRpbmdJUCIsCiJjbXA6dXBkYXRlRmxvYXRpbmdJUCIsCiJjbXA6dXBkYXRlUG9ydEZvcndhcmRpbmciLAoiY21wOmdldFBvcnRGb3J3YXJkaW5ncyIsCiJjbXA6cmVtb3ZlUG9ydEZvcndhcmRpbmciLAoiY21wOmdldEZsb2F0aW5nSVBEZXRhaWxzIiwKImNtcDpnZXRGbG9hdGluZ0lQcyIsCiJjbXA6YWRkRmxvYXRpbmdJUCIsCgojbnNfc3RvcmFnZV9wb29sCiJjbXA6Z2V0U3RvcmFnZVBvb2xzIiwKImNtcDpnZXRTdG9yYWdlUG9vbCIsCiPigJ1jbXA6dXBkYXRlU3RvcmFnZVBvb2wiLAoKI2VzX2V4dF9maXJld2FsbF9ydWxlCiJjbXA6Z2V0RmlyZXdhbGxSdWxlcyIsCgojZXNfZmlyZXdhbGwKImNtcDpnZXRGaXJld2FsbCIsCiJjbXA6dXBkYXRlRmlyZXdhbGwiLAoiY21wOmFkZEZpcmV3YWxsIiwKImNtcDpnZXRGaXJld2FsbHMiLAoiY21wOnJlbW92ZUZpcmV3YWxsIiwKCiNuc192b2x1bWUKImNtcDpleHBvcnRWb2x1bWUiLAoiY21wOmNyZWF0ZVZvbHVtZSIsCiJjbXA6cmVtb3ZlVm9sdW1lIiwKImNtcDpnZXRWb2x1bWVzIiwKImNtcDpnZXRWb2x1bWUiLAoiY21wOmF0dGFjaFZvbHVtZSIsCiJjbXA6ZGV0YWNoVm9sdW1lIiwKImNtcDpyZW5ld09yZGVyKG5zX3ZvbHVtZSkiLAoiY21wOnVwZGF0ZVZvbHVtZSIsCiJjbXA6Z2V0UmVjeWNsZVZvbHVtZXMiLAoKI29zX3ZvbHVtZV9zbmFwc2hvdAoiY21wOmdldFNuYXBzaG90RGV0YWlscyhvc192b2x1bWVfc25hcHNob3QpIiwKImNtcDp1cGRhdGVTbmFwc2hvdCIsCiJjbXA6dXBkYXRlU25hcHNob3RNZXRhZGF0YSIsCiJjbXA6cmVtb3ZlU25hcHNob3QiLAoiY21wOmFkZFNuYXBzaG90TWV0YWRhdGEiLAoiY21wOmdldFNuYXBzaG90c1dpdGhEZXRhaWxzKG9zX3ZvbHVtZV9zbmFwc2hvdCkiLAoiY21wOmdldFNuYXBzaG90TWV0YWRhdGEiLAoiY21wOmdldFNuYXBzaG90cyIsCiJjbXA6YWRkU25hcHNob3QiLAoKI29zX2V4dF9uZXR3b3JrCiJjbXA6Z2V0TmV0d29ya3Mob3NfZXh0X25ldHdvcmspIiwKCiNvc19leHRfZmxhdm9yCiJjbXA6Z2V0Rmxhdm9yc1dpdGhEZXRhaWxzKG9zX2V4dF9mbGF2b3IpIiwKCiNvc19zZWdtZW50CiJjbXA6Z2V0U2VnbWVudHMiLAoKI29zX2V4dF9wb3J0CiJjbXA6Z2V0UG9ydHMob3NfZXh0X3BvcnQpIiwKImNtcDpnZXRQb3J0RGV0YWlscyhvc19leHRfcG9ydCkiLAoKI29zX2xpbWl0CiJjbXA6Z2V0TGltaXRzIiwKCiNvc19leHRfc2VjdXJpdHlncm91cF9ydWxlCiJjbXA6Z2V0U2VjdXJpdHlHcm91cFJ1bGVzKG9zX2V4dF9zZWN1cml0eWdyb3VwX3J1bGUpIiwKCiNjbG91ZAoiY21wOmdldENsb3VkcyIsCiJjbXA6cGluZ0Nsb3VkVXJsIiwKI+KAnWNtcDphZGRDbG91ZCIsCiPigJ1jbXA6dXBkYXRlQ2xvdWQiLAoj4oCdY21wOmRlbGV0ZUNsb3VkIiwKImNtcDpnZXRDbG91ZHNCYXNpY0luZm8iLAoj4oCdY21wOnN5bmNDbG91ZERhdGEiLAoKI29zX2V4dF9pbWFnZQoiY21wOmdldEltYWdlcyIsCgojbnNfcHVia2V5CiJjbXA6Y3JlYXRlS2V5UGFpciIsCiJjbXA6dXBkYXRlUHVia2V5IiwKImNtcDpnZXRQdWJrZXkiLAoiY21wOnJlbW92ZVB1YmtleSIsCiJjbXA6dXBsb2FkUHVia2V5IiwKImNtcDpnZXRQdWJrZXlzIiwKCiNvc19yb3V0ZXIKImNtcDphZGRSb3V0ZXIiLAoiY21wOmdldFJvdXRlckRldGFpbHMob3Nfcm91dGVyKSIsCiJjbXA6cmVtb3ZlSW50ZXJmYWNlRnJvbVJvdXRlciIsCiJjbXA6dXBkYXRlUm91dGVyKG9zX3JvdXRlcikiLAoiY21wOmdldFJvdXRlcnMob3Nfcm91dGVyKSIsCiJjbXA6cmVtb3ZlUm91dGVyIiwKImNtcDphZGRJbnRlcmZhY2VUb1JvdXRlciIsCgojbnNfaW5zdGFuY2VfZ3JvdXAKImNtcDpyZW1vdmVWbUluc3RhbmNlSWRGcm9tR3JvdXAiLAoiY21wOmNyZWF0ZUluc3RhbmNlR3JvdXAiLAoiY21wOmdldEdyb3VwcyIsCiJjbXA6cmVtb3ZlR3JvdXAiLAoiY21wOmdldFZtR3JvdXBEZXRhaWxJbmZvIiwKImNtcDpzd2l0Y2hWbUdyb3VwIiwKCiNvc19zZXJ2ZXIKImNtcDpnZXRTZXJ2ZXJzRGV0YWlsZWQob3Nfc2VydmVyKSIsCiJjbXA6Z2V0U2VydmVyVm9sdW1lQXR0YWNobWVudHMob3Nfc2VydmVyKSIsCiJjbXA6dXBkYXRlU2VydmVyIiwKImNtcDpnZXRTZXJ2ZXJzIiwKImNtcDphZGRTZXJ2ZXIiLAoiY21wOnJlbW92ZVNlcnZlciIsCiJjbXA6Z2V0U2VydmVyRGV0YWlscyhvc19zZXJ2ZXIpIiwKImNtcDpyZW1vdGVTZXJ2ZXIiLAoiY21wOmFjdGlvblNlcnZlcihvc19zZXJ2ZXIpIiwKCiNvc19leHRfZmxvYXRpbmdpcAoiY21wOmdldEZsb2F0aW5nSVBzKG9zX2V4dF9mbG9hdGluZ2lwKSIsCiJjbXA6Z2V0RmxvYXRpbmdJUERldGFpbHMob3NfZXh0X2Zsb2F0aW5naXApIiwKCiNvc19leHRfdm9sdW1lX3NuYXBzaG90CiJjbXA6Z2V0U25hcHNob3RzV2l0aERldGFpbHMiLAoiY21wOmdldFNuYXBzaG90RGV0YWlscyIsCgojZXNfZXh0X2Zsb2F0aW5naXAKImNtcDpnZXRGbG9hdGluZ0lQcyhlc19leHRfZmxvYXRpbmdpcCkiLAoKI29zX3NlY3VyaXR5Z3JvdXBfcnVsZQoiY21wOmdldFNlY3VyaXR5R3JvdXBSdWxlcyIsCiJjbXA6cmVtb3ZlU2VjdXJpdHlHcm91cFJ1bGUiLAoiY21wOmFkZFNlY3VyaXR5R3JvdXBSdWxlIiwKImNtcDpnZXRTZWN1cml0eUdyb3VwUnVsZURldGFpbHMiLAoKI25zX2VpcAoiY21wOmRlbEVpcCIsCiJjbXA6ZGV0YWNoRWlwIiwKImNtcDphcHBseUVpcCIsCiJjbXA6YXR0YWNoRWlwIiwKImNtcDpnZXRQcm90b2NvbFBvcnRzIiwKImNtcDpnZXRFaXAiLAoiY21wOmFsbG9jYXRlRWlwIiwKImNtcDpnZXRFaXBzIiwKImNtcDpwb3N0RWlwIiwKImNtcDpyZWxlYXNlRWlwIiwKImNtcDpkZXRhY2hFaXBGcm9tUG9ydCIsCiJjbXA6cmVuZXdPcmRlcihuc19laXApIiwKCiNlc19maXJld2FsbF9ydWxlCiJjbXA6Z2V0RmlyZXdhbGxSdWxlcyhlc19maXJld2FsbF9ydWxlKSIsCiJjbXA6YWRkRmlyZXdhbGxSdWxlIiwKImNtcDpyZW1vdmVGaXJld2FsbFJ1bGUiLAoiY21wOnVwZGF0ZUZpcmV3YWxsUnVsZSIsCiJjbXA6Z2V0RmlyZXdhbGxSdWxlIiwKCiNlc19leHRfZmlyZXdhbGwKImNtcDpnZXRGaXJld2FsbHMoZXNfZXh0X2ZpcmV3YWxsKSIsCgojbnNfaW1hZ2UKImNtcDpyZW1vdmVJbWFnZSIsCiJjbXA6Z2V0SW1hZ2VzKG5zX2ltYWdlKSIsCiJjbXA6Y3JlYXRlSW1hZ2UiLAoiY21wOmdldEltYWdlIiwKImNtcDp1cGRhdGVJbWFnZSJdCiAgICBfbWF0Y2hlc19hY3Rpb25zKGlucHV0LmFjdGlvbiwgYWN0aW9ucykKfQ=="}]}', '2023-04-24 10:12:21.764+08', '2024-12-11 16:46:16.83+08', '多云服务组织用户权限');
UPDATE "tbl_iam_policy" SET "default_version" = 'v2'  WHERE "id" = 'a9db49b87a6442a28db589085f2bab9b';